farmer_id,farmer_name,phone,group_id,enrolled_date
F-00001,Were Sifuna,+254783844776,G-0001,2023-09-27
F-00002,Wekesa Kagabo,+254768086755,G-0001,2024-03-11
F-00003,Okello Khaemba,+254794463972,G-0001,2023-04-17
F-00004,Wekesa Masaba,+254766498693,G-0001,2024-06-24
F-00005,Cheruiyot Khaemba,+254711691272,G-0001,2025-05-14
F-00006,Okello Rotich,+254712938006,G-0001,2023-09-12
F-00007,Nanjala Barasa,+254766171165,G-0001,2024-05-08
F-00008,Nabirye Rotich,+254744590206,G-0001,2024-04-19
F-00009,Musimenta Khaemba,+254782581148,G-0001,2023-03-24
F-00010,Kipruto Nandwa,+254745388293,G-0001,2024-09-14
F-00011,Chelimo Nandwa,+254757381837,G-0001,2025-05-22
F-00012,Okello Cherop,+254781760572,G-0001,2024-08-04
F-00013,Odhiambo Chemutai,+254780110804,G-0002,2023-10-11
F-00014,Wasswa Wangila,+254728556061,G-0002,2024-05-18
F-00015,Adhiambo Nabukenya,+254744222301,G-0002,2025-05-11
F-00016,Kiptoo Mutai,+254750104228,G-0002,2024-06-30
F-00017,Jepkosgei Okello,+254762835465,G-0002,2024-10-21
F-00018,Nasimiyu Wanyama,+254743211950,G-0002,2024-08-23
F-00019,Achieng Chemutai,+254777129104,G-0002,2025-05-11
F-00020,Kirabo Makokha,+254772932773,G-0002,2024-03-15
F-00021,Nasimiyu Makokha,+254750291199,G-0002,2024-01-31
F-00022,Nafula Wangila,+254793168232,G-0002,2024-03-04
F-00023,Atieno Otieno,+254722076572,G-0002,2024-05-30
F-00024,Mukamana Ntawukuriryayo,+254701100433,G-0002,2024-09-22
F-00025,Wekesa Sifuna,+254709779995,G-0002,2023-08-17
F-00026,Barasa Omondi,+254783678950,G-0002,2023-12-27
F-00027,Masika Watulo,+254726529096,G-0003,2025-03-04
F-00028,Otieno Hakizimana,+254727539745,G-0003,2024-02-18
F-00029,Adhiambo Okello,+254750853856,G-0003,2024-06-28
F-00030,Were Mukamurenzi,+254717004493,G-0003,2025-06-19
F-00031,Nafula Ntawukuriryayo,+254724256049,G-0003,2024-09-06
F-00032,Wanjiru Namunyu,+254716181107,G-0003,2023-10-06
F-00033,Adhiambo Situma,+254781081933,G-0003,2023-11-22
F-00034,Habimana Barasa,+254792909323,G-0003,2023-05-25
F-00035,Chepkoech Simiyu,+254723391825,G-0003,2025-06-03
F-00036,Chelimo Kirya,+254782883731,G-0003,2023-04-17
F-00037,Wanyama Bizimana,+254746835783,G-0003,2025-06-18
F-00038,Nakato Kiplagat,+254799572484,G-0003,2023-03-31
F-00039,Auma Chemutai,+254727957545,G-0003,2024-07-07
F-00040,Uwimana Ntawukuriryayo,+254750457968,G-0004,2025-04-05
F-00041,Nakato Sifuna,+254783020160,G-0004,2025-02-18
F-00042,Nanjala Wekesa,+254716790021,G-0004,2024-06-03
F-00043,Naliaka Namulundu,+254722275390,G-0004,2024-05-24
F-00044,Ingabire Ntawukuriryayo,+254771053280,G-0004,2023-07-30
F-00045,Habimana Situma,+254745007448,G-0004,2024-08-14
F-00046,Masika Otieno,+254765896683,G-0005,2024-06-04
F-00047,Jepkosgei Cherop,+254779780733,G-0005,2025-02-13
F-00048,Nanjala Ntawukuriryayo,+254772650948,G-0005,2024-06-30
F-00049,Jepkosgei Khaemba,+254795146905,G-0005,2024-04-08
F-00050,Wasswa Makokha,+254746892511,G-0005,2024-04-15
F-00051,Nafula Omondi,+254741735149,G-0005,2023-06-22
F-00052,Mukamana Simiyu,+254769996778,G-0006,2023-08-31
F-00053,Namusoke Namulundu,+254742576361,G-0006,2025-03-23
F-00054,Nasimiyu Situma,+254739636300,G-0006,2024-12-27
F-00055,Chepkoech Masaba,+254745379273,G-0006,2024-10-10
F-00056,Ingabire Wangila,+254701672534,G-0006,2023-06-13
F-00057,Mugisha Cherop,+254740422986,G-0006,2025-01-26
F-00058,Naliaka Chemutai,+254783009615,G-0007,2023-12-28
F-00059,Mugisha Mutai,+254766683967,G-0007,2023-08-22
F-00060,Nasimiyu Uwimana,+254758364502,G-0007,2025-05-06
F-00061,Habimana Kirya,+254750786446,G-0007,2024-08-03
F-00062,Nakato Kiplagat,+254757201482,G-0007,2023-11-28
F-00063,Niyonzima Barasa,+254711418886,G-0007,2025-03-14
F-00064,Amongi Wekesa,+254735762963,G-0007,2024-07-22
F-00065,Wasswa Wekesa,+254717565406,G-0007,2023-12-08
F-00066,Nakato Kirya,+254716170934,G-0007,2024-02-13
F-00067,Chelimo Khaemba,+254776153549,G-0007,2025-04-27
F-00068,Uwase Barasa,+254716283834,G-0007,2023-08-15
F-00069,Simiyu Namulundu,+254712552562,G-0007,2025-05-01
F-00070,Niyonzima Barasa,+254703554601,G-0007,2024-04-04
F-00071,Ndayisenga Hakizimana,+254754249645,G-0007,2025-06-19
F-00072,Musimenta Wafula,+254731956808,G-0008,2024-12-01
F-00073,Kipruto Cherop,+254796673626,G-0008,2024-04-23
F-00074,Habimana Omondi,+254790134609,G-0008,2025-05-06
F-00075,Kiptoo Khaemba,+254734555190,G-0008,2023-07-24
F-00076,Nakato Masaba,+254704712893,G-0008,2023-09-06
F-00077,Namusoke Cherop,+254760392765,G-0008,2023-04-10
F-00078,Musimenta Kiplagat,+254795094231,G-0008,2023-03-22
F-00079,Auma Nandwa,+254732120363,G-0008,2024-09-24
F-00080,Naliaka Ntawukuriryayo,+254700599017,G-0008,2023-07-23
F-00081,Masika Sifuna,+254747171598,G-0009,2024-07-31
F-00082,Mutesi Omondi,+254784496704,G-0009,2025-05-11
F-00083,Wanjiru Chemutai,+254739668208,G-0009,2024-03-26
F-00084,Chepkoech Chemutai,+254757004012,G-0009,2024-05-24
F-00085,Wanjiru Mutai,+254703475118,G-0009,2025-05-10
F-00086,Cheruiyot Wanyonyi,+254778471489,G-0009,2024-01-22
F-00087,Wanyama Otieno,+254723582571,G-0010,2025-05-16
F-00088,Auma Ntawukuriryayo,+254707846022,G-0010,2023-05-30
F-00089,Wasswa Nsengimana,+254784796715,G-0010,2024-01-03
F-00090,Achieng Nsengimana,+254799658882,G-0010,2023-10-07
F-00091,Mutesi Omondi,+254779150658,G-0010,2023-08-13
F-00092,Chepkoech Chemutai,+254733780884,G-0010,2023-04-30
F-00093,Simiyu Mutai,+254736691848,G-0010,2023-11-16
F-00094,Were Wanyama,+254748613541,G-0010,2025-06-12
F-00095,Mukamana Simiyu,+254735649775,G-0010,2024-08-20
F-00096,Habimana Wanyama,+254721770369,G-0011,2023-06-30
F-00097,Barasa Omondi,+254713423402,G-0011,2024-10-13
F-00098,Masika Mukamurenzi,+254769262571,G-0011,2023-09-22
F-00099,Odhiambo Wanyama,+254730138051,G-0011,2025-01-17
F-00100,Kirabo Khaemba,+254752312065,G-0011,2025-03-15
F-00101,Ingabire Kagabo,+254790422184,G-0011,2024-11-09
F-00102,Ingabire Sifuna,+254765465291,G-0011,2024-12-06
F-00103,Wanyama Masaba,+254765638309,G-0011,2025-06-06
F-00104,Atieno Otieno,+254747203668,G-0012,2024-06-02
F-00105,Nanjala Owor,+254702244295,G-0012,2023-06-08
F-00106,Wanjiru Nabukenya,+254742783637,G-0012,2023-03-02
F-00107,Ingabire Watulo,+254759752781,G-0012,2023-03-07
F-00108,Amongi Omondi,+254753910853,G-0012,2024-01-05
F-00109,Wafula Simiyu,+254725048530,G-0012,2024-01-20
F-00110,Cheruiyot Juma,+254788736805,G-0012,2024-12-22
F-00111,Kipruto Okello,+254711873642,G-0012,2024-06-22
F-00112,Musimenta Simiyu,+254705764090,G-0012,2023-12-25
F-00113,Namusoke Chemutai,+254788606860,G-0012,2023-10-29
F-00114,Ndayisenga Bizimana,+254749511995,G-0012,2025-02-24
F-00115,Kirabo Kirya,+254705862197,G-0012,2024-09-03
F-00116,Nafula Wanyama,+254766424472,G-0013,2024-06-21
F-00117,Wanjiru Cherop,+254766327261,G-0013,2023-05-17
F-00118,Nabirye Wangila,+254776374037,G-0013,2024-12-29
F-00119,Chelimo Uwimana,+254779501203,G-0013,2024-09-13
F-00120,Niyonzima Barasa,+254769087356,G-0013,2023-07-21
F-00121,Uwase Omondi,+254704066918,G-0013,2024-11-10
F-00122,Nabirye Mukamurenzi,+254764820786,G-0013,2025-03-27
F-00123,Uwase Owor,+254703587674,G-0014,2023-09-11
F-00124,Okello Kiplagat,+254784444367,G-0014,2024-11-11
F-00125,Mugisha Wanyama,+254735787753,G-0014,2025-05-05
F-00126,Cheruiyot Kagabo,+254736971181,G-0014,2023-10-07
F-00127,Wanjiru Mutai,+254776091516,G-0014,2024-03-30
F-00128,Okello Nabukenya,+254797620843,G-0014,2023-04-10
F-00129,Kiptoo Juma,+254742333975,G-0015,2024-08-13
F-00130,Nafula Khaemba,+254747617595,G-0015,2023-05-05
F-00131,Jepkosgei Wafula,+254726177841,G-0015,2023-04-21
F-00132,Amongi Masaba,+254731676290,G-0015,2023-11-19
F-00133,Amongi Uwimana,+254758854967,G-0015,2024-02-05
F-00134,Wasswa Ntawukuriryayo,+254724245371,G-0015,2023-11-08
F-00135,Wekesa Makokha,+254792290757,G-0015,2023-05-11
F-00136,Musimenta Situma,+254700965360,G-0015,2024-07-11
F-00137,Habimana Chemutai,+254743122565,G-0015,2024-08-30
F-00138,Otieno Omondi,+254772987172,G-0015,2023-08-21
F-00139,Kipruto Kiplagat,+254788103206,G-0015,2025-01-19
F-00140,Atieno Wekesa,+254716942472,G-0016,2025-01-27
F-00141,Amongi Kagabo,+254711048093,G-0016,2023-11-19
F-00142,Ingabire Uwimana,+254715219995,G-0016,2024-02-26
F-00143,Niyonzima Cherop,+254751912117,G-0016,2025-05-30
F-00144,Mugisha Namunyu,+254749620997,G-0016,2023-07-21
F-00145,Auma Rotich,+254784080167,G-0016,2025-03-29
F-00146,Auma Situma,+254799425506,G-0017,2024-05-10
F-00147,Odhiambo Ntawukuriryayo,+254748574899,G-0017,2023-12-26
F-00148,Nabirye Situma,+254791371570,G-0017,2024-08-03
F-00149,Mukamana Ntawukuriryayo,+254731869960,G-0017,2024-08-08
F-00150,Ingabire Nsengimana,+254710053874,G-0017,2023-07-31
F-00151,Mugisha Nsengimana,+254783850842,G-0017,2024-10-07
F-00152,Achieng Namulundu,+254786188774,G-0017,2024-04-05
F-00153,Mutesi Wanyama,+254726416519,G-0017,2025-05-21
F-00154,Kipruto Mukamurenzi,+254754434089,G-0017,2023-10-03
F-00155,Twagirayezu Wangila,+254795361300,G-0017,2023-09-22
F-00156,Nekesa Hakizimana,+254769658827,G-0017,2025-06-02
F-00157,Kirabo Namulundu,+254780519613,G-0017,2023-05-04
F-00158,Barasa Cherop,+254782642748,G-0017,2023-11-30
F-00159,Achieng Wekesa,+254767304614,G-0017,2024-07-07
F-00160,Nafula Otieno,+254731120808,G-0018,2024-07-30
F-00161,Kiptoo Chemutai,+254759277007,G-0018,2023-05-31
F-00162,Auma Juma,+254798632387,G-0018,2024-08-25
F-00163,Achieng Okello,+254744502379,G-0018,2025-03-13
F-00164,Jepkosgei Bizimana,+254732214508,G-0018,2024-06-25
F-00165,Barasa Juma,+254771943200,G-0018,2024-08-18
F-00166,Ndayisenga Kiplagat,+254736547012,G-0018,2023-08-19
F-00167,Twagirayezu Mukamurenzi,+254701859485,G-0018,2024-07-21
F-00168,Wasswa Wangila,+254737502960,G-0018,2024-10-08
F-00169,Otieno Namunyu,+254791429672,G-0018,2025-05-23
F-00170,Mukamana Mukamurenzi,+254745696912,G-0018,2025-01-21
F-00171,Nabirye Khaemba,+254737990195,G-0018,2024-12-24
F-00172,Were Namunyu,+254719909331,G-0019,2025-02-08
F-00173,Ndayisenga Uwimana,+254763590676,G-0019,2023-05-25
F-00174,Adhiambo Situma,+254756651785,G-0019,2025-05-26
F-00175,Okello Rotich,+254784953782,G-0019,2025-06-08
F-00176,Adhiambo Mukamurenzi,+254798206587,G-0019,2024-10-12
F-00177,Kipruto Rotich,+254732350060,G-0019,2024-09-18
F-00178,Wafula Barasa,+254793634546,G-0019,2025-03-17
F-00179,Nabirye Khaemba,+254738539942,G-0019,2024-04-01
F-00180,Ingabire Wanyonyi,+254765371299,G-0020,2024-04-03
F-00181,Habimana Mukamurenzi,+254708801902,G-0020,2025-06-06
F-00182,Wasswa Sifuna,+254755310376,G-0020,2025-05-19
F-00183,Auma Chemutai,+254721831236,G-0020,2024-05-18
F-00184,Chelimo Wafula,+254784637880,G-0020,2023-11-11
F-00185,Chelimo Situma,+254722352131,G-0020,2023-03-22
F-00186,Nafula Juma,+254786130000,G-0020,2024-05-01
F-00187,Wekesa Barasa,+254779186690,G-0021,2023-04-05
F-00188,Uwimana Wanyama,+254743288176,G-0021,2024-02-05
F-00189,Twagirayezu Makokha,+254719755674,G-0021,2025-02-08
F-00190,Cheruiyot Mukamurenzi,+254795836125,G-0021,2023-03-02
F-00191,Achieng Namunyu,+254786049845,G-0021,2023-03-05
F-00192,Namusoke Barasa,+254795828960,G-0021,2024-09-02
F-00193,Twagirayezu Otieno,+254744826792,G-0021,2023-03-13
F-00194,Nafula Rotich,+254757382830,G-0021,2023-11-06
F-00195,Ndayisenga Watulo,+254765556681,G-0022,2025-04-06
F-00196,Naliaka Ntawukuriryayo,+254749281896,G-0022,2023-05-31
F-00197,Nabirye Namunyu,+254709772360,G-0022,2024-01-21
F-00198,Nekesa Kiplagat,+254743432433,G-0022,2024-10-24
F-00199,Habimana Simiyu,+254776777970,G-0022,2024-03-27
F-00200,Nabirye Ntawukuriryayo,+254767117708,G-0022,2023-09-20
F-00201,Kiptoo Juma,+254792390574,G-0022,2023-03-23
F-00202,Uwimana Mutai,+254709984171,G-0022,2024-09-22
F-00203,Otieno Hakizimana,+254796324826,G-0022,2024-09-16
F-00204,Chepkoech Nsengimana,+254726937775,G-0022,2023-04-14
F-00205,Masika Kiplagat,+254749147977,G-0022,2024-07-29
F-00206,Habimana Simiyu,+254741094779,G-0022,2024-07-23
F-00207,Chelimo Uwimana,+254785220278,G-0022,2025-05-16
F-00208,Wafula Barasa,+254703102556,G-0023,2024-10-18
F-00209,Habimana Owor,+254740000746,G-0023,2023-08-15
F-00210,Okello Namulundu,+254749965152,G-0023,2023-09-12
F-00211,Nafula Wafula,+254762375201,G-0023,2024-06-21
F-00212,Kipruto Mukamurenzi,+254787280143,G-0023,2025-05-08
F-00213,Habimana Makokha,+254788132513,G-0023,2024-02-29
F-00214,Nafula Masaba,+254780608710,G-0023,2023-07-31
F-00215,Simiyu Nabukenya,+254728852366,G-0024,2025-04-03
F-00216,Odhiambo Uwimana,+254746624773,G-0024,2023-11-01
F-00217,Achieng Masaba,+254736179910,G-0024,2024-01-02
F-00218,Uwimana Kirya,+254797552806,G-0024,2024-02-20
F-00219,Kirabo Namulundu,+254781518065,G-0024,2023-11-13
F-00220,Cheruiyot Mukamurenzi,+254754803205,G-0024,2024-02-07
F-00221,Okello Nabukenya,+254762392744,G-0025,2025-01-05
F-00222,Ojok Juma,+254721170113,G-0025,2023-11-23
F-00223,Masika Barasa,+254749373009,G-0025,2025-03-29
F-00224,Wanyama Watulo,+254752624955,G-0025,2024-07-13
F-00225,Ojok Wekesa,+254736063712,G-0025,2023-03-20
F-00226,Nabirye Simiyu,+254710544268,G-0025,2024-06-04
F-00227,Nabirye Masaba,+254756961266,G-0025,2024-02-13
F-00228,Odhiambo Barasa,+254790351077,G-0025,2024-12-21
F-00229,Niyonzima Khaemba,+254779182333,G-0025,2023-06-26
F-00230,Twagirayezu Wafula,+254730000115,G-0025,2024-12-19
F-00231,Auma Wanyonyi,+254794549860,G-0025,2024-05-02
F-00232,Adhiambo Okello,+254729011501,G-0025,2024-12-02
F-00233,Masika Mutai,+254701518451,G-0026,2025-05-10
F-00234,Wanyama Nandwa,+254769896984,G-0026,2023-03-29
F-00235,Kiptoo Wekesa,+254781973737,G-0026,2025-05-25
F-00236,Twagirayezu Kirya,+254712345243,G-0026,2023-11-21
F-00237,Barasa Makokha,+254711147853,G-0026,2024-12-24
F-00238,Chelimo Hakizimana,+254714237078,G-0026,2024-06-26
F-00239,Masika Juma,+254783906454,G-0026,2025-02-21
F-00240,Amongi Uwimana,+254709432153,G-0026,2024-10-27
F-00241,Ndayisenga Situma,+254773365932,G-0026,2023-04-22
F-00242,Amongi Nabukenya,+254737058634,G-0026,2025-04-13
F-00243,Atieno Makokha,+254736762293,G-0027,2023-12-11
F-00244,Amongi Wangila,+254705066033,G-0027,2023-11-07
F-00245,Otieno Masaba,+254702587357,G-0027,2025-05-01
F-00246,Atieno Namunyu,+254783619366,G-0027,2025-02-17
F-00247,Amongi Wafula,+254702691010,G-0027,2025-04-16
F-00248,Habimana Wekesa,+254732655336,G-0027,2024-07-31
F-00249,Mukamana Makokha,+254780575593,G-0028,2024-11-28
F-00250,Ojok Nandwa,+254742203492,G-0028,2024-08-12
F-00251,Atieno Kirya,+254749917340,G-0028,2023-07-31
F-00252,Nakato Cherop,+254766568723,G-0028,2025-05-01
F-00253,Ojok Wanyonyi,+254741515580,G-0028,2024-04-25
F-00254,Jepkosgei Sifuna,+254771047556,G-0028,2024-04-22
F-00255,Simiyu Khaemba,+254736566767,G-0028,2023-10-21
F-00256,Musimenta Namulundu,+254797323937,G-0028,2025-06-23
F-00257,Wanjiru Wekesa,+254738408963,G-0028,2023-04-21
F-00258,Namusoke Uwimana,+254792004405,G-0028,2023-03-05
F-00259,Habimana Nabukenya,+254777482810,G-0029,2024-12-29
F-00260,Habimana Kiplagat,+254735353499,G-0029,2024-04-08
F-00261,Kirabo Masaba,+254727507932,G-0029,2024-01-18
F-00262,Okello Masaba,+254764395787,G-0029,2023-12-12
F-00263,Simiyu Uwimana,+254708265872,G-0029,2023-08-16
F-00264,Nafula Rotich,+254738569261,G-0029,2025-01-08
F-00265,Chelimo Simiyu,+254775820161,G-0029,2024-06-02
F-00266,Kirabo Rotich,+254732443190,G-0029,2023-07-17
F-00267,Nanjala Situma,+254737153598,G-0029,2024-05-26
F-00268,Wafula Wekesa,+254743029509,G-0029,2023-06-26
F-00269,Otieno Wafula,+254738023999,G-0030,2025-06-17
F-00270,Cheruiyot Sifuna,+254703484834,G-0030,2023-03-27
F-00271,Nekesa Bizimana,+254732000325,G-0030,2023-06-25
F-00272,Jepkosgei Nandwa,+254748313682,G-0030,2024-10-01
F-00273,Ingabire Rotich,+254722126143,G-0030,2024-06-06
F-00274,Kirabo Watulo,+254772989434,G-0030,2023-11-25
F-00275,Nakato Kirya,+254766404967,G-0030,2025-05-11
F-00276,Niyonzima Khaemba,+254746695059,G-0030,2025-04-08
F-00277,Wekesa Mukamurenzi,+254710134602,G-0030,2023-04-15
F-00278,Masika Khaemba,+254744183336,G-0030,2025-01-13
F-00279,Masika Wanyama,+254760634093,G-0031,2024-07-28
F-00280,Niyonzima Namulundu,+254702893917,G-0031,2023-12-04
F-00281,Kiptoo Uwimana,+254722451798,G-0031,2024-08-29
F-00282,Otieno Wangila,+254708537655,G-0031,2024-12-29
F-00283,Were Khaemba,+254723152677,G-0031,2024-10-01
F-00284,Nekesa Masaba,+254725799307,G-0031,2023-07-29
F-00285,Odhiambo Nabukenya,+254766548805,G-0031,2024-03-24
F-00286,Kipruto Juma,+254738794615,G-0031,2025-01-17
F-00287,Naliaka Namulundu,+254737800998,G-0031,2025-02-28
F-00288,Kipruto Wekesa,+254735575815,G-0031,2025-03-22
F-00289,Nafula Watulo,+254734707966,G-0031,2024-01-26
F-00290,Ingabire Wafula,+254748889276,G-0031,2025-04-16
F-00291,Chepkoech Barasa,+254732018358,G-0031,2024-11-29
F-00292,Namusoke Cherop,+254740737144,G-0031,2023-12-18
F-00293,Kiptoo Nandwa,+254798627914,G-0032,2024-11-23
F-00294,Otieno Wanyama,+254753060566,G-0032,2023-07-01
F-00295,Auma Kagabo,+254756019092,G-0032,2023-06-28
F-00296,Nakato Ntawukuriryayo,+254796308300,G-0032,2023-06-11
F-00297,Chelimo Barasa,+254798733108,G-0032,2023-05-16
F-00298,Nafula Barasa,+254713361406,G-0032,2025-03-02
F-00299,Nabirye Rotich,+254726512032,G-0032,2023-08-20
F-00300,Atieno Otieno,+254725857240,G-0032,2023-12-22
F-00301,Wafula Nabukenya,+254720455461,G-0033,2023-06-08
F-00302,Kipruto Uwimana,+254730302956,G-0033,2025-02-15
F-00303,Ndayisenga Sifuna,+254792386485,G-0033,2023-06-24
F-00304,Auma Namunyu,+254752732440,G-0033,2023-05-13
F-00305,Wekesa Owor,+254748454170,G-0033,2024-12-10
F-00306,Cheruiyot Watulo,+254789616987,G-0033,2024-09-28
F-00307,Were Wekesa,+254776981396,G-0033,2023-07-10
F-00308,Jepkosgei Uwimana,+254771350345,G-0033,2023-03-04
F-00309,Mutesi Wangila,+254722390792,G-0033,2023-06-20
F-00310,Okello Mukamurenzi,+254710485210,G-0034,2024-02-07
F-00311,Ingabire Masaba,+254764154235,G-0034,2024-08-20
F-00312,Twagirayezu Simiyu,+254749754088,G-0034,2023-03-30
F-00313,Nakato Otieno,+254716649840,G-0034,2024-11-20
F-00314,Nasimiyu Wanyonyi,+254786712875,G-0034,2024-02-10
F-00315,Odhiambo Barasa,+254764845719,G-0034,2024-11-28
F-00316,Masika Juma,+254767332718,G-0035,2024-11-05
F-00317,Kirabo Omondi,+254763925706,G-0035,2025-04-01
F-00318,Auma Situma,+254798953171,G-0035,2024-02-27
F-00319,Wafula Kirya,+254768475198,G-0035,2024-11-29
F-00320,Habimana Owor,+254795469246,G-0035,2023-10-17
F-00321,Ingabire Nandwa,+254721245748,G-0035,2024-02-24
F-00322,Kirabo Uwimana,+254740003461,G-0035,2023-05-02
F-00323,Wanyama Khaemba,+254733331750,G-0035,2024-11-16
F-00324,Wanjiru Kirya,+254788917981,G-0035,2024-10-26
F-00325,Were Ntawukuriryayo,+254797553222,G-0035,2025-06-20
F-00326,Kiptoo Rotich,+254712631237,G-0035,2023-07-17
F-00327,Nekesa Kirya,+254795745766,G-0035,2024-10-06
F-00328,Cheruiyot Simiyu,+254735112864,G-0035,2024-11-11
F-00329,Kirabo Nandwa,+254778600679,G-0035,2024-01-22
F-00330,Twagirayezu Situma,+254725702354,G-0036,2024-01-06
F-00331,Kiptoo Ntawukuriryayo,+254716636067,G-0036,2023-12-27
F-00332,Uwase Namunyu,+254708389039,G-0036,2024-05-17
F-00333,Chepkoech Bizimana,+254798609508,G-0036,2024-03-26
F-00334,Barasa Otieno,+254729442085,G-0036,2023-10-27
F-00335,Kiptoo Khaemba,+254743905368,G-0036,2025-03-23
F-00336,Achieng Sifuna,+254784263532,G-0036,2024-02-12
F-00337,Jepkosgei Mutai,+254714687375,G-0037,2025-06-08
F-00338,Wanyama Wafula,+254735319916,G-0037,2025-05-09
F-00339,Mutesi Mukamurenzi,+254781203694,G-0037,2024-04-21
F-00340,Cheruiyot Makokha,+254749156179,G-0037,2024-07-06
F-00341,Atieno Barasa,+254767672150,G-0037,2024-03-08
F-00342,Twagirayezu Nandwa,+254729742227,G-0037,2025-02-13
F-00343,Mukamana Chemutai,+254790154132,G-0037,2024-05-30
F-00344,Kiptoo Kirya,+254727206032,G-0037,2024-12-25
F-00345,Amongi Uwimana,+254762253049,G-0037,2024-02-17
F-00346,Wanyama Watulo,+254744335482,G-0038,2024-07-24
F-00347,Habimana Nsengimana,+254717278740,G-0038,2025-05-15
F-00348,Were Mukamurenzi,+254796158052,G-0038,2024-06-06
F-00349,Chepkoech Juma,+254712757023,G-0038,2025-06-01
F-00350,Achieng Wanyama,+254702208271,G-0038,2025-03-29
F-00351,Okello Otieno,+254770322328,G-0038,2024-08-21
F-00352,Atieno Barasa,+254789783699,G-0038,2024-12-05
F-00353,Kiptoo Masaba,+254723030596,G-0038,2024-05-01
F-00354,Kipruto Simiyu,+254765952557,G-0038,2023-07-31
F-00355,Nanjala Juma,+254763990162,G-0038,2024-08-22
F-00356,Uwase Wekesa,+254796316936,G-0039,2025-04-03
F-00357,Namusoke Rotich,+254747162641,G-0039,2023-09-05
F-00358,Kipruto Barasa,+254791022571,G-0039,2025-02-28
F-00359,Uwase Barasa,+254702148278,G-0039,2024-02-21
F-00360,Musimenta Uwimana,+254781667181,G-0039,2024-09-11
F-00361,Uwase Mutai,+254786216387,G-0039,2024-12-26
F-00362,Odhiambo Nsengimana,+254737290748,G-0039,2023-10-18
F-00363,Wekesa Wanyonyi,+254738106655,G-0039,2025-02-27
F-00364,Chepkoech Situma,+254742556230,G-0039,2023-05-22
F-00365,Achieng Owor,+254776320342,G-0039,2024-02-03
F-00366,Kiptoo Ntawukuriryayo,+254713754593,G-0040,2024-02-16
F-00367,Were Nandwa,+254716921384,G-0040,2023-12-20
F-00368,Ingabire Hakizimana,+254751192592,G-0040,2023-06-02
F-00369,Barasa Namulundu,+254743563261,G-0040,2024-07-22
F-00370,Achieng Barasa,+254770862002,G-0040,2024-07-14
F-00371,Ndayisenga Mukamurenzi,+254744143621,G-0040,2024-01-29
F-00372,Niyonzima Wafula,+254763055361,G-0040,2024-08-28
F-00373,Kirabo Masaba,+254738742267,G-0040,2024-08-31
F-00374,Achieng Kirya,+254756669742,G-0040,2023-03-24
F-00375,Mugisha Wafula,+254747154747,G-0040,2024-01-02
F-00376,Naliaka Hakizimana,+254758442943,G-0041,2023-05-05
F-00377,Mutesi Okello,+254787206285,G-0041,2024-09-29
F-00378,Naliaka Barasa,+254733394583,G-0041,2023-12-16
F-00379,Ndayisenga Situma,+254748302880,G-0041,2024-06-25
F-00380,Adhiambo Kirya,+254775655608,G-0041,2024-11-24
F-00381,Chelimo Wafula,+254718394415,G-0041,2025-06-04
F-00382,Wanyama Sifuna,+254752426266,G-0042,2024-08-20
F-00383,Chepkoech Situma,+254700133415,G-0042,2023-07-25
F-00384,Wasswa Owor,+254756182808,G-0042,2023-12-21
F-00385,Wanjiru Omondi,+254751181490,G-0042,2023-09-09
F-00386,Mugisha Juma,+254749339838,G-0042,2023-11-29
F-00387,Nasimiyu Hakizimana,+254734052144,G-0042,2023-03-29
F-00388,Cheruiyot Nsengimana,+254739243836,G-0042,2025-04-07
F-00389,Mugisha Sifuna,+254786966162,G-0042,2024-06-01
F-00390,Amongi Juma,+254743023365,G-0042,2023-08-04
F-00391,Nakato Situma,+254755984918,G-0042,2023-12-31
F-00392,Namusoke Nandwa,+254714333279,G-0042,2023-07-22
F-00393,Mutesi Nabukenya,+254711251752,G-0042,2024-06-21
F-00394,Simiyu Wangila,+254787537709,G-0042,2024-09-01
F-00395,Niyonzima Nandwa,+254761296250,G-0042,2023-10-22
F-00396,Kiptoo Kirya,+254757852137,G-0043,2023-07-08
F-00397,Wanjiru Mutai,+254717905359,G-0043,2025-06-24
F-00398,Nekesa Okello,+254775848733,G-0043,2023-04-13
F-00399,Nasimiyu Okello,+254769811663,G-0043,2024-07-28
F-00400,Ingabire Bizimana,+254759881262,G-0043,2025-01-31
F-00401,Wanjiru Otieno,+254705908040,G-0043,2025-02-06
F-00402,Kiptoo Kirya,+254747039796,G-0043,2024-10-10
F-00403,Barasa Makokha,+254780593940,G-0043,2023-08-03
F-00404,Twagirayezu Kagabo,+254773349254,G-0043,2025-03-11
F-00405,Okello Cherop,+254702238472,G-0043,2023-05-10
F-00406,Wafula Wanyama,+254782538309,G-0043,2023-05-12
F-00407,Mukamana Kirya,+254708710838,G-0044,2024-03-17
F-00408,Wekesa Nandwa,+254787293801,G-0044,2024-10-05
F-00409,Mugisha Cherop,+254701086316,G-0044,2025-04-06
F-00410,Masika Namunyu,+254729000488,G-0044,2025-01-28
F-00411,Uwimana Otieno,+254795421276,G-0044,2024-07-14
F-00412,Mutesi Ntawukuriryayo,+254728144711,G-0044,2023-05-31
F-00413,Namusoke Uwimana,+254741834113,G-0044,2025-02-08
F-00414,Mutesi Kagabo,+254789632248,G-0044,2023-08-17
F-00415,Wanjiru Barasa,+254724104871,G-0044,2024-06-13
F-00416,Okello Wanyonyi,+254794307409,G-0044,2024-11-29
F-00417,Ndayisenga Wanyama,+254769954369,G-0044,2023-04-06
F-00418,Ingabire Masaba,+254700424331,G-0044,2024-01-31
F-00419,Auma Juma,+254780920372,G-0045,2025-02-03
F-00420,Nasimiyu Kiplagat,+254715514162,G-0045,2025-01-18
F-00421,Auma Namunyu,+254724233406,G-0045,2024-10-06
F-00422,Mukamana Namunyu,+254700309119,G-0045,2024-06-14
F-00423,Ndayisenga Sifuna,+254754560402,G-0045,2024-09-04
F-00424,Twagirayezu Wafula,+254768966425,G-0045,2023-10-26
F-00425,Nabirye Wanyonyi,+254743878134,G-0045,2025-05-01
F-00426,Uwase Masaba,+254784576632,G-0045,2023-12-28
F-00427,Naliaka Wafula,+254789481868,G-0045,2023-07-18
F-00428,Wanyama Rotich,+254716218518,G-0045,2023-06-11
F-00429,Chelimo Nabukenya,+254701842986,G-0045,2024-09-25
F-00430,Nakato Chemutai,+254754884067,G-0045,2024-05-11
F-00431,Naliaka Wangila,+254701036044,G-0045,2023-12-05
F-00432,Nasimiyu Mutai,+254716950312,G-0045,2024-08-11
F-00433,Nabirye Owor,+254782097118,G-0046,2025-04-04
F-00434,Uwase Situma,+254780969392,G-0046,2024-11-20
F-00435,Musimenta Kagabo,+254768067518,G-0046,2025-03-15
F-00436,Otieno Sifuna,+254751523526,G-0046,2024-03-30
F-00437,Nabirye Nabukenya,+254769742171,G-0046,2024-09-16
F-00438,Ndayisenga Namulundu,+254756392751,G-0046,2024-07-22
F-00439,Ndayisenga Wangila,+254738357477,G-0047,2025-03-04
F-00440,Nanjala Barasa,+254787889217,G-0047,2024-04-08
F-00441,Wekesa Hakizimana,+254748548270,G-0047,2023-04-13
F-00442,Odhiambo Khaemba,+254748500157,G-0047,2025-03-27
F-00443,Mutesi Omondi,+254791612427,G-0047,2025-02-16
F-00444,Okello Masaba,+254705016251,G-0047,2025-02-27
F-00445,Wekesa Simiyu,+254782398024,G-0047,2023-11-29
F-00446,Chepkoech Uwimana,+254738396595,G-0047,2023-12-13
F-00447,Nanjala Ntawukuriryayo,+254715304254,G-0047,2023-11-09
F-00448,Otieno Namunyu,+254751249842,G-0047,2023-04-07
F-00449,Kipruto Nandwa,+254750719956,G-0047,2024-04-01
F-00450,Uwase Bizimana,+254754205904,G-0047,2023-03-28
F-00451,Niyonzima Wangila,+254745703386,G-0047,2025-04-07
F-00452,Chelimo Barasa,+254740551358,G-0047,2023-08-06
F-00453,Auma Hakizimana,+254761226760,G-0048,2024-08-31
F-00454,Nasimiyu Mutai,+254747330898,G-0048,2024-07-08
F-00455,Wafula Chemutai,+254711476281,G-0048,2024-04-25
F-00456,Nafula Rotich,+254777511185,G-0048,2024-11-26
F-00457,Wanjiru Kagabo,+254720373194,G-0048,2024-05-29
F-00458,Uwase Otieno,+254721181641,G-0048,2024-02-07
F-00459,Musimenta Barasa,+254719109137,G-0048,2024-03-01
F-00460,Nabirye Barasa,+254703998501,G-0048,2025-04-21
F-00461,Wanjiru Simiyu,+254797530601,G-0049,2024-02-16
F-00462,Kirabo Wanyonyi,+254726827365,G-0049,2025-05-10
F-00463,Namusoke Mukamurenzi,+254726607808,G-0049,2024-11-09
F-00464,Uwimana Juma,+254700960420,G-0049,2023-05-04
F-00465,Nekesa Watulo,+254751668532,G-0049,2025-01-17
F-00466,Wanjiru Otieno,+254716286812,G-0049,2024-09-15
F-00467,Nafula Bizimana,+254758422982,G-0049,2023-08-14
F-00468,Mugisha Makokha,+254729836593,G-0049,2023-06-20
F-00469,Simiyu Wangila,+254725362496,G-0049,2025-04-07
F-00470,Nanjala Hakizimana,+254790035247,G-0049,2024-04-29
F-00471,Kiptoo Khaemba,+254758795985,G-0050,2023-09-24
F-00472,Nasimiyu Rotich,+254706482292,G-0050,2024-05-28
F-00473,Simiyu Wafula,+254773637819,G-0050,2025-03-24
F-00474,Uwase Khaemba,+254702739092,G-0050,2024-10-11
F-00475,Amongi Nandwa,+254796805215,G-0050,2023-05-06
F-00476,Naliaka Sifuna,+254764212495,G-0050,2023-12-05
F-00477,Auma Simiyu,+254709409059,G-0050,2023-10-17
F-00478,Masika Mutai,+254705126388,G-0050,2025-01-28
F-00479,Ndayisenga Otieno,+254751170434,G-0050,2024-02-15
F-00480,Nanjala Makokha,+254700215987,G-0050,2023-04-06
F-00481,Otieno Namunyu,+254778276827,G-0050,2023-11-29
F-00482,Niyonzima Nsengimana,+254736190001,G-0051,2024-12-05
F-00483,Auma Mukamurenzi,+254779116667,G-0051,2023-03-10
F-00484,Ojok Barasa,+254737279626,G-0051,2024-09-23
F-00485,Simiyu Sifuna,+254710745524,G-0051,2024-11-17
F-00486,Niyonzima Namulundu,+254799725102,G-0051,2024-10-04
F-00487,Wanyama Nandwa,+254776320532,G-0051,2023-11-01
F-00488,Uwimana Mukamurenzi,+254781195498,G-0051,2024-09-12
F-00489,Nekesa Khaemba,+254752791470,G-0052,2024-09-06
F-00490,Masika Juma,+254772419981,G-0052,2023-11-26
F-00491,Jepkosgei Khaemba,+254788682840,G-0052,2024-07-16
F-00492,Uwimana Kagabo,+254711937148,G-0052,2023-09-12
F-00493,Nafula Juma,+254753242544,G-0052,2024-12-06
F-00494,Masika Wangila,+254766476699,G-0052,2024-03-22
F-00495,Wanyama Masaba,+254770543294,G-0052,2024-08-16
F-00496,Kipruto Okello,+254721100027,G-0052,2023-05-05
F-00497,Okello Wafula,+254748017292,G-0052,2024-10-29
F-00498,Otieno Wanyonyi,+254765469965,G-0052,2024-10-09
F-00499,Mukamana Makokha,+254758446405,G-0052,2023-11-29
F-00500,Chelimo Nabukenya,+254726574161,G-0052,2025-05-19
F-00501,Niyonzima Wafula,+254788916867,G-0052,2024-01-07
F-00502,Nakato Nabukenya,+254702588787,G-0052,2023-06-21
F-00503,Chelimo Nabukenya,+254720215975,G-0053,2025-04-24
F-00504,Nabirye Wafula,+254775879223,G-0053,2023-03-17
F-00505,Nanjala Mutai,+254799882071,G-0053,2024-08-16
F-00506,Odhiambo Hakizimana,+254794927792,G-0053,2023-03-02
F-00507,Nekesa Namulundu,+254743804673,G-0053,2023-08-06
F-00508,Nafula Omondi,+254758800974,G-0053,2025-03-17
F-00509,Uwimana Barasa,+254756453353,G-0053,2023-07-26
F-00510,Wafula Wanyonyi,+254704717087,G-0053,2023-10-27
F-00511,Twagirayezu Nsengimana,+254767591036,G-0053,2023-10-01
F-00512,Wafula Hakizimana,+254755660974,G-0053,2024-09-20
F-00513,Kiptoo Sifuna,+254704657157,G-0053,2023-03-06
F-00514,Wasswa Makokha,+254726119594,G-0053,2024-04-16
F-00515,Wanjiru Cherop,+254799523328,G-0053,2024-10-24
F-00516,Mutesi Rotich,+254754660998,G-0054,2023-03-16
F-00517,Nasimiyu Kagabo,+254739217995,G-0054,2023-07-26
F-00518,Otieno Nandwa,+254709091929,G-0054,2023-11-22
F-00519,Niyonzima Mutai,+254755266341,G-0054,2025-03-16
F-00520,Kipruto Uwimana,+254777863835,G-0054,2023-10-19
F-00521,Ojok Otieno,+254709971828,G-0054,2024-06-06
F-00522,Twagirayezu Okello,+254726359530,G-0054,2025-06-10
F-00523,Mutesi Makokha,+254757124875,G-0054,2024-01-06
F-00524,Wekesa Rotich,+254718476936,G-0055,2023-05-09
F-00525,Otieno Okello,+254717785039,G-0055,2025-02-19
F-00526,Nafula Okello,+254765894259,G-0055,2023-07-21
F-00527,Nanjala Hakizimana,+254705447614,G-0055,2024-04-19
F-00528,Kipruto Nabukenya,+254783749092,G-0055,2023-04-10
F-00529,Cheruiyot Mutai,+254774230831,G-0055,2024-08-30
F-00530,Naliaka Masaba,+254763055746,G-0056,2023-05-05
F-00531,Nekesa Cherop,+254776537817,G-0056,2025-05-19
F-00532,Naliaka Nabukenya,+254771458386,G-0056,2023-08-02
F-00533,Wafula Wangila,+254778405277,G-0056,2024-03-01
F-00534,Ingabire Simiyu,+254773202780,G-0056,2023-03-29
F-00535,Namusoke Barasa,+254786373613,G-0056,2024-02-16
F-00536,Chelimo Mutai,+254727385563,G-0056,2024-03-12
F-00537,Jepkosgei Nabukenya,+254742217901,G-0056,2023-09-30
F-00538,Wanjiru Uwimana,+254745178314,G-0056,2024-05-04
F-00539,Kipruto Hakizimana,+254728241889,G-0056,2023-05-04
F-00540,Otieno Wafula,+254762709371,G-0056,2024-07-07
F-00541,Wafula Wanyonyi,+254791940969,G-0056,2025-02-24
F-00542,Nakato Mutai,+254758424002,G-0057,2024-10-31
F-00543,Adhiambo Wafula,+254756177047,G-0057,2023-05-28
F-00544,Adhiambo Wafula,+254763520316,G-0057,2024-04-04
F-00545,Wanjiru Masaba,+254754131157,G-0057,2025-01-11
F-00546,Nekesa Wekesa,+254781172222,G-0057,2023-05-31
F-00547,Masika Cherop,+254707260864,G-0057,2023-07-19
F-00548,Adhiambo Barasa,+254726648535,G-0057,2024-04-10
F-00549,Chelimo Kagabo,+254723720933,G-0057,2024-08-13
F-00550,Jepkosgei Masaba,+254729930258,G-0057,2024-10-19
F-00551,Namusoke Owor,+254750250293,G-0057,2023-10-13
F-00552,Nanjala Juma,+254752768269,G-0057,2023-08-21
F-00553,Nafula Wanyama,+254790841136,G-0057,2023-07-12
F-00554,Wanyama Rotich,+254766922517,G-0057,2024-08-13
F-00555,Uwimana Mutai,+254718810919,G-0057,2023-11-23
F-00556,Naliaka Masaba,+254751558997,G-0058,2025-04-21
F-00557,Were Kiplagat,+254744990484,G-0058,2025-03-19
F-00558,Chelimo Otieno,+254757364487,G-0058,2024-11-28
F-00559,Nanjala Simiyu,+254751449559,G-0058,2023-06-10
F-00560,Naliaka Cherop,+254752265634,G-0058,2023-03-09
F-00561,Uwimana Watulo,+254761056197,G-0058,2024-05-12
F-00562,Chepkoech Barasa,+254740524555,G-0058,2024-11-18
F-00563,Uwase Khaemba,+254746231236,G-0058,2023-10-15
F-00564,Naliaka Nandwa,+254742371559,G-0059,2024-08-23
F-00565,Mukamana Uwimana,+254742297053,G-0059,2023-09-10
F-00566,Adhiambo Owor,+254707777533,G-0059,2023-12-29
F-00567,Kiptoo Wanyama,+254716318497,G-0059,2024-12-21
F-00568,Naliaka Chemutai,+254772165787,G-0059,2024-07-30
F-00569,Wanjiru Bizimana,+254721491668,G-0059,2023-03-29
F-00570,Wanyama Juma,+254776637489,G-0059,2024-03-07
F-00571,Uwase Wafula,+254757795100,G-0059,2024-04-06
F-00572,Uwase Omondi,+254715115301,G-0059,2024-12-16
F-00573,Kipruto Ntawukuriryayo,+254761755935,G-0059,2023-06-24
F-00574,Namusoke Omondi,+254742420979,G-0059,2025-03-31
F-00575,Chepkoech Kagabo,+254790583162,G-0059,2023-12-20
F-00576,Atieno Kiplagat,+254797573472,G-0059,2023-06-26
F-00577,Chepkoech Wanyonyi,+254716889501,G-0060,2024-08-07
F-00578,Nasimiyu Simiyu,+254714501817,G-0060,2024-04-10
F-00579,Cheruiyot Kiplagat,+254755705662,G-0060,2023-11-20
F-00580,Wanjiru Kagabo,+254736414370,G-0060,2024-09-10
F-00581,Were Masaba,+254716589619,G-0060,2023-10-24
F-00582,Barasa Bizimana,+254733068338,G-0060,2025-01-24
F-00583,Nakato Nandwa,+254742618082,G-0060,2025-03-10
F-00584,Ingabire Ntawukuriryayo,+254764578826,G-0060,2024-03-18
F-00585,Naliaka Nsengimana,+254787054718,G-0060,2024-03-24
F-00586,Otieno Simiyu,+254736910195,G-0060,2023-03-13
F-00587,Otieno Namulundu,+254710945475,G-0060,2024-07-28
F-00588,Auma Makokha,+254731374758,G-0060,2023-12-15
F-00589,Ingabire Watulo,+254783456565,G-0061,2025-06-24
F-00590,Wasswa Wanyonyi,+254734369669,G-0061,2023-06-15
F-00591,Were Ntawukuriryayo,+254719768396,G-0061,2023-06-25
F-00592,Wekesa Namunyu,+254742830522,G-0061,2024-05-27
F-00593,Atieno Juma,+254769540844,G-0061,2023-06-17
F-00594,Okello Ntawukuriryayo,+254761660836,G-0061,2023-10-24
F-00595,Mukamana Cherop,+254710703146,G-0061,2024-04-14
F-00596,Chelimo Wanyonyi,+254709626398,G-0061,2025-01-09
F-00597,Namusoke Uwimana,+254700686643,G-0061,2023-10-05
F-00598,Barasa Bizimana,+254701747585,G-0061,2024-04-19
F-00599,Were Otieno,+254701955094,G-0061,2023-09-05
F-00600,Wanjiru Rotich,+254753455857,G-0061,2024-12-25
F-00601,Uwimana Watulo,+254742191727,G-0061,2024-12-07
F-00602,Chelimo Namunyu,+254701008800,G-0061,2024-03-04
F-00603,Mukamana Wanyonyi,+254729791381,G-0062,2024-08-12
F-00604,Nanjala Chemutai,+254774780970,G-0062,2024-04-03
F-00605,Chepkoech Nabukenya,+254725308917,G-0062,2024-12-13
F-00606,Kiptoo Wafula,+254742482754,G-0062,2024-02-23
F-00607,Nakato Kiplagat,+254792764541,G-0062,2024-12-04
F-00608,Amongi Nabukenya,+254784852775,G-0062,2024-02-16
F-00609,Adhiambo Nandwa,+254751275278,G-0062,2023-10-09
F-00610,Simiyu Bizimana,+254736325460,G-0062,2024-02-09
F-00611,Uwimana Masaba,+254725370737,G-0062,2025-06-15
F-00612,Twagirayezu Kirya,+254740100640,G-0062,2025-06-15
F-00613,Adhiambo Omondi,+254714753725,G-0062,2023-07-06
F-00614,Mugisha Sifuna,+254769024916,G-0062,2023-12-22
F-00615,Achieng Wekesa,+254732085144,G-0062,2023-06-20
F-00616,Mukamana Omondi,+254742717724,G-0062,2025-04-15
F-00617,Naliaka Situma,+254792519929,G-0063,2023-11-14
F-00618,Twagirayezu Otieno,+254766120798,G-0063,2023-07-27
F-00619,Atieno Wanyonyi,+254743993565,G-0063,2025-03-07
F-00620,Nekesa Uwimana,+254780476145,G-0063,2024-09-19
F-00621,Atieno Ntawukuriryayo,+254701795354,G-0063,2025-01-19
F-00622,Nafula Rotich,+254774614928,G-0063,2024-04-14
F-00623,Naliaka Hakizimana,+254743740341,G-0063,2025-04-22
F-00624,Kirabo Wangila,+254792674302,G-0063,2023-03-29
F-00625,Chelimo Wanyama,+254701349470,G-0063,2023-12-10
F-00626,Auma Mutai,+254754285849,G-0063,2025-01-23
F-00627,Achieng Nsengimana,+254701589209,G-0064,2023-04-22
F-00628,Wafula Wangila,+254724089845,G-0064,2025-01-08
F-00629,Wekesa Nabukenya,+254755325030,G-0064,2024-07-20
F-00630,Uwimana Namunyu,+254754368932,G-0064,2023-09-06
F-00631,Nakato Mukamurenzi,+254783175535,G-0064,2024-06-19
F-00632,Okello Masaba,+254723257511,G-0064,2025-06-23
F-00633,Nafula Masaba,+254788247994,G-0065,2024-08-17
F-00634,Chepkoech Wanyonyi,+254727595492,G-0065,2025-04-05
F-00635,Wasswa Kirya,+254798391558,G-0065,2023-03-07
F-00636,Wasswa Wanyama,+254782589773,G-0065,2024-10-25
F-00637,Habimana Rotich,+254764114624,G-0065,2023-09-13
F-00638,Ndayisenga Namunyu,+254751053549,G-0065,2023-10-04
F-00639,Twagirayezu Nabukenya,+254782445799,G-0065,2023-12-24
F-00640,Wasswa Wekesa,+254741332709,G-0065,2024-08-09
F-00641,Kiptoo Omondi,+254715355896,G-0065,2024-09-09
F-00642,Wekesa Barasa,+254749675959,G-0066,2024-01-02
F-00643,Uwase Wanyama,+254755189131,G-0066,2023-09-02
F-00644,Ingabire Owor,+254714067918,G-0066,2025-01-03
F-00645,Nabirye Wafula,+254761831408,G-0066,2024-04-19
F-00646,Nakato Nabukenya,+254791009744,G-0066,2023-03-06
F-00647,Niyonzima Sifuna,+254797951276,G-0066,2023-10-06
F-00648,Mukamana Mutai,+254756472365,G-0066,2024-01-25
F-00649,Ingabire Chemutai,+254778425847,G-0066,2024-12-08
F-00650,Musimenta Uwimana,+254788344854,G-0066,2025-02-21
F-00651,Cheruiyot Wekesa,+254748830914,G-0066,2023-05-18
F-00652,Wanyama Wangila,+254705037484,G-0067,2024-01-17
F-00653,Auma Wangila,+254768600096,G-0067,2024-10-31
F-00654,Were Kiplagat,+254759490235,G-0067,2024-12-23
F-00655,Simiyu Uwimana,+254799658338,G-0067,2023-08-02
F-00656,Mukamana Kirya,+254792853625,G-0067,2024-10-16
F-00657,Wanyama Sifuna,+254757848168,G-0067,2024-04-07
F-00658,Nafula Okello,+254720111909,G-0067,2025-04-30
F-00659,Atieno Sifuna,+254797473422,G-0067,2024-08-09
F-00660,Otieno Kiplagat,+254737119750,G-0067,2023-09-18
F-00661,Chelimo Barasa,+254730496839,G-0067,2023-05-04
F-00662,Mugisha Kiplagat,+254754516377,G-0068,2025-03-20
F-00663,Namusoke Rotich,+254726474963,G-0068,2023-07-03
F-00664,Simiyu Wanyama,+254788544286,G-0068,2023-12-03
F-00665,Kipruto Hakizimana,+254762658969,G-0068,2023-03-29
F-00666,Cheruiyot Wekesa,+254700216624,G-0068,2025-05-15
F-00667,Musimenta Otieno,+254704139426,G-0068,2024-02-29
F-00668,Wanyama Juma,+254758746401,G-0068,2024-09-18
F-00669,Wasswa Simiyu,+254787039711,G-0068,2023-05-15
F-00670,Were Otieno,+254789313503,G-0068,2024-12-31
F-00671,Namusoke Chemutai,+254762851862,G-0068,2024-12-16
F-00672,Kipruto Ntawukuriryayo,+254752819849,G-0068,2024-06-16
F-00673,Auma Simiyu,+254773304461,G-0068,2024-04-29
F-00674,Nasimiyu Bizimana,+254723527501,G-0068,2023-07-15
F-00675,Chepkoech Kiplagat,+254752815689,G-0068,2023-12-11
F-00676,Namusoke Kirya,+254736931524,G-0069,2024-10-31
F-00677,Chepkoech Cherop,+254758159996,G-0069,2024-09-17
F-00678,Ingabire Masaba,+254723476563,G-0069,2025-04-17
F-00679,Wafula Kirya,+254748966286,G-0069,2023-06-08
F-00680,Naliaka Rotich,+254755349912,G-0069,2025-06-10
F-00681,Nanjala Namunyu,+254743255483,G-0069,2023-08-29
F-00682,Mugisha Uwimana,+254794299283,G-0069,2024-03-17
F-00683,Chelimo Rotich,+254769948293,G-0069,2024-08-27
F-00684,Naliaka Masaba,+254715989520,G-0069,2025-05-28
F-00685,Kirabo Khaemba,+254700816360,G-0069,2023-04-21
F-00686,Were Khaemba,+254789794287,G-0070,2025-04-11
F-00687,Amongi Wekesa,+254741011528,G-0070,2024-01-29
F-00688,Twagirayezu Namunyu,+254718765623,G-0070,2024-11-17
F-00689,Wasswa Mutai,+254779859359,G-0070,2024-05-13
F-00690,Wafula Situma,+254747070447,G-0070,2025-06-12
F-00691,Wasswa Wangila,+254794562541,G-0070,2024-04-11
F-00692,Nanjala Simiyu,+254745326328,G-0070,2024-02-06
F-00693,Amongi Mutai,+254775103772,G-0070,2025-01-14
F-00694,Nafula Wanyama,+254770732067,G-0070,2024-12-06
F-00695,Mutesi Mukamurenzi,+254733103288,G-0070,2023-04-19
F-00696,Auma Hakizimana,+254787261766,G-0070,2025-02-01
F-00697,Masika Otieno,+254795772013,G-0070,2023-08-20
F-00698,Simiyu Omondi,+254771784371,G-0070,2025-06-01
F-00699,Wanyama Wangila,+254774924780,G-0070,2023-05-09
F-00700,Twagirayezu Cherop,+254780283028,G-0071,2024-12-12
F-00701,Adhiambo Rotich,+254720773118,G-0071,2025-01-19
F-00702,Chepkoech Wafula,+254781187011,G-0071,2023-08-06
F-00703,Uwimana Wafula,+254750627103,G-0071,2023-05-05
F-00704,Amongi Kirya,+254788951360,G-0071,2024-12-26
F-00705,Chelimo Namulundu,+254755394772,G-0071,2025-01-29
F-00706,Nakato Wangila,+254763456619,G-0072,2025-03-11
F-00707,Atieno Ntawukuriryayo,+254736305244,G-0072,2023-08-08
F-00708,Wanjiru Nandwa,+254778893415,G-0072,2024-11-04
F-00709,Habimana Kiplagat,+254721664264,G-0072,2024-01-30
F-00710,Uwase Okello,+254713407035,G-0072,2024-08-01
F-00711,Okello Masaba,+254728073920,G-0072,2025-03-12
F-00712,Adhiambo Namunyu,+254767215302,G-0072,2025-04-20
F-00713,Mukamana Wekesa,+254792197421,G-0072,2023-08-02
F-00714,Wekesa Rotich,+254703849295,G-0072,2025-03-18
F-00715,Wanjiru Mukamurenzi,+254752194499,G-0072,2024-09-16
F-00716,Nanjala Wangila,+254709185937,G-0072,2023-11-05
F-00717,Otieno Hakizimana,+254763570975,G-0072,2023-04-25
F-00718,Cheruiyot Nandwa,+254744935545,G-0072,2024-12-09
F-00719,Twagirayezu Makokha,+254710160795,G-0072,2023-03-13
F-00720,Were Situma,+254714693429,G-0073,2025-05-01
F-00721,Mugisha Masaba,+254748066320,G-0073,2025-04-27
F-00722,Masika Cherop,+254736604709,G-0073,2024-06-06
F-00723,Odhiambo Ntawukuriryayo,+254780198973,G-0073,2025-04-22
F-00724,Kirabo Owor,+254727269442,G-0073,2025-02-01
F-00725,Nanjala Juma,+254714175513,G-0073,2023-09-17
F-00726,Auma Wanyama,+254707621005,G-0073,2024-08-25
F-00727,Nanjala Rotich,+254788805147,G-0074,2023-07-17
F-00728,Okello Nandwa,+254787477169,G-0074,2023-08-17
F-00729,Mukamana Chemutai,+254720889161,G-0074,2023-06-03
F-00730,Okello Cherop,+254791905512,G-0074,2025-02-05
F-00731,Namusoke Wanyama,+254771806609,G-0074,2024-11-14
F-00732,Amongi Makokha,+254766198825,G-0074,2024-04-20
F-00733,Were Wafula,+254764594968,G-0074,2023-12-29
F-00734,Naliaka Omondi,+254747718481,G-0074,2024-02-12
F-00735,Ojok Kagabo,+254774753423,G-0075,2023-03-31
F-00736,Kirabo Nabukenya,+254770367260,G-0075,2025-05-17
F-00737,Chepkoech Ntawukuriryayo,+254764489906,G-0075,2024-08-20
F-00738,Uwase Nabukenya,+254726197846,G-0075,2024-02-04
F-00739,Auma Nabukenya,+254762724786,G-0075,2025-06-03
F-00740,Habimana Barasa,+254733219549,G-0075,2024-11-26
F-00741,Habimana Wafula,+254788420489,G-0075,2024-06-22
F-00742,Uwimana Barasa,+254785016643,G-0075,2024-09-08
F-00743,Odhiambo Simiyu,+254761566763,G-0075,2024-05-12
F-00744,Barasa Wekesa,+254729378988,G-0075,2025-04-03
F-00745,Wasswa Namunyu,+254745327546,G-0076,2023-10-31
F-00746,Cheruiyot Wanyonyi,+254773093919,G-0076,2024-03-26
F-00747,Atieno Khaemba,+254743254232,G-0076,2024-09-26
F-00748,Ingabire Nandwa,+254779167303,G-0076,2023-09-06
F-00749,Ojok Nsengimana,+254739011497,G-0076,2024-11-27
F-00750,Wanyama Simiyu,+254749081923,G-0076,2024-09-10
F-00751,Nabirye Chemutai,+254720705582,G-0076,2023-06-19
F-00752,Ndayisenga Cherop,+254711294919,G-0076,2023-07-07
F-00753,Wanyama Barasa,+254781501481,G-0076,2024-07-25
F-00754,Jepkosgei Mukamurenzi,+254774150057,G-0076,2024-10-12
F-00755,Jepkosgei Sifuna,+254777876153,G-0076,2025-05-15
F-00756,Wanjiru Simiyu,+254749744068,G-0076,2024-04-16
F-00757,Ingabire Wekesa,+254733201484,G-0077,2024-11-05
F-00758,Ojok Nabukenya,+254768095222,G-0077,2025-04-03
F-00759,Mukamana Khaemba,+254726628504,G-0077,2024-12-31
F-00760,Chepkoech Masaba,+254701209313,G-0077,2025-02-01
F-00761,Wafula Okello,+254798296257,G-0077,2025-06-18
F-00762,Kirabo Wekesa,+254754564662,G-0077,2025-04-11
F-00763,Kipruto Wangila,+254724044155,G-0077,2025-02-09
F-00764,Wekesa Bizimana,+254790289891,G-0077,2023-07-13
F-00765,Kiptoo Wangila,+254758085427,G-0077,2025-01-26
F-00766,Naliaka Okello,+254753239763,G-0077,2024-08-19
F-00767,Were Owor,+254713625954,G-0078,2024-01-23
F-00768,Amongi Ntawukuriryayo,+254726394092,G-0078,2025-03-01
F-00769,Adhiambo Mukamurenzi,+254755183274,G-0078,2024-08-13
F-00770,Mukamana Wangila,+254792369534,G-0078,2024-02-14
F-00771,Twagirayezu Sifuna,+254768976525,G-0078,2023-11-02
F-00772,Chelimo Kagabo,+254752724719,G-0078,2024-09-23
F-00773,Nabirye Okello,+254716873076,G-0078,2024-04-11
F-00774,Ndayisenga Wafula,+254787664993,G-0078,2023-07-25
F-00775,Niyonzima Owor,+254796758601,G-0078,2023-05-15
F-00776,Ingabire Juma,+254732483807,G-0078,2024-06-11
F-00777,Cheruiyot Situma,+254775990789,G-0078,2024-12-07
F-00778,Mugisha Wekesa,+254743388183,G-0078,2025-04-11
F-00779,Masika Kiplagat,+254700061658,G-0079,2023-07-20
F-00780,Jepkosgei Wangila,+254706708031,G-0079,2024-03-09
F-00781,Wasswa Nabukenya,+254724009274,G-0079,2024-03-21
F-00782,Musimenta Masaba,+254728458905,G-0079,2024-11-13
F-00783,Ndayisenga Wekesa,+254784870568,G-0079,2024-10-26
F-00784,Wanjiru Nabukenya,+254726380669,G-0079,2025-03-17
F-00785,Namusoke Nsengimana,+254734423368,G-0079,2024-08-02
F-00786,Ojok Wekesa,+254771488781,G-0079,2023-10-24
F-00787,Nekesa Cherop,+254738713972,G-0079,2023-12-10
F-00788,Nanjala Mutai,+254727895867,G-0079,2024-10-03
F-00789,Odhiambo Hakizimana,+254775148861,G-0079,2023-04-01
F-00790,Otieno Cherop,+254759875409,G-0079,2024-09-14
F-00791,Nanjala Masaba,+254757168483,G-0080,2025-03-06
F-00792,Twagirayezu Owor,+254750555113,G-0080,2023-10-15
F-00793,Nafula Chemutai,+254777366920,G-0080,2025-05-24
F-00794,Nafula Nabukenya,+254716080018,G-0080,2023-07-14
F-00795,Okello Nsengimana,+254782390317,G-0080,2023-08-16
F-00796,Ndayisenga Makokha,+254736533997,G-0080,2024-03-27
F-00797,Okello Barasa,+254723738035,G-0080,2024-09-28
F-00798,Jepkosgei Uwimana,+254703037610,G-0080,2023-07-10
F-00799,Uwase Hakizimana,+254795817627,G-0080,2025-05-24
F-00800,Chepkoech Rotich,+254747714981,G-0080,2024-06-18
F-00801,Wafula Rotich,+254769443833,G-0080,2023-05-18
F-00802,Otieno Wafula,+254747521827,G-0080,2025-04-06
F-00803,Wanyama Nabukenya,+254779058854,G-0081,2025-04-20
F-00804,Ndayisenga Rotich,+254777811187,G-0081,2023-03-09
F-00805,Uwimana Juma,+254775886829,G-0081,2025-02-25
F-00806,Kipruto Owor,+254769736364,G-0081,2023-09-23
F-00807,Mugisha Rotich,+254789576267,G-0081,2024-05-23
F-00808,Achieng Wanyama,+254799805762,G-0081,2024-10-04
F-00809,Nakato Namulundu,+254718222466,G-0082,2024-10-17
F-00810,Musimenta Rotich,+254729996064,G-0082,2023-11-04
F-00811,Were Wanyama,+254753300886,G-0082,2025-05-18
F-00812,Wasswa Ntawukuriryayo,+254726739179,G-0082,2023-03-11
F-00813,Namusoke Mutai,+254747324317,G-0082,2024-07-01
F-00814,Musimenta Ntawukuriryayo,+254782161931,G-0082,2024-02-08
F-00815,Otieno Okello,+254750720177,G-0082,2025-06-03
F-00816,Musimenta Mutai,+254715923281,G-0082,2023-09-26
F-00817,Kiptoo Wanyonyi,+254765416669,G-0083,2024-11-26
F-00818,Mutesi Wafula,+254785969416,G-0083,2023-08-20
F-00819,Cheruiyot Watulo,+254765870603,G-0083,2024-05-11
F-00820,Jepkosgei Kagabo,+254758477694,G-0083,2023-07-04
F-00821,Nekesa Wangila,+254789884771,G-0083,2023-04-22
F-00822,Uwimana Omondi,+254719913580,G-0083,2025-06-24
F-00823,Nekesa Mutai,+254790056392,G-0083,2023-12-31
F-00824,Naliaka Nabukenya,+254737382946,G-0083,2025-05-06
F-00825,Amongi Wanyama,+254748430922,G-0083,2024-07-13
F-00826,Mutesi Cherop,+254795721767,G-0083,2023-11-29
F-00827,Otieno Wanyonyi,+254702363392,G-0083,2025-06-26
F-00828,Jepkosgei Simiyu,+254759298452,G-0083,2023-05-04
F-00829,Wasswa Wekesa,+254744678971,G-0084,2025-04-21
F-00830,Wanjiru Ntawukuriryayo,+254789508438,G-0084,2023-06-23
F-00831,Nanjala Ntawukuriryayo,+254784014216,G-0084,2024-12-02
F-00832,Wafula Kagabo,+254721948566,G-0084,2025-05-17
F-00833,Nekesa Sifuna,+254791151199,G-0084,2023-05-30
F-00834,Adhiambo Nsengimana,+254787331984,G-0084,2024-05-09
F-00835,Nakato Khaemba,+254758193160,G-0084,2025-06-01
F-00836,Masika Owor,+254746102757,G-0084,2025-01-23
F-00837,Twagirayezu Situma,+254712578941,G-0084,2024-07-18
F-00838,Ojok Kirya,+254755540299,G-0084,2024-03-25
F-00839,Okello Uwimana,+254731940654,G-0084,2023-09-16
F-00840,Jepkosgei Kagabo,+254764334904,G-0084,2023-05-29
F-00841,Auma Mutai,+254704823587,G-0084,2025-06-01
F-00842,Wafula Okello,+254793265249,G-0084,2023-10-09
F-00843,Wekesa Wekesa,+254730997310,G-0085,2024-05-02
F-00844,Chelimo Owor,+254776967948,G-0085,2024-09-29
F-00845,Wafula Rotich,+254794935183,G-0085,2023-09-17
F-00846,Auma Namulundu,+254719961692,G-0085,2025-04-02
F-00847,Cheruiyot Juma,+254798631384,G-0085,2023-06-10
F-00848,Chelimo Ntawukuriryayo,+254739214361,G-0085,2023-07-10
F-00849,Nafula Simiyu,+254781958371,G-0085,2023-11-14
F-00850,Uwase Otieno,+254797522253,G-0085,2024-07-10
F-00851,Twagirayezu Kagabo,+254718656771,G-0085,2023-06-23
F-00852,Nafula Situma,+254722970728,G-0085,2024-11-02
F-00853,Nasimiyu Wekesa,+254756491171,G-0085,2025-05-18
F-00854,Wanjiru Kagabo,+254792914451,G-0086,2024-07-19
F-00855,Auma Mukamurenzi,+254766737175,G-0086,2023-05-19
F-00856,Simiyu Wekesa,+254740248168,G-0086,2024-05-09
F-00857,Amongi Wanyonyi,+254726719522,G-0086,2024-12-21
F-00858,Twagirayezu Otieno,+254783352692,G-0086,2024-09-25
F-00859,Wanjiru Hakizimana,+254708301343,G-0086,2023-12-27
F-00860,Atieno Wangila,+254708326000,G-0086,2023-12-05
F-00861,Wasswa Ntawukuriryayo,+254742283726,G-0087,2024-05-04
F-00862,Nakato Sifuna,+254779801393,G-0087,2025-06-09
F-00863,Ingabire Situma,+254721050800,G-0087,2024-07-21
F-00864,Nakato Barasa,+254736424649,G-0087,2023-06-09
F-00865,Mutesi Wafula,+254771019867,G-0087,2024-02-20
F-00866,Amongi Nabukenya,+254727797012,G-0087,2024-08-29
F-00867,Barasa Juma,+254705249561,G-0087,2025-05-26
F-00868,Masika Wafula,+254724748992,G-0087,2023-11-05
F-00869,Nabirye Nabukenya,+254744966905,G-0088,2023-07-26
F-00870,Mugisha Namulundu,+254788609359,G-0088,2024-10-20
F-00871,Atieno Juma,+254708800799,G-0088,2025-02-01
F-00872,Wafula Situma,+254753362184,G-0088,2023-10-18
F-00873,Nekesa Okello,+254732227270,G-0088,2024-11-07
F-00874,Naliaka Bizimana,+254783183168,G-0088,2023-10-22
F-00875,Cheruiyot Kiplagat,+254740942566,G-0088,2023-06-05
F-00876,Masika Kirya,+254795599761,G-0088,2025-06-09
F-00877,Ingabire Nandwa,+254793175369,G-0088,2024-08-23
F-00878,Mutesi Hakizimana,+254705712876,G-0088,2024-09-24
F-00879,Kirabo Khaemba,+254730370018,G-0088,2025-03-04
F-00880,Chepkoech Wangila,+254749980877,G-0088,2025-04-19
F-00881,Niyonzima Makokha,+254706944087,G-0088,2023-03-17
F-00882,Kiptoo Watulo,+254763850287,G-0088,2024-06-29
F-00883,Uwase Ntawukuriryayo,+254731924012,G-0089,2024-04-20
F-00884,Nakato Masaba,+254782602439,G-0089,2023-03-08
F-00885,Nasimiyu Nsengimana,+254781319520,G-0089,2024-03-05
F-00886,Adhiambo Wanyama,+254767633228,G-0089,2023-07-30
F-00887,Okello Rotich,+254709361061,G-0089,2023-11-30
F-00888,Nafula Mukamurenzi,+254796105517,G-0089,2024-05-04
F-00889,Kiptoo Nsengimana,+254788575088,G-0089,2024-09-13
F-00890,Jepkosgei Rotich,+254767002998,G-0089,2023-08-08
F-00891,Mugisha Makokha,+254783989366,G-0089,2023-04-01
F-00892,Barasa Kirya,+254766639538,G-0090,2025-01-03
F-00893,Wanyama Omondi,+254703655176,G-0090,2023-03-29
F-00894,Were Omondi,+254789625046,G-0090,2023-11-23
F-00895,Jepkosgei Wanyonyi,+254705624706,G-0090,2024-02-02
F-00896,Mutesi Omondi,+254727047325,G-0090,2023-09-28
F-00897,Atieno Mutai,+254793484730,G-0090,2024-07-26
F-00898,Wasswa Mukamurenzi,+254733008256,G-0090,2023-08-24
F-00899,Jepkosgei Simiyu,+254736576163,G-0090,2024-08-11
F-00900,Wanjiru Bizimana,+254782770138,G-0090,2025-02-04
F-00901,Niyonzima Wekesa,+254714887337,G-0090,2023-12-03
F-00902,Wekesa Watulo,+254754194252,G-0090,2024-03-30
F-00903,Twagirayezu Simiyu,+254781384284,G-0090,2025-04-12
F-00904,Amongi Situma,+254764696211,G-0090,2024-05-12
F-00905,Simiyu Watulo,+254779453901,G-0090,2023-07-28
F-00906,Wasswa Nsengimana,+254793175521,G-0091,2024-08-19
F-00907,Otieno Masaba,+254795399740,G-0091,2025-03-20
F-00908,Ndayisenga Masaba,+254714037519,G-0091,2025-01-09
F-00909,Okello Simiyu,+254769919990,G-0091,2023-06-25
F-00910,Ingabire Juma,+254729260702,G-0091,2024-12-19
F-00911,Masika Hakizimana,+254707838869,G-0091,2025-03-19
F-00912,Nasimiyu Wanyama,+254786862637,G-0091,2025-03-14
F-00913,Nakato Cherop,+254744813740,G-0091,2023-12-06
F-00914,Wafula Namunyu,+254759933736,G-0091,2023-09-24
F-00915,Wasswa Mutai,+254710353889,G-0091,2024-12-11
F-00916,Mukamana Namulundu,+254759567835,G-0091,2023-07-28
F-00917,Simiyu Otieno,+254764752292,G-0092,2023-11-20
F-00918,Kiptoo Chemutai,+254744951160,G-0092,2024-09-12
F-00919,Okello Sifuna,+254705107108,G-0092,2023-03-12
F-00920,Simiyu Wafula,+254776889100,G-0092,2025-01-07
F-00921,Nakato Wanyonyi,+254758200640,G-0092,2023-08-10
F-00922,Nabirye Nandwa,+254766377167,G-0092,2023-05-18
F-00923,Chepkoech Situma,+254749835311,G-0092,2023-10-02
F-00924,Mukamana Juma,+254777102159,G-0092,2023-10-18
F-00925,Ingabire Rotich,+254794447633,G-0092,2025-04-12
F-00926,Kirabo Watulo,+254784302190,G-0092,2024-02-01
F-00927,Mutesi Chemutai,+254789427733,G-0092,2024-08-28
F-00928,Uwimana Cherop,+254738651467,G-0092,2024-05-23
F-00929,Atieno Situma,+254729920673,G-0093,2023-09-05
F-00930,Nasimiyu Cherop,+254766186607,G-0093,2023-07-04
F-00931,Masika Mukamurenzi,+254758490699,G-0093,2024-12-16
F-00932,Okello Nabukenya,+254706281434,G-0093,2024-04-04
F-00933,Masika Mutai,+254781656632,G-0093,2024-01-01
F-00934,Achieng Ntawukuriryayo,+254714058089,G-0093,2025-02-02
F-00935,Habimana Mutai,+254772795615,G-0093,2023-12-27
F-00936,Simiyu Wanyama,+254730382308,G-0093,2023-06-25
F-00937,Musimenta Nabukenya,+254756833742,G-0093,2024-05-22
F-00938,Mukamana Simiyu,+254758395338,G-0093,2023-10-17
F-00939,Namusoke Juma,+254751488730,G-0093,2024-01-27
F-00940,Nabirye Omondi,+254762496335,G-0093,2023-11-07
F-00941,Adhiambo Kiplagat,+254744693316,G-0093,2024-12-28
F-00942,Mutesi Situma,+254734211824,G-0093,2024-09-18
F-00943,Auma Sifuna,+254747286060,G-0094,2025-05-23
F-00944,Nekesa Namulundu,+254779690058,G-0094,2023-10-17
F-00945,Nasimiyu Masaba,+254775115706,G-0094,2024-11-28
F-00946,Namusoke Wangila,+254706634294,G-0094,2024-01-01
F-00947,Mutesi Owor,+254727176165,G-0094,2023-07-26
F-00948,Naliaka Chemutai,+254777358664,G-0094,2023-09-04
F-00949,Namusoke Rotich,+254750843408,G-0095,2023-08-15
F-00950,Twagirayezu Wafula,+254783428131,G-0095,2024-12-30
F-00951,Nafula Wangila,+254782705623,G-0095,2025-03-18
F-00952,Nekesa Simiyu,+254786699189,G-0095,2024-12-03
F-00953,Adhiambo Owor,+254766191494,G-0095,2023-03-28
F-00954,Ndayisenga Owor,+254722370505,G-0095,2023-10-30
F-00955,Okello Nsengimana,+254799948793,G-0095,2025-06-28
F-00956,Kirabo Juma,+254795617292,G-0095,2023-10-21
F-00957,Atieno Wafula,+254798250370,G-0095,2025-01-27
F-00958,Habimana Wekesa,+254704433911,G-0096,2023-10-26
F-00959,Adhiambo Nsengimana,+254737165236,G-0096,2023-03-28
F-00960,Mukamana Makokha,+254792245735,G-0096,2024-10-29
F-00961,Mugisha Sifuna,+254719696459,G-0096,2023-08-27
F-00962,Wanyama Mukamurenzi,+254754533992,G-0096,2023-11-29
F-00963,Uwimana Owor,+254733107322,G-0096,2024-10-25
F-00964,Wekesa Wekesa,+254787969335,G-0096,2023-08-28
F-00965,Mutesi Namulundu,+254737538818,G-0096,2024-05-15
F-00966,Chepkoech Chemutai,+254729812336,G-0096,2025-03-28
F-00967,Ndayisenga Kagabo,+254718713193,G-0096,2023-09-17
F-00968,Kipruto Namunyu,+254719757687,G-0096,2023-06-06
F-00969,Wanjiru Nabukenya,+254718447179,G-0096,2025-03-25
F-00970,Achieng Mukamurenzi,+254774156037,G-0097,2024-07-24
F-00971,Nekesa Wekesa,+254778089492,G-0097,2025-02-23
F-00972,Amongi Khaemba,+254784262231,G-0097,2023-08-07
F-00973,Nafula Hakizimana,+254765869268,G-0097,2023-10-12
F-00974,Uwase Chemutai,+254713243921,G-0097,2023-07-01
F-00975,Barasa Wanyonyi,+254704399596,G-0097,2025-06-16
F-00976,Naliaka Simiyu,+254797306954,G-0098,2024-02-22
F-00977,Niyonzima Wanyama,+254715284659,G-0098,2023-12-12
F-00978,Wanyama Masaba,+254747956037,G-0098,2023-03-20
F-00979,Wasswa Kirya,+254716198111,G-0098,2025-03-17
F-00980,Chelimo Makokha,+254719561146,G-0098,2025-03-10
F-00981,Kirabo Simiyu,+254706961920,G-0098,2024-09-07
F-00982,Mutesi Juma,+254757437640,G-0098,2023-04-17
F-00983,Barasa Wanyonyi,+254759074621,G-0098,2024-04-27
F-00984,Wasswa Rotich,+254751684677,G-0099,2024-08-11
F-00985,Mugisha Watulo,+254715857229,G-0099,2024-03-15
F-00986,Odhiambo Khaemba,+254737754916,G-0099,2023-05-17
F-00987,Habimana Nsengimana,+254786322100,G-0099,2024-08-31
F-00988,Jepkosgei Bizimana,+254786468403,G-0099,2024-05-19
F-00989,Otieno Cherop,+254799456729,G-0099,2024-06-01
F-00990,Cheruiyot Wafula,+254758574763,G-0099,2023-08-23
F-00991,Wafula Kiplagat,+254726900565,G-0099,2024-08-03
F-00992,Wafula Rotich,+254751504519,G-0099,2024-05-29
F-00993,Cheruiyot Wanyama,+254783406450,G-0099,2023-08-18
F-00994,Ndayisenga Barasa,+254727369785,G-0099,2024-02-11
F-00995,Kiptoo Makokha,+254760583470,G-0099,2024-01-22
F-00996,Amongi Chemutai,+254760039749,G-0099,2023-05-10
F-00997,Kipruto Masaba,+254710089671,G-0099,2023-08-20
F-00998,Mutesi Barasa,+254705948014,G-0100,2024-05-11
F-00999,Habimana Barasa,+254765096324,G-0100,2024-06-08
F-01000,Odhiambo Wangila,+254768786408,G-0100,2024-01-09
F-01001,Chepkoech Kagabo,+254749866209,G-0100,2024-09-05
F-01002,Atieno Owor,+254740240705,G-0100,2024-01-25
F-01003,Nakato Nsengimana,+254764515837,G-0100,2023-07-07
F-01004,Nafula Omondi,+254780292747,G-0100,2025-03-01
F-01005,Nafula Mutai,+254794011973,G-0101,2023-05-23
F-01006,Nabirye Kiplagat,+254714438162,G-0101,2023-08-15
F-01007,Habimana Masaba,+254718628332,G-0101,2024-05-04
F-01008,Achieng Barasa,+254747884183,G-0101,2025-06-19
F-01009,Auma Bizimana,+254762111016,G-0101,2024-03-24
F-01010,Atieno Bizimana,+254750460873,G-0101,2025-01-27
F-01011,Nekesa Omondi,+254736229940,G-0101,2025-04-20
F-01012,Mutesi Otieno,+254741366950,G-0102,2025-02-04
F-01013,Nafula Watulo,+254766633220,G-0102,2023-12-19
F-01014,Atieno Okello,+254745195888,G-0102,2025-02-21
F-01015,Barasa Situma,+254794254679,G-0102,2024-09-29
F-01016,Namusoke Uwimana,+254733430817,G-0102,2024-10-05
F-01017,Ojok Okello,+254735933208,G-0102,2024-09-22
F-01018,Nakato Watulo,+254795611661,G-0102,2025-02-15
F-01019,Namusoke Mutai,+254777495971,G-0102,2024-02-20
F-01020,Jepkosgei Wekesa,+254776248064,G-0102,2024-09-13
F-01021,Were Ntawukuriryayo,+254762132294,G-0102,2024-11-06
F-01022,Nanjala Kirya,+254777066771,G-0102,2023-10-01
F-01023,Achieng Nabukenya,+254773659781,G-0102,2025-06-25
F-01024,Nakato Wafula,+254738872301,G-0103,2023-07-03
F-01025,Nekesa Kiplagat,+254724334985,G-0103,2024-06-11
F-01026,Habimana Otieno,+254701387330,G-0103,2025-04-09
F-01027,Were Namulundu,+254786916601,G-0103,2023-04-16
F-01028,Naliaka Cherop,+254735994959,G-0103,2024-01-21
F-01029,Nakato Wanyama,+254727904894,G-0103,2024-02-05
F-01030,Nakato Mutai,+254766842866,G-0103,2024-08-26
F-01031,Mukamana Nsengimana,+254703049110,G-0103,2025-06-12
F-01032,Nakato Wafula,+254772472881,G-0103,2023-05-20
F-01033,Ojok Omondi,+254765108273,G-0104,2025-04-07
F-01034,Wanjiru Owor,+254772300947,G-0104,2024-03-31
F-01035,Wafula Kirya,+254724866749,G-0104,2025-04-21
F-01036,Barasa Nsengimana,+254759934317,G-0104,2024-12-20
F-01037,Kirabo Bizimana,+254750956567,G-0104,2025-05-31
F-01038,Jepkosgei Makokha,+254710290464,G-0104,2023-05-05
F-01039,Kipruto Wangila,+254737874072,G-0105,2023-12-18
F-01040,Uwimana Situma,+254734946750,G-0105,2024-04-09
F-01041,Nakato Wafula,+254756763305,G-0105,2025-02-11
F-01042,Nakato Otieno,+254720234227,G-0105,2025-05-05
F-01043,Masika Nabukenya,+254760609612,G-0105,2023-04-03
F-01044,Niyonzima Omondi,+254734166436,G-0105,2025-03-12
F-01045,Chelimo Wekesa,+254715635122,G-0105,2024-07-12
F-01046,Ndayisenga Owor,+254759778459,G-0106,2023-11-26
F-01047,Nakato Namulundu,+254718046671,G-0106,2025-02-01
F-01048,Otieno Namunyu,+254713080804,G-0106,2023-04-21
F-01049,Nekesa Kirya,+254776783971,G-0106,2023-04-28
F-01050,Jepkosgei Makokha,+254753481885,G-0106,2023-09-21
F-01051,Kirabo Wekesa,+254754500187,G-0106,2023-04-23
F-01052,Auma Kagabo,+254768998995,G-0106,2023-03-08
F-01053,Mukamana Owor,+254738945852,G-0106,2024-04-06
F-01054,Ingabire Khaemba,+254787440440,G-0106,2024-05-20
F-01055,Chepkoech Uwimana,+254718669089,G-0106,2024-08-05
F-01056,Kirabo Khaemba,+254708047223,G-0106,2023-04-17
F-01057,Chelimo Hakizimana,+254723155573,G-0106,2023-09-26
F-01058,Okello Wanyonyi,+254736734737,G-0106,2024-08-01
F-01059,Auma Wekesa,+254726912747,G-0107,2024-07-16
F-01060,Namusoke Otieno,+254744226082,G-0107,2025-03-28
F-01061,Okello Mutai,+254760275256,G-0107,2024-11-15
F-01062,Nanjala Namulundu,+254728299378,G-0107,2024-09-29
F-01063,Auma Hakizimana,+254719312429,G-0107,2024-09-11
F-01064,Wekesa Owor,+254705525073,G-0107,2025-03-26
F-01065,Niyonzima Otieno,+254771649575,G-0107,2025-04-08
F-01066,Namusoke Sifuna,+254764722075,G-0107,2023-08-02
F-01067,Wasswa Simiyu,+254762622621,G-0107,2025-02-18
F-01068,Nekesa Makokha,+254768995288,G-0107,2025-02-27
F-01069,Odhiambo Owor,+254714511940,G-0107,2023-07-26
F-01070,Wekesa Cherop,+254701919270,G-0108,2023-03-15
F-01071,Masika Otieno,+254779781306,G-0108,2023-12-26
F-01072,Mugisha Kiplagat,+254776030699,G-0108,2024-01-04
F-01073,Jepkosgei Watulo,+254752128887,G-0108,2023-06-05
F-01074,Ingabire Bizimana,+254719733211,G-0108,2024-07-27
F-01075,Kipruto Barasa,+254726069746,G-0108,2024-11-16
F-01076,Cheruiyot Kagabo,+254752906600,G-0109,2024-07-31
F-01077,Cheruiyot Nsengimana,+254750758036,G-0109,2024-11-14
F-01078,Nabirye Nandwa,+254782349360,G-0109,2024-05-02
F-01079,Wanjiru Bizimana,+254786294203,G-0109,2024-08-18
F-01080,Cheruiyot Uwimana,+254780467904,G-0109,2024-09-18
F-01081,Uwase Simiyu,+254778861705,G-0109,2023-07-10
F-01082,Naliaka Hakizimana,+254753362393,G-0110,2024-01-16
F-01083,Habimana Ntawukuriryayo,+254775314527,G-0110,2024-08-24
F-01084,Ingabire Nsengimana,+254789059338,G-0110,2024-08-27
F-01085,Uwimana Juma,+254731215874,G-0110,2024-07-07
F-01086,Wanyama Nandwa,+254701874608,G-0110,2023-12-13
F-01087,Nasimiyu Masaba,+254733272171,G-0110,2024-02-19
F-01088,Nasimiyu Khaemba,+254759674452,G-0110,2023-10-09
F-01089,Kipruto Watulo,+254777415106,G-0110,2024-10-01
F-01090,Cheruiyot Uwimana,+254787843019,G-0110,2025-03-14
F-01091,Wafula Namulundu,+254740366156,G-0110,2024-01-24
F-01092,Masika Uwimana,+254742134490,G-0110,2025-02-04
F-01093,Habimana Situma,+254725852544,G-0110,2024-11-17
F-01094,Mugisha Wanyonyi,+254765776807,G-0110,2023-06-01
F-01095,Ingabire Okello,+254795741374,G-0110,2025-03-02
F-01096,Nabirye Simiyu,+254793652264,G-0111,2023-08-04
F-01097,Namusoke Owor,+254731272925,G-0111,2024-01-30
F-01098,Otieno Wanyonyi,+254791608551,G-0111,2024-11-13
F-01099,Twagirayezu Kirya,+254785986945,G-0111,2023-05-29
F-01100,Barasa Wafula,+254742477058,G-0111,2025-06-24
F-01101,Simiyu Otieno,+254731847091,G-0111,2023-03-31
F-01102,Wekesa Wafula,+254714135572,G-0111,2024-06-10
F-01103,Chepkoech Nandwa,+254778671749,G-0111,2023-11-14
F-01104,Ingabire Chemutai,+254737444695,G-0111,2024-03-05
F-01105,Otieno Bizimana,+254798512983,G-0111,2023-04-10
F-01106,Barasa Juma,+254714517691,G-0111,2023-03-23
F-01107,Wasswa Wangila,+254760352911,G-0111,2024-08-19
F-01108,Odhiambo Chemutai,+254714166727,G-0112,2025-04-30
F-01109,Barasa Wekesa,+254723935848,G-0112,2025-03-09
F-01110,Ingabire Mukamurenzi,+254722059257,G-0112,2024-06-20
F-01111,Twagirayezu Kirya,+254724414477,G-0112,2023-07-12
F-01112,Adhiambo Mutai,+254752014365,G-0112,2023-11-09
F-01113,Ojok Ntawukuriryayo,+254765423743,G-0112,2023-10-02
F-01114,Ingabire Wanyonyi,+254790001463,G-0112,2025-03-04
F-01115,Auma Kiplagat,+254769793132,G-0112,2025-03-03
F-01116,Niyonzima Barasa,+254744945034,G-0112,2024-10-19
F-01117,Nasimiyu Chemutai,+254799481097,G-0112,2024-11-23
F-01118,Nafula Ntawukuriryayo,+254750278922,G-0112,2023-06-04
F-01119,Amongi Okello,+254760349706,G-0113,2025-05-25
F-01120,Uwase Chemutai,+254776271521,G-0113,2023-06-19
F-01121,Nanjala Nabukenya,+254783400620,G-0113,2025-06-10
F-01122,Niyonzima Barasa,+254746280259,G-0113,2023-05-18
F-01123,Ingabire Masaba,+254750364588,G-0113,2023-06-13
F-01124,Wanyama Masaba,+254731584671,G-0113,2025-01-14
F-01125,Uwimana Wanyonyi,+254766128741,G-0113,2025-03-20
F-01126,Nabirye Bizimana,+254716918340,G-0113,2024-10-11
F-01127,Cheruiyot Kiplagat,+254742166055,G-0114,2024-12-23
F-01128,Were Chemutai,+254716638878,G-0114,2025-03-30
F-01129,Wafula Situma,+254764125435,G-0114,2025-01-08
F-01130,Amongi Kirya,+254730520763,G-0114,2024-07-26
F-01131,Chepkoech Okello,+254793630163,G-0114,2023-05-11
F-01132,Nakato Ntawukuriryayo,+254709596441,G-0114,2023-08-11
F-01133,Twagirayezu Barasa,+254713507119,G-0114,2025-02-16
F-01134,Wekesa Simiyu,+254751890621,G-0114,2024-11-24
F-01135,Naliaka Kagabo,+254721950634,G-0114,2024-07-22
F-01136,Atieno Situma,+254762194632,G-0114,2024-02-18
F-01137,Nafula Nandwa,+254761843495,G-0114,2023-10-09
F-01138,Nakato Nsengimana,+254722345979,G-0115,2023-04-15
F-01139,Kiptoo Simiyu,+254796747475,G-0115,2024-05-28
F-01140,Nekesa Wanyonyi,+254759973528,G-0115,2023-12-17
F-01141,Adhiambo Barasa,+254715501460,G-0115,2025-03-06
F-01142,Were Mutai,+254740755925,G-0115,2024-07-10
F-01143,Nasimiyu Omondi,+254700501656,G-0115,2024-04-15
F-01144,Mugisha Wanyonyi,+254721055375,G-0115,2024-09-19
F-01145,Amongi Barasa,+254759173645,G-0115,2023-06-16
F-01146,Otieno Barasa,+254792456674,G-0115,2024-11-15
F-01147,Auma Watulo,+254784791600,G-0115,2025-01-01
F-01148,Amongi Wanyonyi,+250789195616,G-0116,2023-03-13
F-01149,Chelimo Owor,+250781344793,G-0116,2024-01-23
F-01150,Amongi Nabukenya,+250780599603,G-0116,2023-08-17
F-01151,Kipruto Kirya,+250788263313,G-0116,2023-12-23
F-01152,Achieng Namulundu,+250784222188,G-0116,2023-11-24
F-01153,Wasswa Simiyu,+250784850758,G-0116,2024-08-15
F-01154,Nanjala Ntawukuriryayo,+250786090200,G-0116,2024-02-08
F-01155,Uwase Bizimana,+250788527696,G-0117,2024-03-07
F-01156,Okello Nsengimana,+250789073687,G-0117,2025-03-30
F-01157,Wasswa Situma,+250787189038,G-0117,2024-03-04
F-01158,Otieno Cherop,+250786949872,G-0117,2023-12-13
F-01159,Naliaka Sifuna,+250786743675,G-0117,2024-11-20
F-01160,Wanjiru Wafula,+250781231021,G-0117,2024-07-23
F-01161,Wanyama Masaba,+250786728002,G-0117,2023-05-21
F-01162,Kipruto Namulundu,+250781669498,G-0117,2024-04-02
F-01163,Kipruto Rotich,+250789324316,G-0117,2024-05-08
F-01164,Naliaka Wanyama,+250781313054,G-0117,2024-03-30
F-01165,Amongi Kagabo,+250786870463,G-0117,2025-03-05
F-01166,Wafula Kiplagat,+250781508511,G-0117,2024-11-25
F-01167,Uwimana Nandwa,+250780330144,G-0118,2023-05-06
F-01168,Amongi Uwimana,+250783591593,G-0118,2024-01-02
F-01169,Uwase Wafula,+250789722839,G-0118,2024-12-03
F-01170,Okello Nandwa,+250782270423,G-0118,2024-11-19
F-01171,Masika Nandwa,+250780652312,G-0118,2025-03-07
F-01172,Nasimiyu Simiyu,+250786473052,G-0118,2023-11-10
F-01173,Kiptoo Namunyu,+250780953288,G-0118,2024-12-07
F-01174,Nasimiyu Wafula,+250782351990,G-0118,2023-11-29
F-01175,Nanjala Juma,+250783892802,G-0118,2023-10-21
F-01176,Masika Nsengimana,+250787143545,G-0118,2023-11-16
F-01177,Auma Kagabo,+250780522519,G-0118,2024-03-26
F-01178,Mugisha Rotich,+250789727329,G-0119,2024-07-19
F-01179,Uwase Chemutai,+250785357750,G-0119,2024-12-16
F-01180,Wafula Hakizimana,+250786981956,G-0119,2024-05-24
F-01181,Simiyu Omondi,+250784910859,G-0119,2024-04-22
F-01182,Auma Bizimana,+250788795010,G-0119,2024-02-27
F-01183,Ingabire Otieno,+250787431393,G-0119,2023-03-14
F-01184,Naliaka Namunyu,+250789331087,G-0119,2023-08-14
F-01185,Habimana Makokha,+250780784050,G-0119,2023-09-03
F-01186,Kiptoo Kiplagat,+250783249411,G-0119,2024-05-22
F-01187,Naliaka Watulo,+250781872111,G-0119,2023-09-28
F-01188,Niyonzima Wekesa,+250784269411,G-0119,2023-04-12
F-01189,Ojok Cherop,+250786922743,G-0119,2023-09-19
F-01190,Twagirayezu Wanyonyi,+250788389108,G-0119,2024-07-03
F-01191,Nabirye Sifuna,+250786282076,G-0119,2023-09-27
F-01192,Mutesi Kagabo,+250785250812,G-0120,2023-03-10
F-01193,Auma Omondi,+250784546912,G-0120,2023-05-31
F-01194,Uwase Namunyu,+250782792798,G-0120,2024-12-27
F-01195,Cheruiyot Kagabo,+250781853344,G-0120,2023-10-03
F-01196,Atieno Namunyu,+250782612478,G-0120,2023-05-28
F-01197,Niyonzima Namunyu,+250784330820,G-0120,2024-11-28
F-01198,Masika Wanyama,+250788662874,G-0121,2023-06-05
F-01199,Nanjala Kagabo,+250786632083,G-0121,2024-08-12
F-01200,Wasswa Omondi,+250785669145,G-0121,2024-01-16
F-01201,Auma Wanyonyi,+250786911298,G-0121,2024-05-06
F-01202,Otieno Otieno,+250781415699,G-0121,2024-08-24
F-01203,Kirabo Owor,+250788642311,G-0121,2025-04-28
F-01204,Mutesi Cherop,+250789307520,G-0121,2024-09-14
F-01205,Musimenta Wanyonyi,+250783085561,G-0121,2024-05-09
F-01206,Ingabire Kagabo,+250784805472,G-0121,2023-05-06
F-01207,Chelimo Barasa,+250788859518,G-0121,2025-04-15
F-01208,Nafula Chemutai,+250788349634,G-0121,2024-02-22
F-01209,Naliaka Nabukenya,+250788803773,G-0122,2023-03-24
F-01210,Mugisha Wanyama,+250783234970,G-0122,2024-02-14
F-01211,Twagirayezu Owor,+250780306254,G-0122,2025-05-07
F-01212,Chelimo Kagabo,+250789960319,G-0122,2023-07-21
F-01213,Uwimana Barasa,+250786972520,G-0122,2023-10-24
F-01214,Mukamana Okello,+250782361568,G-0122,2023-06-01
F-01215,Simiyu Omondi,+250785892923,G-0122,2023-11-03
F-01216,Wafula Kirya,+250782709740,G-0122,2025-01-17
F-01217,Jepkosgei Ntawukuriryayo,+250780685661,G-0122,2024-09-17
F-01218,Uwimana Simiyu,+250785738440,G-0122,2025-06-20
F-01219,Chepkoech Wangila,+250787343000,G-0122,2025-03-31
F-01220,Wanjiru Juma,+250781779864,G-0123,2025-04-21
F-01221,Achieng Omondi,+250784308149,G-0123,2024-05-26
F-01222,Jepkosgei Cherop,+250786336784,G-0123,2023-08-24
F-01223,Okello Barasa,+250787132715,G-0123,2024-02-01
F-01224,Nabirye Namunyu,+250785359542,G-0123,2025-02-08
F-01225,Okello Masaba,+250781033780,G-0123,2025-02-03
F-01226,Auma Owor,+250787677756,G-0123,2023-11-27
F-01227,Nabirye Uwimana,+250787264297,G-0123,2024-02-22
F-01228,Uwase Namulundu,+250785583688,G-0123,2025-06-05
F-01229,Nanjala Kiplagat,+250784986911,G-0124,2023-12-12
F-01230,Namusoke Owor,+250782027693,G-0124,2023-03-09
F-01231,Nakato Barasa,+250782119009,G-0124,2023-05-29
F-01232,Wekesa Uwimana,+250787826052,G-0124,2025-05-24
F-01233,Nekesa Mukamurenzi,+250782876867,G-0124,2024-07-06
F-01234,Ingabire Otieno,+250789699309,G-0124,2025-06-09
F-01235,Niyonzima Rotich,+250780887235,G-0124,2024-08-31
F-01236,Nanjala Omondi,+250783949554,G-0124,2024-03-01
F-01237,Otieno Otieno,+250781747207,G-0124,2025-05-17
F-01238,Nanjala Wekesa,+250782902595,G-0125,2023-12-05
F-01239,Were Wafula,+250786014135,G-0125,2025-06-28
F-01240,Were Rotich,+250787713631,G-0125,2024-02-12
F-01241,Kirabo Wekesa,+250781554307,G-0125,2025-02-14
F-01242,Uwimana Okello,+250786053575,G-0125,2024-01-30
F-01243,Ojok Nabukenya,+250788495942,G-0125,2023-07-17
F-01244,Nakato Wanyonyi,+250786491888,G-0125,2024-02-16
F-01245,Nekesa Otieno,+250787878212,G-0125,2024-03-24
F-01246,Kipruto Wangila,+250780580332,G-0125,2023-08-04
F-01247,Wasswa Hakizimana,+250786199163,G-0125,2023-11-20
F-01248,Kipruto Kirya,+250786423707,G-0126,2025-02-19
F-01249,Auma Bizimana,+250789592792,G-0126,2024-06-25
F-01250,Twagirayezu Juma,+250784171254,G-0126,2024-10-15
F-01251,Cheruiyot Kirya,+250781234077,G-0126,2025-01-13
F-01252,Habimana Rotich,+250788712627,G-0126,2024-02-14
F-01253,Odhiambo Ntawukuriryayo,+250788632097,G-0126,2023-08-22
F-01254,Atieno Mutai,+250785288725,G-0126,2024-01-19
F-01255,Mukamana Wangila,+250780897585,G-0126,2025-03-24
F-01256,Kipruto Nabukenya,+250788022238,G-0126,2024-06-23
F-01257,Atieno Hakizimana,+250782917123,G-0127,2024-03-29
F-01258,Kipruto Situma,+250787804453,G-0127,2024-04-20
F-01259,Wekesa Khaemba,+250781242210,G-0127,2023-07-10
F-01260,Achieng Hakizimana,+250785421136,G-0127,2024-12-24
F-01261,Were Masaba,+250785273187,G-0127,2023-12-09
F-01262,Jepkosgei Khaemba,+250786456870,G-0127,2025-06-08
F-01263,Wekesa Wanyonyi,+250785623408,G-0127,2024-08-16
F-01264,Nabirye Sifuna,+250782431007,G-0127,2024-10-05
F-01265,Wanjiru Owor,+250781498794,G-0127,2024-12-04
F-01266,Mutesi Cherop,+250781469947,G-0127,2024-09-04
F-01267,Uwimana Simiyu,+250786703239,G-0127,2023-09-21
F-01268,Nakato Otieno,+250781108062,G-0128,2024-05-08
F-01269,Wafula Uwimana,+250788371602,G-0128,2025-02-18
F-01270,Adhiambo Mukamurenzi,+250788959822,G-0128,2023-05-28
F-01271,Cheruiyot Cherop,+250783290143,G-0128,2023-11-08
F-01272,Naliaka Otieno,+250786088960,G-0128,2023-06-11
F-01273,Odhiambo Chemutai,+250788234427,G-0128,2024-10-07
F-01274,Adhiambo Juma,+250787826344,G-0128,2024-08-14
F-01275,Okello Wangila,+250788316499,G-0129,2023-10-14
F-01276,Namusoke Ntawukuriryayo,+250781035200,G-0129,2023-09-15
F-01277,Auma Hakizimana,+250783147286,G-0129,2024-08-27
F-01278,Kiptoo Okello,+250789862287,G-0129,2023-12-04
F-01279,Twagirayezu Wafula,+250789846053,G-0129,2023-07-31
F-01280,Barasa Mutai,+250782520663,G-0129,2024-06-10
F-01281,Nasimiyu Kagabo,+250783964409,G-0129,2025-04-03
F-01282,Musimenta Wekesa,+250786737245,G-0129,2024-11-08
F-01283,Naliaka Watulo,+250782390345,G-0129,2023-07-26
F-01284,Otieno Namulundu,+250788179809,G-0129,2025-03-27
F-01285,Kirabo Hakizimana,+250789703157,G-0129,2024-03-29
F-01286,Otieno Wekesa,+250785128604,G-0129,2024-08-15
F-01287,Mugisha Wangila,+250788304621,G-0129,2025-04-25
F-01288,Mukamana Juma,+250786519935,G-0129,2023-10-06
F-01289,Mugisha Nandwa,+250780535779,G-0130,2025-04-29
F-01290,Wasswa Chemutai,+250780523653,G-0130,2024-06-13
F-01291,Namusoke Kirya,+250783347724,G-0130,2025-05-22
F-01292,Wekesa Wanyama,+250784988698,G-0130,2025-06-13
F-01293,Wekesa Kiplagat,+250782485680,G-0130,2024-10-25
F-01294,Wafula Namulundu,+250783917173,G-0130,2024-01-13
F-01295,Wanyama Wanyonyi,+250780795846,G-0131,2025-04-29
F-01296,Okello Wangila,+250786989543,G-0131,2024-05-15
F-01297,Chepkoech Wanyonyi,+250786772442,G-0131,2023-11-15
F-01298,Nekesa Khaemba,+250789372140,G-0131,2023-09-19
F-01299,Uwimana Owor,+250786405719,G-0131,2024-08-31
F-01300,Nakato Khaemba,+250787783982,G-0131,2024-07-15
F-01301,Masika Uwimana,+250788483823,G-0131,2024-12-22
F-01302,Ojok Kiplagat,+250781464879,G-0131,2024-09-25
F-01303,Uwimana Wafula,+250781840373,G-0131,2023-08-15
F-01304,Twagirayezu Juma,+250789422931,G-0131,2024-11-04
F-01305,Kiptoo Omondi,+250789011848,G-0131,2024-09-26
F-01306,Namusoke Namunyu,+250786440400,G-0131,2023-03-18
F-01307,Wanjiru Wanyama,+250781419799,G-0131,2024-11-12
F-01308,Habimana Namulundu,+250781384943,G-0132,2025-01-19
F-01309,Mugisha Sifuna,+250782854637,G-0132,2024-02-06
F-01310,Wafula Watulo,+250784638090,G-0132,2025-02-27
F-01311,Musimenta Cherop,+250784379006,G-0132,2025-01-29
F-01312,Mugisha Okello,+250782598977,G-0132,2025-05-02
F-01313,Nasimiyu Makokha,+250788158259,G-0132,2023-06-17
F-01314,Kipruto Hakizimana,+250785737026,G-0132,2025-01-11
F-01315,Naliaka Wafula,+250787722629,G-0132,2023-11-22
F-01316,Chepkoech Nabukenya,+250788593351,G-0132,2024-10-26
F-01317,Uwase Namunyu,+250784397764,G-0132,2023-04-12
F-01318,Jepkosgei Otieno,+250784568128,G-0132,2023-07-08
F-01319,Nakato Namunyu,+250788476096,G-0133,2025-05-16
F-01320,Otieno Masaba,+250780354461,G-0133,2024-09-30
F-01321,Wanyama Namunyu,+250786502174,G-0133,2025-06-01
F-01322,Kirabo Ntawukuriryayo,+250780263468,G-0133,2025-06-28
F-01323,Nakato Simiyu,+250784507047,G-0133,2025-06-23
F-01324,Mutesi Barasa,+250786305031,G-0133,2025-04-19
F-01325,Achieng Owor,+250786731971,G-0133,2024-02-18
F-01326,Cheruiyot Owor,+250789763423,G-0133,2023-11-26
F-01327,Adhiambo Kagabo,+250781351947,G-0133,2025-04-05
F-01328,Otieno Nsengimana,+250784366067,G-0133,2024-08-19
F-01329,Nakato Omondi,+250784688938,G-0133,2024-03-31
F-01330,Twagirayezu Wafula,+250784380689,G-0133,2025-03-11
F-01331,Kipruto Omondi,+250787424745,G-0133,2025-03-18
F-01332,Ojok Okello,+250788886294,G-0133,2025-01-10
F-01333,Kirabo Namulundu,+250789988265,G-0134,2024-11-23
F-01334,Ojok Masaba,+250784174166,G-0134,2025-03-24
F-01335,Namusoke Simiyu,+250785654135,G-0134,2023-04-11
F-01336,Uwimana Omondi,+250785397229,G-0134,2024-03-05
F-01337,Mugisha Nabukenya,+250787659327,G-0134,2023-07-21
F-01338,Habimana Mukamurenzi,+250786737539,G-0134,2023-06-23
F-01339,Jepkosgei Wanyonyi,+250788826309,G-0134,2025-05-22
F-01340,Jepkosgei Kiplagat,+250783932565,G-0134,2025-01-10
F-01341,Otieno Namulundu,+250787740538,G-0134,2023-10-14
F-01342,Nabirye Namulundu,+250786204675,G-0134,2024-02-22
F-01343,Wanyama Masaba,+250785449873,G-0134,2024-09-05
F-01344,Nanjala Watulo,+250789928360,G-0134,2024-07-14
F-01345,Nafula Nabukenya,+250789019121,G-0134,2025-02-22
F-01346,Chepkoech Nandwa,+250786063210,G-0134,2025-02-03
F-01347,Nabirye Mukamurenzi,+250786110947,G-0135,2025-06-12
F-01348,Uwimana Owor,+250789878346,G-0135,2025-03-14
F-01349,Nekesa Hakizimana,+250785621997,G-0135,2024-07-14
F-01350,Nafula Khaemba,+250782398313,G-0135,2023-04-03
F-01351,Uwase Omondi,+250781253027,G-0135,2023-09-11
F-01352,Otieno Simiyu,+250787753955,G-0135,2024-06-21
F-01353,Odhiambo Otieno,+250782145697,G-0135,2023-06-26
F-01354,Ojok Wekesa,+250788348044,G-0136,2023-12-09
F-01355,Naliaka Khaemba,+250780694305,G-0136,2024-03-09
F-01356,Auma Bizimana,+250781184815,G-0136,2023-04-12
F-01357,Auma Barasa,+250782973280,G-0136,2023-05-19
F-01358,Kirabo Makokha,+250780464141,G-0136,2023-08-16
F-01359,Nasimiyu Kiplagat,+250789222309,G-0136,2023-06-19
F-01360,Jepkosgei Nandwa,+250786654167,G-0136,2024-09-15
F-01361,Naliaka Mutai,+250784398467,G-0136,2025-03-12
F-01362,Uwimana Wanyonyi,+250788362564,G-0136,2024-08-25
F-01363,Jepkosgei Wangila,+250786030833,G-0136,2025-05-09
F-01364,Nekesa Owor,+250782753393,G-0137,2024-11-28
F-01365,Wanjiru Owor,+250784709735,G-0137,2023-03-24
F-01366,Namusoke Namulundu,+250786433814,G-0137,2024-08-29
F-01367,Uwimana Ntawukuriryayo,+250780257411,G-0137,2025-01-26
F-01368,Nasimiyu Situma,+250783162229,G-0137,2024-10-25
F-01369,Wanyama Kirya,+250786544586,G-0137,2023-06-21
F-01370,Achieng Khaemba,+250789203362,G-0137,2023-05-25
F-01371,Mugisha Wekesa,+250784416694,G-0138,2023-11-20
F-01372,Auma Wanyonyi,+250788369809,G-0138,2024-06-15
F-01373,Wanjiru Situma,+250781449186,G-0138,2024-05-27
F-01374,Kiptoo Namunyu,+250784697309,G-0138,2024-11-12
F-01375,Were Simiyu,+250780154364,G-0138,2024-09-03
F-01376,Otieno Wangila,+250788603603,G-0138,2023-07-03
F-01377,Habimana Juma,+250788799471,G-0138,2023-09-29
F-01378,Okello Makokha,+250788947394,G-0138,2023-11-04
F-01379,Musimenta Chemutai,+250789513534,G-0138,2025-01-09
F-01380,Nekesa Chemutai,+250785843547,G-0138,2023-07-06
F-01381,Twagirayezu Wangila,+250786464302,G-0138,2024-02-29
F-01382,Barasa Otieno,+250782616495,G-0139,2025-03-22
F-01383,Mugisha Kiplagat,+250789980822,G-0139,2023-11-08
F-01384,Wafula Ntawukuriryayo,+250787060994,G-0139,2024-05-04
F-01385,Wafula Namulundu,+250780840644,G-0139,2024-03-16
F-01386,Niyonzima Wanyama,+250784948808,G-0139,2024-07-02
F-01387,Chepkoech Wangila,+250785834586,G-0139,2025-04-06
F-01388,Mutesi Owor,+250780782142,G-0140,2025-02-02
F-01389,Niyonzima Owor,+250788638536,G-0140,2025-06-10
F-01390,Amongi Nsengimana,+250780992385,G-0140,2025-04-25
F-01391,Mukamana Chemutai,+250784306839,G-0140,2023-11-28
F-01392,Ndayisenga Wekesa,+250780980475,G-0140,2024-10-22
F-01393,Ingabire Ntawukuriryayo,+250786833336,G-0140,2024-02-22
F-01394,Namusoke Wanyama,+250788830279,G-0140,2025-05-17
F-01395,Barasa Mukamurenzi,+250783645386,G-0140,2024-04-15
F-01396,Namusoke Mukamurenzi,+250789678840,G-0140,2024-11-10
F-01397,Atieno Wanyonyi,+250781058649,G-0140,2023-05-09
F-01398,Kipruto Nabukenya,+250780925932,G-0140,2024-03-15
F-01399,Twagirayezu Situma,+250781507186,G-0140,2024-02-09
F-01400,Wanyama Barasa,+250787387097,G-0140,2023-05-31
F-01401,Jepkosgei Wafula,+250782387470,G-0141,2025-06-21
F-01402,Mukamana Mukamurenzi,+250788043579,G-0141,2023-10-30
F-01403,Atieno Bizimana,+250782618683,G-0141,2025-04-12
F-01404,Twagirayezu Barasa,+250781265660,G-0141,2025-02-10
F-01405,Jepkosgei Owor,+250785623065,G-0141,2023-05-06
F-01406,Simiyu Kiplagat,+250789370852,G-0141,2024-04-21
F-01407,Wasswa Wanyama,+250782376137,G-0142,2024-07-24
F-01408,Mutesi Wafula,+250784292923,G-0142,2025-06-11
F-01409,Jepkosgei Ntawukuriryayo,+250782963166,G-0142,2023-07-23
F-01410,Mukamana Namunyu,+250787230600,G-0142,2024-10-01
F-01411,Barasa Kiplagat,+250789229559,G-0142,2023-10-27
F-01412,Ojok Watulo,+250784311332,G-0142,2023-07-12
F-01413,Ingabire Kirya,+250789670615,G-0142,2024-09-24
F-01414,Nafula Rotich,+250782409921,G-0142,2023-08-15
F-01415,Auma Chemutai,+250784834816,G-0142,2024-07-24
F-01416,Mukamana Mukamurenzi,+250780661959,G-0142,2025-02-13
F-01417,Wanyama Juma,+250785481719,G-0142,2024-07-04
F-01418,Chepkoech Wangila,+250785591296,G-0142,2024-01-19
F-01419,Mugisha Bizimana,+250784378117,G-0142,2025-03-15
F-01420,Otieno Rotich,+250785136296,G-0143,2025-03-10
F-01421,Jepkosgei Chemutai,+250786980986,G-0143,2025-02-01
F-01422,Auma Wanyama,+250786500075,G-0143,2023-10-07
F-01423,Naliaka Wanyonyi,+250783112684,G-0143,2023-11-21
F-01424,Auma Kagabo,+250783995878,G-0143,2023-10-07
F-01425,Simiyu Masaba,+250786858534,G-0143,2024-11-19
F-01426,Nafula Khaemba,+250782501416,G-0143,2023-05-03
F-01427,Chelimo Nandwa,+250784873404,G-0144,2024-07-06
F-01428,Mugisha Omondi,+250788395186,G-0144,2024-11-05
F-01429,Auma Masaba,+250782881425,G-0144,2023-04-06
F-01430,Nasimiyu Masaba,+250785348916,G-0144,2025-06-15
F-01431,Amongi Kiplagat,+250788899399,G-0144,2024-06-25
F-01432,Wasswa Cherop,+250785589377,G-0144,2025-03-05
F-01433,Nasimiyu Wekesa,+250789572304,G-0144,2023-06-12
F-01434,Naliaka Sifuna,+250782843162,G-0144,2025-01-08
F-01435,Musimenta Kagabo,+250780462541,G-0145,2024-08-30
F-01436,Twagirayezu Wanyama,+250786830760,G-0145,2025-04-04
F-01437,Amongi Wafula,+250784974149,G-0145,2024-12-08
F-01438,Wanjiru Simiyu,+250789614535,G-0145,2023-05-12
F-01439,Nanjala Hakizimana,+250786290269,G-0145,2024-10-25
F-01440,Kirabo Namunyu,+250785813219,G-0145,2024-06-22
F-01441,Barasa Nabukenya,+250783807766,G-0145,2025-06-20
F-01442,Simiyu Kiplagat,+250783775754,G-0145,2025-01-29
F-01443,Were Wangila,+250782641766,G-0145,2023-05-11
F-01444,Kiptoo Cherop,+250783425298,G-0145,2025-05-19
F-01445,Simiyu Wekesa,+250787360023,G-0145,2024-12-02
F-01446,Achieng Uwimana,+250789519938,G-0146,2024-03-01
F-01447,Kirabo Otieno,+250781813766,G-0146,2025-04-06
F-01448,Kiptoo Wanyonyi,+250781757170,G-0146,2023-09-19
F-01449,Barasa Okello,+250788230913,G-0146,2025-06-08
F-01450,Wanjiru Situma,+250786934923,G-0146,2023-08-23
F-01451,Achieng Masaba,+250785718523,G-0146,2024-06-15
F-01452,Kiptoo Wangila,+250785785007,G-0146,2023-10-01
F-01453,Ojok Mutai,+250782852932,G-0146,2024-09-29
F-01454,Wasswa Hakizimana,+250781019983,G-0146,2024-10-20
F-01455,Uwimana Rotich,+250788837108,G-0147,2024-01-25
F-01456,Wasswa Kirya,+250789486346,G-0147,2024-08-14
F-01457,Wafula Simiyu,+250783206946,G-0147,2023-11-23
F-01458,Chepkoech Ntawukuriryayo,+250789950834,G-0147,2025-05-27
F-01459,Nanjala Namunyu,+250789375707,G-0147,2024-07-24
F-01460,Auma Wekesa,+250786790763,G-0147,2023-07-01
F-01461,Wanyama Barasa,+250781068775,G-0147,2024-05-07
F-01462,Mutesi Namulundu,+250788679514,G-0147,2023-11-06
F-01463,Nafula Hakizimana,+250789768404,G-0147,2024-07-27
F-01464,Auma Bizimana,+250788270742,G-0148,2023-05-18
F-01465,Chepkoech Uwimana,+250785950207,G-0148,2025-03-06
F-01466,Twagirayezu Nabukenya,+250789214007,G-0148,2023-08-22
F-01467,Masika Nsengimana,+250781441030,G-0148,2023-06-11
F-01468,Amongi Kagabo,+250781205334,G-0148,2023-12-15
F-01469,Ingabire Sifuna,+250784914479,G-0148,2023-09-13
F-01470,Simiyu Watulo,+250789467115,G-0148,2024-06-10
F-01471,Achieng Chemutai,+250786932192,G-0149,2023-04-25
F-01472,Ingabire Wekesa,+250785536250,G-0149,2024-12-15
F-01473,Nasimiyu Nabukenya,+250787785389,G-0149,2023-12-31
F-01474,Wafula Namunyu,+250780892734,G-0149,2023-09-17
F-01475,Ojok Masaba,+250781595847,G-0149,2023-06-23
F-01476,Kirabo Simiyu,+250783115599,G-0149,2023-10-20
F-01477,Nekesa Watulo,+250787107845,G-0149,2024-03-28
F-01478,Kiptoo Wanyonyi,+250783463906,G-0149,2025-04-09
F-01479,Barasa Nsengimana,+250783838643,G-0149,2025-05-28
F-01480,Ojok Khaemba,+250780638231,G-0150,2023-12-24
F-01481,Auma Barasa,+250781367069,G-0150,2024-09-27
F-01482,Adhiambo Okello,+250789710991,G-0150,2023-05-05
F-01483,Jepkosgei Otieno,+250786975530,G-0150,2023-05-10
F-01484,Amongi Mukamurenzi,+250786144936,G-0150,2024-10-22
F-01485,Simiyu Wangila,+250780108104,G-0150,2023-05-12
F-01486,Barasa Barasa,+250782884824,G-0150,2023-09-18
F-01487,Kiptoo Namulundu,+250784216741,G-0150,2024-10-27
F-01488,Habimana Situma,+250786073670,G-0150,2023-07-15
F-01489,Kipruto Rotich,+250780506752,G-0151,2024-12-08
F-01490,Mugisha Bizimana,+250780595039,G-0151,2023-06-17
F-01491,Wasswa Wanyama,+250787355055,G-0151,2024-04-24
F-01492,Namusoke Kiplagat,+250788662545,G-0151,2025-02-02
F-01493,Chelimo Uwimana,+250784508560,G-0151,2024-07-28
F-01494,Namusoke Otieno,+250789647748,G-0151,2025-06-17
F-01495,Atieno Mukamurenzi,+250782041549,G-0151,2024-11-28
F-01496,Odhiambo Barasa,+250788163322,G-0151,2025-03-17
F-01497,Chelimo Nsengimana,+250784062659,G-0152,2025-04-23
F-01498,Musimenta Cherop,+250782139190,G-0152,2024-07-27
F-01499,Okello Watulo,+250784183679,G-0152,2024-07-06
F-01500,Chelimo Nabukenya,+250784690291,G-0152,2023-09-11
F-01501,Mutesi Cherop,+250782578547,G-0152,2023-04-16
F-01502,Auma Namulundu,+250782373153,G-0152,2024-05-04
F-01503,Jepkosgei Okello,+250782225652,G-0152,2025-06-01
F-01504,Naliaka Mutai,+250782883421,G-0153,2025-03-26
F-01505,Were Owor,+250787242557,G-0153,2025-03-06
F-01506,Jepkosgei Khaemba,+250781157289,G-0153,2024-04-24
F-01507,Chepkoech Khaemba,+250784658889,G-0153,2025-01-15
F-01508,Chelimo Wangila,+250789036855,G-0153,2023-09-12
F-01509,Mukamana Ntawukuriryayo,+250783524837,G-0153,2025-04-22
F-01510,Twagirayezu Wekesa,+250783153692,G-0153,2023-03-20
F-01511,Odhiambo Wafula,+250781022039,G-0153,2024-09-23
F-01512,Okello Khaemba,+250786520972,G-0153,2023-06-23
F-01513,Ojok Ntawukuriryayo,+250783225391,G-0153,2025-06-03
F-01514,Ingabire Cherop,+250785408524,G-0153,2024-06-13
F-01515,Auma Masaba,+250785118264,G-0153,2024-12-26
F-01516,Otieno Okello,+250786883063,G-0153,2025-05-22
F-01517,Wanjiru Hakizimana,+250783757874,G-0153,2024-08-25
F-01518,Cheruiyot Uwimana,+250787654641,G-0154,2023-12-09
F-01519,Kirabo Chemutai,+250787038260,G-0154,2024-09-05
F-01520,Wekesa Chemutai,+250786261642,G-0154,2024-01-23
F-01521,Atieno Bizimana,+250780415577,G-0154,2024-08-11
F-01522,Wasswa Namulundu,+250786242627,G-0154,2024-12-26
F-01523,Atieno Chemutai,+250787297252,G-0154,2025-01-21
F-01524,Nabirye Uwimana,+250784046827,G-0154,2024-08-10
F-01525,Musimenta Wanyama,+250789601219,G-0154,2023-12-31
F-01526,Adhiambo Juma,+250785599182,G-0154,2023-05-17
F-01527,Amongi Makokha,+250786884139,G-0154,2024-03-26
F-01528,Chepkoech Namunyu,+250783158334,G-0154,2025-05-03
F-01529,Kipruto Nandwa,+250788828352,G-0155,2025-02-04
F-01530,Nasimiyu Chemutai,+250783951966,G-0155,2024-12-08
F-01531,Mukamana Owor,+250785095335,G-0155,2024-06-03
F-01532,Cheruiyot Sifuna,+250787519315,G-0155,2024-01-23
F-01533,Adhiambo Kirya,+250785110045,G-0155,2024-10-25
F-01534,Achieng Ntawukuriryayo,+250785126895,G-0155,2024-05-30
F-01535,Wekesa Hakizimana,+250785208116,G-0155,2023-12-13
F-01536,Simiyu Nsengimana,+250782311938,G-0155,2024-02-11
F-01537,Adhiambo Chemutai,+250782044927,G-0155,2025-03-30
F-01538,Auma Sifuna,+250789299700,G-0155,2023-07-09
F-01539,Nanjala Makokha,+250786140791,G-0155,2024-07-24
F-01540,Ojok Kiplagat,+250783188393,G-0155,2023-08-21
F-01541,Chepkoech Owor,+250787537080,G-0156,2023-05-27
F-01542,Uwimana Makokha,+250783821812,G-0156,2023-04-26
F-01543,Simiyu Juma,+250783114297,G-0156,2024-08-18
F-01544,Uwase Okello,+250783035590,G-0156,2023-03-29
F-01545,Wanyama Omondi,+250785025541,G-0156,2024-12-10
F-01546,Barasa Wanyama,+250783435412,G-0156,2024-05-11
F-01547,Jepkosgei Sifuna,+250789706623,G-0156,2023-09-07
F-01548,Kiptoo Wangila,+250783335774,G-0156,2024-08-20
F-01549,Simiyu Wangila,+250786304279,G-0156,2023-10-12
F-01550,Amongi Kirya,+250789954381,G-0156,2025-06-18
F-01551,Simiyu Kirya,+250782153640,G-0156,2023-04-03
F-01552,Okello Simiyu,+250781127076,G-0156,2023-07-07
F-01553,Namusoke Omondi,+250780121988,G-0156,2024-07-21
F-01554,Uwimana Kirya,+250781312278,G-0156,2024-10-03
F-01555,Jepkosgei Wafula,+250785460476,G-0157,2023-04-23
F-01556,Odhiambo Wanyonyi,+250783531933,G-0157,2024-07-03
F-01557,Mutesi Kirya,+250782645540,G-0157,2023-08-28
F-01558,Wafula Kirya,+250781916902,G-0157,2025-02-07
F-01559,Twagirayezu Simiyu,+250781085720,G-0157,2023-08-25
F-01560,Kipruto Simiyu,+250785614382,G-0157,2025-01-25
F-01561,Naliaka Watulo,+250785615279,G-0157,2024-04-19
F-01562,Nekesa Chemutai,+250783387311,G-0157,2024-12-13
F-01563,Amongi Ntawukuriryayo,+250786212105,G-0157,2025-02-23
F-01564,Nasimiyu Wanyama,+250782241222,G-0157,2024-10-20
F-01565,Twagirayezu Khaemba,+250786151307,G-0157,2023-06-26
F-01566,Odhiambo Masaba,+250781148084,G-0157,2024-01-11
F-01567,Wekesa Uwimana,+250781671319,G-0157,2024-10-12
F-01568,Kipruto Mutai,+250786907569,G-0158,2024-07-08
F-01569,Auma Omondi,+250784784837,G-0158,2023-08-31
F-01570,Mugisha Omondi,+250785513695,G-0158,2023-11-29
F-01571,Barasa Juma,+250784531453,G-0158,2024-06-08
F-01572,Barasa Namulundu,+250786200091,G-0158,2025-05-01
F-01573,Wanjiru Wekesa,+250787822957,G-0158,2025-04-27
F-01574,Chepkoech Chemutai,+250783637559,G-0158,2023-06-22
F-01575,Okello Nandwa,+250789833898,G-0158,2023-11-19
F-01576,Nasimiyu Juma,+250784624161,G-0158,2024-03-17
F-01577,Okello Khaemba,+250787243417,G-0159,2024-06-18
F-01578,Mukamana Ntawukuriryayo,+250787176925,G-0159,2023-11-19
F-01579,Kirabo Namulundu,+250785353420,G-0159,2023-03-10
F-01580,Wanyama Sifuna,+250789588180,G-0159,2023-09-05
F-01581,Nabirye Hakizimana,+250789523248,G-0159,2024-08-21
F-01582,Ndayisenga Juma,+250787661650,G-0159,2024-10-02
F-01583,Twagirayezu Owor,+250787037567,G-0160,2023-07-06
F-01584,Musimenta Hakizimana,+250785001755,G-0160,2023-03-09
F-01585,Simiyu Kirya,+250785919081,G-0160,2025-01-31
F-01586,Auma Simiyu,+250780309035,G-0160,2025-06-24
F-01587,Wanjiru Mukamurenzi,+250789596405,G-0160,2024-05-08
F-01588,Wafula Masaba,+250787942340,G-0160,2025-02-23
F-01589,Barasa Watulo,+250781552420,G-0160,2025-04-14
F-01590,Cheruiyot Owor,+250784583558,G-0160,2024-04-21
F-01591,Were Uwimana,+250782851648,G-0160,2024-10-12
F-01592,Wanjiru Nandwa,+250788158227,G-0160,2024-11-01
F-01593,Atieno Kagabo,+250784122239,G-0160,2025-05-05
F-01594,Kirabo Rotich,+250786937944,G-0161,2025-06-16
F-01595,Masika Ntawukuriryayo,+250783923599,G-0161,2023-11-15
F-01596,Odhiambo Kiplagat,+250785691568,G-0161,2023-05-27
F-01597,Wanjiru Otieno,+250788654994,G-0161,2025-01-02
F-01598,Niyonzima Barasa,+250780554840,G-0161,2024-12-08
F-01599,Namusoke Mutai,+250780258907,G-0161,2025-04-06
F-01600,Masika Sifuna,+250783232405,G-0161,2025-05-21
F-01601,Wanjiru Nabukenya,+250787779606,G-0162,2023-11-11
F-01602,Mugisha Wafula,+250782131693,G-0162,2023-06-04
F-01603,Wasswa Nsengimana,+250780305446,G-0162,2024-03-13
F-01604,Kirabo Chemutai,+250785810991,G-0162,2024-04-13
F-01605,Chelimo Owor,+250788596364,G-0162,2023-05-21
F-01606,Kipruto Wanyonyi,+250784451061,G-0162,2024-05-30
F-01607,Kirabo Nsengimana,+250785626650,G-0162,2023-03-03
F-01608,Musimenta Namulundu,+250781533387,G-0162,2023-04-10
F-01609,Wekesa Watulo,+250783125974,G-0162,2024-05-24
F-01610,Odhiambo Hakizimana,+250786398226,G-0162,2024-10-20
F-01611,Naliaka Situma,+250783053967,G-0163,2024-02-12
F-01612,Nabirye Nabukenya,+250783618280,G-0163,2025-04-08
F-01613,Chelimo Makokha,+250786403279,G-0163,2025-03-20
F-01614,Uwimana Situma,+250789134939,G-0163,2025-06-25
F-01615,Achieng Nsengimana,+250780741091,G-0163,2023-03-06
F-01616,Ingabire Namulundu,+250783909567,G-0163,2023-10-09
F-01617,Kipruto Uwimana,+250782005247,G-0163,2025-04-26
F-01618,Masika Wekesa,+250787610764,G-0163,2023-04-18
F-01619,Naliaka Nabukenya,+250789301323,G-0164,2023-11-02
F-01620,Musimenta Simiyu,+250786172304,G-0164,2023-11-04
F-01621,Nanjala Wanyonyi,+250786253582,G-0164,2024-02-21
F-01622,Simiyu Omondi,+250781730528,G-0164,2024-10-02
F-01623,Ojok Situma,+250788846341,G-0164,2023-10-24
F-01624,Uwase Kagabo,+250789409844,G-0164,2024-12-23
F-01625,Habimana Nabukenya,+250780213636,G-0164,2023-08-08
F-01626,Wekesa Nsengimana,+250784072985,G-0164,2024-02-20
F-01627,Uwase Nsengimana,+250782936991,G-0164,2023-03-09
F-01628,Masika Nsengimana,+250784334126,G-0164,2024-08-18
F-01629,Wanjiru Barasa,+250780530784,G-0164,2025-03-20
F-01630,Nasimiyu Namunyu,+250788326157,G-0164,2024-07-01
F-01631,Twagirayezu Nabukenya,+250789342116,G-0165,2023-07-22
F-01632,Uwimana Wangila,+250784861241,G-0165,2023-03-05
F-01633,Chepkoech Ntawukuriryayo,+250787120153,G-0165,2025-04-07
F-01634,Otieno Cherop,+250784697975,G-0165,2023-09-02
F-01635,Uwase Wafula,+250780882668,G-0165,2024-04-19
F-01636,Mugisha Omondi,+250782606526,G-0165,2025-02-09
F-01637,Atieno Owor,+250788112744,G-0165,2024-06-07
F-01638,Mugisha Rotich,+250783765083,G-0165,2024-09-16
F-01639,Wekesa Barasa,+250783433260,G-0166,2025-06-10
F-01640,Nabirye Kirya,+250781756809,G-0166,2024-04-11
F-01641,Wanjiru Namulundu,+250784542350,G-0166,2024-02-24
F-01642,Atieno Juma,+250783559507,G-0166,2024-09-16
F-01643,Ojok Rotich,+250783131530,G-0166,2025-03-13
F-01644,Habimana Kirya,+250784412569,G-0166,2024-04-15
F-01645,Jepkosgei Watulo,+250786649947,G-0166,2023-10-30
F-01646,Simiyu Ntawukuriryayo,+250788559066,G-0166,2024-08-17
F-01647,Adhiambo Namulundu,+250783711018,G-0166,2025-01-31
F-01648,Wanjiru Rotich,+250789970023,G-0167,2023-06-03
F-01649,Kipruto Kagabo,+250787838688,G-0167,2025-01-06
F-01650,Barasa Bizimana,+250780320813,G-0167,2024-04-11
F-01651,Wanyama Simiyu,+250784712808,G-0167,2024-10-07
F-01652,Twagirayezu Owor,+250780898904,G-0167,2025-01-10
F-01653,Atieno Ntawukuriryayo,+250786932792,G-0167,2024-12-25
F-01654,Wasswa Nsengimana,+250781523615,G-0167,2023-04-06
F-01655,Habimana Omondi,+250785806457,G-0168,2024-11-29
F-01656,Achieng Otieno,+250781180995,G-0168,2025-06-10
F-01657,Kiptoo Masaba,+250780895511,G-0168,2025-02-18
F-01658,Ojok Kirya,+250786872638,G-0168,2025-04-01
F-01659,Otieno Barasa,+250780210997,G-0168,2024-06-20
F-01660,Wafula Masaba,+250785819886,G-0168,2024-03-05
F-01661,Habimana Wanyama,+250785922258,G-0169,2025-01-25
F-01662,Adhiambo Wanyonyi,+250789262932,G-0169,2024-04-25
F-01663,Barasa Kagabo,+250784320523,G-0169,2023-08-18
F-01664,Were Barasa,+250784647644,G-0169,2025-03-04
F-01665,Nafula Cherop,+250789984186,G-0169,2024-12-28
F-01666,Cheruiyot Kagabo,+250783484290,G-0169,2025-03-06
F-01667,Twagirayezu Ntawukuriryayo,+250780551745,G-0169,2025-05-24
F-01668,Namusoke Owor,+250788229430,G-0169,2023-03-23
F-01669,Mutesi Omondi,+250780338261,G-0169,2024-01-18
F-01670,Mugisha Wanyonyi,+250786950673,G-0169,2023-04-30
F-01671,Nafula Nandwa,+250784409061,G-0169,2024-06-24
F-01672,Odhiambo Chemutai,+250785796056,G-0170,2024-03-17
F-01673,Adhiambo Watulo,+250789309690,G-0170,2024-03-11
F-01674,Uwase Okello,+250789791995,G-0170,2025-03-24
F-01675,Jepkosgei Cherop,+250789521449,G-0170,2023-05-23
F-01676,Nekesa Watulo,+250784234152,G-0170,2023-12-13
F-01677,Wekesa Wangila,+250786325788,G-0170,2023-09-09
F-01678,Nekesa Kirya,+250783793891,G-0170,2023-10-02
F-01679,Mugisha Bizimana,+250781217417,G-0170,2023-03-12
F-01680,Nafula Masaba,+250788553506,G-0170,2024-06-26
F-01681,Auma Namulundu,+250781770555,G-0170,2024-05-04
F-01682,Wasswa Barasa,+250787574044,G-0170,2023-09-09
F-01683,Kiptoo Owor,+250786637856,G-0170,2024-02-07
F-01684,Uwimana Juma,+250782986557,G-0171,2024-03-28
F-01685,Ingabire Situma,+250789503763,G-0171,2024-09-27
F-01686,Niyonzima Barasa,+250783302322,G-0171,2023-08-17
F-01687,Ingabire Juma,+250784499788,G-0171,2025-03-28
F-01688,Jepkosgei Ntawukuriryayo,+250781884356,G-0171,2023-08-18
F-01689,Kirabo Otieno,+250787455432,G-0171,2025-06-15
F-01690,Mutesi Hakizimana,+250787055926,G-0171,2024-09-07
F-01691,Adhiambo Bizimana,+250780643097,G-0171,2024-09-14
F-01692,Jepkosgei Barasa,+250787469992,G-0171,2023-05-31
F-01693,Odhiambo Bizimana,+250782030664,G-0171,2024-09-22
F-01694,Nasimiyu Kagabo,+250785226846,G-0171,2023-09-13
F-01695,Atieno Uwimana,+250783442020,G-0171,2024-10-26
F-01696,Wasswa Wanyama,+250783121454,G-0171,2025-04-22
F-01697,Barasa Owor,+250784182169,G-0172,2023-08-10
F-01698,Were Namulundu,+250783565513,G-0172,2024-11-10
F-01699,Musimenta Chemutai,+250782660006,G-0172,2025-02-15
F-01700,Wafula Okello,+250781185711,G-0172,2024-09-24
F-01701,Naliaka Wangila,+250783789555,G-0172,2023-12-03
F-01702,Chelimo Wekesa,+250789627039,G-0172,2023-04-29
F-01703,Wafula Kiplagat,+250787613015,G-0172,2023-12-17
F-01704,Atieno Namulundu,+250781599269,G-0172,2025-05-29
F-01705,Chelimo Watulo,+250780728210,G-0172,2024-07-20
F-01706,Wafula Ntawukuriryayo,+250787168564,G-0172,2024-01-27
F-01707,Nekesa Okello,+250782497299,G-0173,2024-07-03
F-01708,Nabirye Nsengimana,+250788045974,G-0173,2024-11-28
F-01709,Nasimiyu Barasa,+250786076624,G-0173,2024-10-01
F-01710,Niyonzima Kagabo,+250789253723,G-0173,2024-06-10
F-01711,Nasimiyu Omondi,+250787663678,G-0173,2024-05-20
F-01712,Uwimana Sifuna,+250787580377,G-0173,2024-03-06
F-01713,Kipruto Wanyama,+250783314126,G-0174,2024-09-02
F-01714,Nafula Mutai,+250783242352,G-0174,2024-03-02
F-01715,Ojok Sifuna,+250780132365,G-0174,2025-06-03
F-01716,Nasimiyu Simiyu,+250788059706,G-0174,2024-09-30
F-01717,Barasa Mutai,+250783797869,G-0174,2023-12-20
F-01718,Amongi Okello,+250785266787,G-0174,2024-05-13
F-01719,Chepkoech Khaemba,+250786601741,G-0174,2025-04-14
F-01720,Wekesa Okello,+250789418390,G-0174,2023-09-06
F-01721,Barasa Wanyama,+250788176490,G-0174,2024-07-15
F-01722,Ingabire Wangila,+250785927337,G-0175,2023-09-14
F-01723,Masika Namulundu,+250787838896,G-0175,2023-03-04
F-01724,Niyonzima Juma,+250786438295,G-0175,2023-12-20
F-01725,Wafula Wangila,+250785998242,G-0175,2024-07-06
F-01726,Musimenta Okello,+250783778705,G-0175,2023-08-07
F-01727,Simiyu Makokha,+250789358039,G-0175,2023-03-31
F-01728,Amongi Rotich,+250789730983,G-0176,2025-03-24
F-01729,Mutesi Otieno,+250782787479,G-0176,2025-04-18
F-01730,Wekesa Namunyu,+250787519812,G-0176,2023-04-04
F-01731,Nanjala Wanyonyi,+250780613371,G-0176,2023-03-05
F-01732,Ingabire Okello,+250787023105,G-0176,2024-09-26
F-01733,Odhiambo Omondi,+250786946189,G-0176,2024-07-05
F-01734,Achieng Barasa,+250786849727,G-0176,2025-01-03
F-01735,Mutesi Namunyu,+250789873232,G-0176,2025-05-29
F-01736,Ndayisenga Mukamurenzi,+250786436323,G-0176,2023-09-04
F-01737,Wekesa Juma,+250789524703,G-0176,2023-04-30
F-01738,Ndayisenga Okello,+250781956982,G-0176,2024-02-26
F-01739,Ojok Rotich,+250784108708,G-0176,2023-12-09
F-01740,Nabirye Mukamurenzi,+250782643686,G-0177,2024-08-04
F-01741,Kipruto Cherop,+250783945447,G-0177,2023-11-21
F-01742,Nakato Wafula,+250780928649,G-0177,2024-02-18
F-01743,Chepkoech Makokha,+250781438531,G-0177,2024-11-20
F-01744,Wafula Wafula,+250785990383,G-0177,2023-03-10
F-01745,Namusoke Watulo,+250786272431,G-0177,2023-05-05
F-01746,Chepkoech Masaba,+250781226015,G-0177,2024-04-30
F-01747,Chelimo Wangila,+250789403702,G-0177,2024-11-11
F-01748,Namusoke Wekesa,+250784258737,G-0177,2025-02-23
F-01749,Uwimana Mukamurenzi,+250780416675,G-0177,2024-05-25
F-01750,Otieno Wafula,+250784126448,G-0177,2024-11-12
F-01751,Uwase Chemutai,+250786775638,G-0177,2023-04-29
F-01752,Otieno Cherop,+250784468946,G-0177,2023-10-31
F-01753,Wekesa Wafula,+250788351681,G-0177,2023-09-26
F-01754,Wanjiru Watulo,+250786743493,G-0178,2024-08-09
F-01755,Atieno Makokha,+250786016964,G-0178,2023-09-17
F-01756,Nakato Makokha,+250787726061,G-0178,2024-12-17
F-01757,Simiyu Chemutai,+250789532438,G-0178,2025-06-17
F-01758,Mugisha Wanyonyi,+250780914307,G-0178,2024-03-18
F-01759,Uwase Cherop,+250786509383,G-0178,2024-02-04
F-01760,Uwase Otieno,+250782522988,G-0179,2023-11-19
F-01761,Amongi Barasa,+250782371697,G-0179,2023-03-10
F-01762,Nekesa Wanyama,+250788552187,G-0179,2024-09-27
F-01763,Okello Sifuna,+250788127308,G-0179,2024-10-10
F-01764,Wanyama Mukamurenzi,+250787739636,G-0179,2024-11-18
F-01765,Ojok Namunyu,+250780785719,G-0179,2025-03-15
F-01766,Okello Mukamurenzi,+250785908747,G-0179,2025-04-03
F-01767,Niyonzima Khaemba,+250783410239,G-0180,2023-06-16
F-01768,Were Omondi,+250784475263,G-0180,2024-01-03
F-01769,Chepkoech Nabukenya,+250786186471,G-0180,2024-01-26
F-01770,Uwase Cherop,+250782155097,G-0180,2024-07-03
F-01771,Wanjiru Wafula,+250789907259,G-0180,2024-12-05
F-01772,Wasswa Cherop,+250781140878,G-0180,2024-03-12
F-01773,Mukamana Nandwa,+250782349359,G-0180,2024-04-14
F-01774,Atieno Kiplagat,+250788999953,G-0180,2024-11-28
F-01775,Nabirye Masaba,+250781243410,G-0181,2024-02-15
F-01776,Ndayisenga Kagabo,+250789806102,G-0181,2025-02-15
F-01777,Wanyama Hakizimana,+250788519935,G-0181,2023-04-20
F-01778,Amongi Nsengimana,+250780286548,G-0181,2023-10-05
F-01779,Odhiambo Otieno,+250781797655,G-0181,2024-06-26
F-01780,Okello Ntawukuriryayo,+250783830164,G-0181,2024-10-09
F-01781,Wasswa Wafula,+250788269216,G-0181,2024-09-18
F-01782,Amongi Bizimana,+250789391676,G-0181,2025-04-06
F-01783,Auma Namulundu,+250786937585,G-0181,2024-08-26
F-01784,Jepkosgei Nsengimana,+250789946531,G-0182,2023-05-14
F-01785,Barasa Wekesa,+250782871876,G-0182,2024-10-26
F-01786,Wafula Wangila,+250789647275,G-0182,2023-10-27
F-01787,Nanjala Barasa,+250789305240,G-0182,2024-05-20
F-01788,Niyonzima Otieno,+250780372283,G-0182,2025-01-07
F-01789,Chelimo Nsengimana,+250781696475,G-0182,2023-10-22
F-01790,Nanjala Mutai,+250788489549,G-0182,2024-02-20
F-01791,Habimana Watulo,+250789488141,G-0182,2024-11-25
F-01792,Adhiambo Rotich,+250780282988,G-0182,2023-03-04
F-01793,Mukamana Kirya,+250783763366,G-0182,2023-09-19
F-01794,Okello Wafula,+250786997772,G-0182,2023-10-05
F-01795,Kipruto Namulundu,+250785643831,G-0183,2025-03-23
F-01796,Mugisha Ntawukuriryayo,+250784390289,G-0183,2024-03-04
F-01797,Achieng Wanyonyi,+250784671119,G-0183,2024-04-04
F-01798,Nanjala Nabukenya,+250788331530,G-0183,2023-07-14
F-01799,Naliaka Uwimana,+250781938604,G-0183,2025-01-11
F-01800,Naliaka Mutai,+250782928113,G-0183,2023-09-15
F-01801,Wasswa Barasa,+250780765376,G-0183,2024-09-19
F-01802,Wekesa Kirya,+250784653961,G-0183,2025-03-02
F-01803,Namusoke Hakizimana,+250784985109,G-0183,2023-04-10
F-01804,Odhiambo Nabukenya,+250783003611,G-0184,2023-11-04
F-01805,Nasimiyu Chemutai,+250784316307,G-0184,2023-04-20
F-01806,Adhiambo Hakizimana,+250781840305,G-0184,2023-11-26
F-01807,Nabirye Okello,+250787428505,G-0184,2024-04-12
F-01808,Uwimana Juma,+250781793797,G-0184,2025-06-21
F-01809,Auma Barasa,+250785208791,G-0184,2023-10-19
F-01810,Okello Wanyonyi,+250788282968,G-0184,2025-03-19
F-01811,Chelimo Omondi,+250783786275,G-0184,2023-07-14
F-01812,Chepkoech Mukamurenzi,+250780421542,G-0184,2023-03-20
F-01813,Barasa Situma,+250784522780,G-0184,2023-06-10
F-01814,Chelimo Namulundu,+250789912483,G-0184,2024-04-13
F-01815,Auma Nandwa,+250783070604,G-0184,2023-10-08
F-01816,Kiptoo Mutai,+250785294955,G-0184,2023-11-13
F-01817,Wekesa Ntawukuriryayo,+250786103921,G-0185,2025-01-31
F-01818,Wasswa Wanyama,+250785628824,G-0185,2024-02-22
F-01819,Uwimana Bizimana,+250785089455,G-0185,2025-03-09
F-01820,Ojok Kiplagat,+250787600210,G-0185,2025-02-15
F-01821,Kirabo Owor,+250783112133,G-0185,2025-03-23
F-01822,Jepkosgei Kirya,+250782279250,G-0185,2025-03-30
F-01823,Amongi Omondi,+250789944161,G-0186,2024-05-12
F-01824,Nakato Kagabo,+250783959454,G-0186,2023-12-20
F-01825,Nasimiyu Barasa,+250786506716,G-0186,2024-03-14
F-01826,Otieno Otieno,+250786250162,G-0186,2023-04-14
F-01827,Wasswa Nandwa,+250785065354,G-0186,2025-06-25
F-01828,Niyonzima Wanyonyi,+250789785402,G-0186,2023-04-08
F-01829,Ndayisenga Nandwa,+250781273744,G-0186,2024-07-02
F-01830,Atieno Chemutai,+250780851264,G-0186,2024-02-06
F-01831,Ojok Sifuna,+250784308500,G-0186,2024-03-18
F-01832,Nasimiyu Wafula,+250787566108,G-0187,2024-12-15
F-01833,Okello Nandwa,+250789331693,G-0187,2023-05-13
F-01834,Wafula Sifuna,+250787574364,G-0187,2023-09-28
F-01835,Nanjala Nabukenya,+250783766823,G-0187,2023-08-07
F-01836,Chelimo Wanyonyi,+250781709922,G-0187,2023-10-31
F-01837,Niyonzima Mutai,+250789364755,G-0187,2023-04-21
F-01838,Musimenta Wanyonyi,+250787247598,G-0187,2023-07-09
F-01839,Mutesi Rotich,+250788787021,G-0187,2024-02-01
F-01840,Nakato Nsengimana,+250784991526,G-0187,2024-12-16
F-01841,Uwase Simiyu,+250781403681,G-0187,2023-03-11
F-01842,Ojok Hakizimana,+250785736310,G-0187,2023-04-06
F-01843,Wafula Rotich,+250780092463,G-0188,2024-10-29
F-01844,Wafula Kagabo,+250783389309,G-0188,2023-05-27
F-01845,Wafula Khaemba,+250787517072,G-0188,2023-11-25
F-01846,Ojok Masaba,+250785381167,G-0188,2023-08-23
F-01847,Twagirayezu Sifuna,+250786124650,G-0188,2024-11-11
F-01848,Wekesa Hakizimana,+250781179641,G-0188,2024-11-19
F-01849,Nabirye Bizimana,+250782231955,G-0188,2024-07-08
F-01850,Wanyama Kirya,+250786983952,G-0188,2024-06-04
F-01851,Namusoke Nandwa,+250787171103,G-0188,2024-09-30
F-01852,Atieno Masaba,+250782725726,G-0188,2025-05-10
F-01853,Wanjiru Nabukenya,+250789454753,G-0188,2024-02-07
F-01854,Cheruiyot Bizimana,+250788168342,G-0188,2023-09-18
F-01855,Simiyu Kirya,+250782549987,G-0188,2024-04-06
F-01856,Ojok Kirya,+250781917645,G-0188,2023-06-30
F-01857,Adhiambo Okello,+250782178080,G-0189,2025-04-04
F-01858,Achieng Kagabo,+250789166046,G-0189,2025-04-23
F-01859,Were Kagabo,+250780516895,G-0189,2024-10-23
F-01860,Niyonzima Chemutai,+250782244492,G-0189,2024-05-26
F-01861,Chepkoech Mutai,+250787401987,G-0189,2024-01-28
F-01862,Wasswa Uwimana,+250787907560,G-0189,2023-10-23
F-01863,Ojok Wangila,+250786746117,G-0189,2025-03-30
F-01864,Kipruto Masaba,+250787970515,G-0190,2023-05-05
F-01865,Nafula Ntawukuriryayo,+250780891657,G-0190,2023-07-18
F-01866,Achieng Wanyama,+250784510314,G-0190,2025-04-17
F-01867,Barasa Uwimana,+250781656719,G-0190,2025-04-20
F-01868,Barasa Khaemba,+250780832139,G-0190,2024-12-15
F-01869,Kipruto Wangila,+250784522494,G-0190,2023-08-25
F-01870,Cheruiyot Nabukenya,+250785346743,G-0191,2023-12-30
F-01871,Masika Hakizimana,+250782638862,G-0191,2023-10-19
F-01872,Were Namunyu,+250784688757,G-0191,2024-10-15
F-01873,Jepkosgei Juma,+250782979098,G-0191,2023-07-07
F-01874,Jepkosgei Juma,+250786830276,G-0191,2024-06-03
F-01875,Kiptoo Kagabo,+250781062313,G-0191,2024-10-07
F-01876,Were Chemutai,+250788182795,G-0191,2024-04-16
F-01877,Wekesa Otieno,+250780807019,G-0192,2024-01-01
F-01878,Were Rotich,+250787492805,G-0192,2025-04-19
F-01879,Chepkoech Barasa,+250784487367,G-0192,2023-11-05
F-01880,Nekesa Khaemba,+250781695800,G-0192,2023-07-15
F-01881,Mutesi Bizimana,+250786798904,G-0192,2025-05-29
F-01882,Niyonzima Owor,+250785734686,G-0192,2024-12-17
F-01883,Niyonzima Wangila,+250789660659,G-0193,2023-12-29
F-01884,Wasswa Juma,+250780320714,G-0193,2023-09-21
F-01885,Niyonzima Hakizimana,+250785155830,G-0193,2023-08-13
F-01886,Otieno Makokha,+250780874956,G-0193,2024-03-07
F-01887,Amongi Uwimana,+250783756916,G-0193,2023-10-29
F-01888,Adhiambo Namunyu,+250785616618,G-0193,2024-03-02
F-01889,Habimana Otieno,+250785129378,G-0193,2025-02-10
F-01890,Amongi Nandwa,+250789276402,G-0194,2025-01-20
F-01891,Wasswa Otieno,+250785487739,G-0194,2025-04-16
F-01892,Musimenta Rotich,+250786529075,G-0194,2024-07-26
F-01893,Okello Rotich,+250780918518,G-0194,2024-07-02
F-01894,Nabirye Khaemba,+250781750135,G-0194,2024-08-27
F-01895,Ojok Kagabo,+250788126996,G-0194,2023-10-13
F-01896,Niyonzima Ntawukuriryayo,+250783930508,G-0194,2025-06-04
F-01897,Kipruto Kirya,+250780260295,G-0194,2023-08-20
F-01898,Mutesi Nsengimana,+250781774403,G-0194,2024-10-26
F-01899,Namusoke Makokha,+256710068796,G-0195,2023-03-10
F-01900,Were Wanyama,+256780454556,G-0195,2024-12-18
F-01901,Atieno Kiplagat,+256728695719,G-0195,2025-01-06
F-01902,Mugisha Wanyama,+256720322759,G-0195,2025-06-21
F-01903,Jepkosgei Sifuna,+256706349336,G-0195,2024-07-31
F-01904,Ingabire Omondi,+256705203280,G-0195,2025-06-28
F-01905,Kipruto Wanyonyi,+256751421258,G-0195,2024-07-03
F-01906,Odhiambo Rotich,+256753968989,G-0196,2024-06-26
F-01907,Musimenta Nandwa,+256774555007,G-0196,2023-04-12
F-01908,Were Juma,+256728150941,G-0196,2025-02-16
F-01909,Amongi Uwimana,+256745793847,G-0196,2023-11-10
F-01910,Twagirayezu Ntawukuriryayo,+256788016816,G-0196,2024-04-22
F-01911,Musimenta Wafula,+256733103482,G-0196,2024-04-06
F-01912,Were Kagabo,+256700623747,G-0196,2023-11-28
F-01913,Chepkoech Barasa,+256789316993,G-0196,2024-08-29
F-01914,Wanjiru Mukamurenzi,+256705721248,G-0196,2025-03-24
F-01915,Nafula Omondi,+256757449707,G-0197,2024-01-04
F-01916,Uwase Wangila,+256760613868,G-0197,2023-08-24
F-01917,Okello Situma,+256728471968,G-0197,2024-07-02
F-01918,Uwimana Nsengimana,+256742088017,G-0197,2023-05-12
F-01919,Nabirye Wanyama,+256702775071,G-0197,2023-11-21
F-01920,Mugisha Nsengimana,+256771054864,G-0197,2023-10-07
F-01921,Okello Barasa,+256739349184,G-0197,2023-03-07
F-01922,Chepkoech Kagabo,+256763763369,G-0197,2024-07-08
F-01923,Niyonzima Namunyu,+256734875884,G-0197,2024-07-19
F-01924,Nekesa Juma,+256771721627,G-0197,2025-01-12
F-01925,Wasswa Namunyu,+256751110512,G-0197,2025-03-16
F-01926,Nakato Cherop,+256727250486,G-0197,2023-03-26
F-01927,Wasswa Sifuna,+256767822775,G-0197,2025-03-24
F-01928,Uwase Mutai,+256769741076,G-0197,2024-11-25
F-01929,Otieno Situma,+256731324452,G-0198,2023-09-04
F-01930,Jepkosgei Mutai,+256731125261,G-0198,2023-11-16
F-01931,Chelimo Cherop,+256748559642,G-0198,2025-06-10
F-01932,Wekesa Namunyu,+256715510767,G-0198,2023-12-05
F-01933,Wafula Watulo,+256755751895,G-0198,2024-06-27
F-01934,Nasimiyu Mukamurenzi,+256749898809,G-0198,2024-07-14
F-01935,Simiyu Omondi,+256720737909,G-0198,2023-08-27
F-01936,Auma Simiyu,+256749618048,G-0199,2025-05-22
F-01937,Wanyama Owor,+256711487795,G-0199,2024-06-21
F-01938,Okello Hakizimana,+256719183043,G-0199,2024-05-07
F-01939,Wanjiru Khaemba,+256710016486,G-0199,2023-08-21
F-01940,Cheruiyot Otieno,+256718712105,G-0199,2025-02-18
F-01941,Nakato Wafula,+256708675281,G-0199,2024-12-21
F-01942,Amongi Wafula,+256783026248,G-0199,2024-06-10
F-01943,Mugisha Nsengimana,+256786184371,G-0199,2024-02-22
F-01944,Cheruiyot Kirya,+256706726801,G-0199,2024-12-28
F-01945,Nanjala Nandwa,+256774536259,G-0199,2023-07-31
F-01946,Niyonzima Barasa,+256740068064,G-0200,2023-08-14
F-01947,Wasswa Mutai,+256758484287,G-0200,2024-09-08
F-01948,Mukamana Hakizimana,+256745514077,G-0200,2024-10-24
F-01949,Wanyama Kagabo,+256762227073,G-0200,2024-02-12
F-01950,Achieng Wanyonyi,+256707699766,G-0200,2024-11-05
F-01951,Nekesa Sifuna,+256722307994,G-0200,2024-08-22
F-01952,Namusoke Ntawukuriryayo,+256716580708,G-0200,2024-10-30
F-01953,Atieno Wanyama,+256725256355,G-0200,2024-10-20
F-01954,Barasa Simiyu,+256786377552,G-0200,2024-01-02
F-01955,Wafula Mukamurenzi,+256772126708,G-0201,2024-12-21
F-01956,Mugisha Hakizimana,+256752066490,G-0201,2023-07-07
F-01957,Uwimana Kagabo,+256759506628,G-0201,2023-05-04
F-01958,Odhiambo Wanyonyi,+256702504478,G-0201,2024-06-04
F-01959,Kiptoo Nabukenya,+256701165858,G-0201,2023-04-18
F-01960,Atieno Uwimana,+256720145148,G-0201,2024-07-21
F-01961,Auma Khaemba,+256768287637,G-0201,2023-08-02
F-01962,Kipruto Nandwa,+256771842755,G-0201,2023-12-09
F-01963,Twagirayezu Mukamurenzi,+256782218757,G-0201,2025-06-02
F-01964,Namusoke Watulo,+256743037437,G-0201,2025-04-15
F-01965,Kirabo Chemutai,+256713245597,G-0201,2023-05-07
F-01966,Niyonzima Namulundu,+256742342073,G-0202,2025-01-16
F-01967,Chelimo Mutai,+256703951683,G-0202,2024-09-17
F-01968,Namusoke Makokha,+256753410497,G-0202,2024-04-12
F-01969,Nasimiyu Kagabo,+256768178205,G-0202,2024-07-06
F-01970,Nanjala Namunyu,+256774275479,G-0202,2024-11-27
F-01971,Mugisha Owor,+256726450435,G-0202,2024-10-18
F-01972,Were Kiplagat,+256741400710,G-0203,2025-04-05
F-01973,Masika Nsengimana,+256737823167,G-0203,2024-11-21
F-01974,Namusoke Ntawukuriryayo,+256724968489,G-0203,2024-04-02
F-01975,Cheruiyot Hakizimana,+256764086794,G-0203,2023-04-16
F-01976,Barasa Wafula,+256724206619,G-0203,2024-10-11
F-01977,Habimana Khaemba,+256775316316,G-0203,2023-05-26
F-01978,Nekesa Simiyu,+256775343047,G-0203,2025-02-07
F-01979,Kipruto Wanyama,+256786204140,G-0203,2023-09-10
F-01980,Ndayisenga Nabukenya,+256747433606,G-0203,2023-03-07
F-01981,Wafula Hakizimana,+256750515070,G-0203,2023-07-15
F-01982,Kirabo Namulundu,+256707911924,G-0204,2024-09-10
F-01983,Chelimo Barasa,+256755338618,G-0204,2024-05-20
F-01984,Niyonzima Okello,+256771212384,G-0204,2023-11-03
F-01985,Musimenta Okello,+256762152649,G-0204,2024-05-30
F-01986,Simiyu Wangila,+256752052452,G-0204,2023-04-15
F-01987,Barasa Hakizimana,+256788038436,G-0204,2023-08-26
F-01988,Nafula Cherop,+256719985238,G-0204,2024-01-31
F-01989,Kiptoo Barasa,+256745996829,G-0204,2024-11-10
F-01990,Wanyama Okello,+256718322083,G-0205,2023-12-13
F-01991,Kiptoo Otieno,+256736719562,G-0205,2023-03-14
F-01992,Ndayisenga Nabukenya,+256701112844,G-0205,2024-07-25
F-01993,Were Bizimana,+256770808036,G-0205,2024-12-15
F-01994,Cheruiyot Hakizimana,+256786501211,G-0205,2023-03-07
F-01995,Niyonzima Nandwa,+256756635625,G-0205,2023-12-17
F-01996,Auma Kiplagat,+256739465947,G-0205,2024-03-20
F-01997,Were Nabukenya,+256700061699,G-0205,2025-02-17
F-01998,Wanyama Masaba,+256734526936,G-0205,2025-05-09
F-01999,Ndayisenga Nabukenya,+256750094336,G-0205,2025-01-25
F-02000,Ndayisenga Okello,+256754962152,G-0205,2024-12-22
F-02001,Mutesi Omondi,+256710497219,G-0205,2023-04-25
F-02002,Twagirayezu Namunyu,+256722743275,G-0206,2023-05-15
F-02003,Uwase Wangila,+256736026590,G-0206,2024-03-06
F-02004,Odhiambo Barasa,+256745488296,G-0206,2024-07-06
F-02005,Nabirye Nandwa,+256759856575,G-0206,2023-06-10
F-02006,Masika Namulundu,+256720636456,G-0206,2025-01-02
F-02007,Chelimo Juma,+256788851000,G-0206,2025-04-13
F-02008,Nekesa Wafula,+256727553294,G-0206,2024-06-08
F-02009,Barasa Makokha,+256764729672,G-0206,2024-06-03
F-02010,Uwimana Wanyonyi,+256757436424,G-0206,2023-10-22
F-02011,Wanyama Otieno,+256769772065,G-0206,2025-04-19
F-02012,Chelimo Uwimana,+256766060768,G-0206,2023-05-23
F-02013,Uwase Wekesa,+256770859963,G-0206,2024-02-01
F-02014,Were Otieno,+256779775293,G-0206,2025-03-30
F-02015,Auma Nabukenya,+256725469163,G-0207,2024-08-06
F-02016,Chepkoech Kagabo,+256721321118,G-0207,2024-11-17
F-02017,Masika Makokha,+256774868156,G-0207,2023-12-08
F-02018,Nakato Rotich,+256725378644,G-0207,2024-06-20
F-02019,Atieno Rotich,+256741494123,G-0207,2024-07-19
F-02020,Were Wanyama,+256783543873,G-0207,2024-10-26
F-02021,Namusoke Juma,+256789868686,G-0207,2024-11-08
F-02022,Wanjiru Barasa,+256752090888,G-0207,2024-09-21
F-02023,Okello Kiplagat,+256729641242,G-0207,2024-02-26
F-02024,Nanjala Nandwa,+256787234741,G-0207,2023-08-06
F-02025,Nasimiyu Bizimana,+256784208342,G-0207,2023-08-06
F-02026,Adhiambo Kagabo,+256786117360,G-0208,2024-11-10
F-02027,Wekesa Okello,+256723356354,G-0208,2024-10-22
F-02028,Barasa Kirya,+256759839739,G-0208,2025-02-09
F-02029,Nekesa Wangila,+256752945682,G-0208,2024-11-08
F-02030,Adhiambo Nsengimana,+256736861354,G-0208,2024-06-30
F-02031,Chelimo Otieno,+256783645912,G-0208,2023-10-29
F-02032,Ojok Owor,+256740270626,G-0208,2025-05-14
F-02033,Wanjiru Barasa,+256742810443,G-0208,2024-06-07
F-02034,Naliaka Chemutai,+256724262824,G-0208,2024-07-03
F-02035,Jepkosgei Wanyonyi,+256767917547,G-0208,2024-05-28
F-02036,Auma Uwimana,+256777614785,G-0208,2025-01-13
F-02037,Mugisha Nandwa,+256736543669,G-0209,2023-09-27
F-02038,Barasa Cherop,+256733666886,G-0209,2023-03-09
F-02039,Nasimiyu Wafula,+256776445767,G-0209,2024-11-02
F-02040,Wasswa Simiyu,+256710200957,G-0209,2025-04-07
F-02041,Nabirye Barasa,+256729567319,G-0209,2023-09-01
F-02042,Amongi Nandwa,+256774129027,G-0209,2025-01-31
F-02043,Chelimo Omondi,+256703302516,G-0209,2023-03-04
F-02044,Were Simiyu,+256763500678,G-0210,2025-06-06
F-02045,Were Masaba,+256740196173,G-0210,2024-09-29
F-02046,Nabirye Otieno,+256747129217,G-0210,2023-06-25
F-02047,Kirabo Masaba,+256769607932,G-0210,2024-01-11
F-02048,Wafula Barasa,+256728207215,G-0210,2024-01-31
F-02049,Nafula Uwimana,+256707852011,G-0210,2024-02-13
F-02050,Musimenta Kirya,+256725696113,G-0210,2024-09-17
F-02051,Nafula Namunyu,+256744218603,G-0210,2024-01-27
F-02052,Masika Wekesa,+256773076153,G-0210,2023-10-29
F-02053,Uwimana Cherop,+256715934201,G-0210,2025-05-30
F-02054,Nasimiyu Omondi,+256766394725,G-0210,2024-01-04
F-02055,Wanyama Wafula,+256788981413,G-0211,2024-01-02
F-02056,Achieng Omondi,+256760277789,G-0211,2024-01-26
F-02057,Chelimo Namulundu,+256767622011,G-0211,2025-03-04
F-02058,Musimenta Namunyu,+256722476642,G-0211,2024-01-08
F-02059,Uwase Hakizimana,+256710623989,G-0211,2023-03-23
F-02060,Mutesi Owor,+256777660158,G-0211,2023-07-01
F-02061,Otieno Masaba,+256768848837,G-0211,2024-04-07
F-02062,Nanjala Wekesa,+256783789138,G-0211,2023-11-28
F-02063,Naliaka Chemutai,+256752941413,G-0212,2023-05-01
F-02064,Wasswa Wangila,+256780995497,G-0212,2024-11-16
F-02065,Nanjala Kagabo,+256736629339,G-0212,2023-10-24
F-02066,Barasa Barasa,+256751894692,G-0212,2024-12-06
F-02067,Amongi Hakizimana,+256707764443,G-0212,2023-12-04
F-02068,Uwase Wanyonyi,+256767735940,G-0212,2024-06-08
F-02069,Jepkosgei Chemutai,+256776443480,G-0212,2024-09-02
F-02070,Wasswa Nandwa,+256721110598,G-0212,2023-12-20
F-02071,Nasimiyu Namulundu,+256761509611,G-0212,2024-11-07
F-02072,Nasimiyu Wafula,+256760124463,G-0212,2024-11-24
F-02073,Wafula Ntawukuriryayo,+256770219933,G-0212,2023-10-21
F-02074,Mutesi Sifuna,+256722994465,G-0212,2024-10-07
F-02075,Wasswa Ntawukuriryayo,+256714006793,G-0212,2023-09-14
F-02076,Twagirayezu Omondi,+256782063741,G-0213,2023-06-13
F-02077,Uwimana Masaba,+256747749123,G-0213,2024-07-16
F-02078,Wanyama Simiyu,+256775455466,G-0213,2025-03-07
F-02079,Niyonzima Wanyonyi,+256749819941,G-0213,2025-01-05
F-02080,Chelimo Namunyu,+256743014616,G-0213,2024-05-22
F-02081,Wanjiru Barasa,+256720507326,G-0213,2025-02-13
F-02082,Barasa Otieno,+256734253359,G-0213,2024-02-06
F-02083,Chelimo Simiyu,+256707080684,G-0213,2023-03-30
F-02084,Twagirayezu Okello,+256768158875,G-0213,2024-08-09
F-02085,Kirabo Mutai,+256776883364,G-0213,2024-06-01
F-02086,Nakato Owor,+256747659174,G-0213,2025-04-15
F-02087,Simiyu Kagabo,+256715344879,G-0213,2023-06-27
F-02088,Habimana Nandwa,+256772674715,G-0213,2024-10-26
F-02089,Mutesi Kiplagat,+256733613235,G-0213,2024-07-20
F-02090,Uwimana Kagabo,+256777175256,G-0214,2023-08-27
F-02091,Musimenta Masaba,+256749062589,G-0214,2024-12-01
F-02092,Mugisha Otieno,+256766144346,G-0214,2024-02-25
F-02093,Achieng Hakizimana,+256728327360,G-0214,2024-11-05
F-02094,Nasimiyu Barasa,+256771777714,G-0214,2025-06-12
F-02095,Habimana Makokha,+256787544703,G-0214,2024-09-29
F-02096,Atieno Chemutai,+256702576651,G-0215,2024-04-03
F-02097,Nakato Kiplagat,+256784988660,G-0215,2024-07-21
F-02098,Nasimiyu Kagabo,+256730382208,G-0215,2024-03-17
F-02099,Wasswa Wekesa,+256781225016,G-0215,2023-03-18
F-02100,Mukamana Mukamurenzi,+256725707156,G-0215,2023-03-31
F-02101,Mugisha Simiyu,+256732544176,G-0215,2025-02-03
F-02102,Habimana Rotich,+256730606421,G-0215,2023-04-03
F-02103,Amongi Kagabo,+256721958741,G-0215,2023-05-11
F-02104,Mugisha Otieno,+256741118455,G-0215,2023-06-08
F-02105,Kiptoo Situma,+256701800420,G-0215,2024-06-29
F-02106,Ingabire Otieno,+256734356891,G-0215,2024-04-19
F-02107,Kiptoo Wanyama,+256761644393,G-0215,2023-09-06
F-02108,Niyonzima Wanyonyi,+256743575297,G-0215,2023-07-03
F-02109,Jepkosgei Namunyu,+256741084899,G-0216,2024-11-24
F-02110,Mutesi Chemutai,+256710925358,G-0216,2023-10-15
F-02111,Kiptoo Bizimana,+256735631304,G-0216,2024-05-02
F-02112,Mugisha Masaba,+256770915652,G-0216,2023-04-28
F-02113,Wanjiru Okello,+256717208410,G-0216,2024-07-07
F-02114,Wafula Wanyama,+256726150034,G-0216,2023-10-04
F-02115,Nafula Nabukenya,+256752203550,G-0216,2023-03-05
F-02116,Nafula Khaemba,+256766608674,G-0216,2024-09-24
F-02117,Amongi Wafula,+256744282254,G-0217,2023-03-08
F-02118,Adhiambo Nsengimana,+256772655147,G-0217,2025-04-24
F-02119,Okello Khaemba,+256717323256,G-0217,2023-03-22
F-02120,Mukamana Wafula,+256725175350,G-0217,2023-04-03
F-02121,Nabirye Kagabo,+256763155618,G-0217,2023-10-12
F-02122,Wanjiru Barasa,+256785598986,G-0217,2025-05-16
F-02123,Ojok Nsengimana,+256785504917,G-0217,2023-08-03
F-02124,Chepkoech Wanyonyi,+256700181402,G-0218,2024-11-30
F-02125,Kiptoo Juma,+256773132379,G-0218,2025-05-06
F-02126,Mutesi Kiplagat,+256751033439,G-0218,2023-12-28
F-02127,Mugisha Wanyonyi,+256726772022,G-0218,2024-11-27
F-02128,Mugisha Wanyonyi,+256750049173,G-0218,2024-07-15
F-02129,Amongi Nsengimana,+256720591300,G-0218,2023-05-24
F-02130,Atieno Khaemba,+256710106114,G-0219,2023-11-18
F-02131,Auma Wangila,+256745560397,G-0219,2023-12-29
F-02132,Wanyama Uwimana,+256708620876,G-0219,2025-05-24
F-02133,Simiyu Kirya,+256735503142,G-0219,2023-03-01
F-02134,Atieno Wangila,+256767894016,G-0219,2024-02-13
F-02135,Simiyu Makokha,+256717318509,G-0219,2024-09-30
F-02136,Kirabo Wekesa,+256778922882,G-0219,2023-11-28
F-02137,Nanjala Omondi,+256781199746,G-0219,2024-02-21
F-02138,Namusoke Owor,+256770791993,G-0219,2023-07-13
F-02139,Masika Cherop,+256732291322,G-0219,2025-06-06
F-02140,Otieno Nabukenya,+256781617949,G-0220,2025-02-21
F-02141,Kiptoo Uwimana,+256788930254,G-0220,2025-03-28
F-02142,Musimenta Mukamurenzi,+256710913397,G-0220,2024-10-31
F-02143,Jepkosgei Okello,+256781887983,G-0220,2023-06-08
F-02144,Ndayisenga Juma,+256704792495,G-0220,2023-04-18
F-02145,Chepkoech Kirya,+256740204703,G-0220,2025-05-09
F-02146,Nanjala Wangila,+256738129542,G-0220,2024-10-10
F-02147,Nasimiyu Watulo,+256728136830,G-0221,2023-12-17
F-02148,Atieno Uwimana,+256767414697,G-0221,2023-11-21
F-02149,Wafula Uwimana,+256787997145,G-0221,2023-11-25
F-02150,Okello Kiplagat,+256773474268,G-0221,2025-03-06
F-02151,Naliaka Rotich,+256744713299,G-0221,2023-08-11
F-02152,Kiptoo Kirya,+256778285627,G-0221,2024-11-16
F-02153,Nekesa Sifuna,+256724061686,G-0221,2025-04-24
F-02154,Wekesa Chemutai,+256760799604,G-0222,2024-04-29
F-02155,Kipruto Ntawukuriryayo,+256785187832,G-0222,2023-05-18
F-02156,Mutesi Mukamurenzi,+256713179964,G-0222,2023-11-21
F-02157,Wekesa Owor,+256760687344,G-0222,2023-11-26
F-02158,Kiptoo Otieno,+256720707528,G-0222,2023-09-21
F-02159,Kiptoo Otieno,+256755075828,G-0222,2025-01-20
F-02160,Amongi Wekesa,+256744417856,G-0222,2023-03-18
F-02161,Namusoke Kagabo,+256759660370,G-0222,2025-06-02
F-02162,Kiptoo Nandwa,+256736963743,G-0222,2024-11-05
F-02163,Were Wanyonyi,+256731541445,G-0222,2023-10-31
F-02164,Wanjiru Ntawukuriryayo,+256737122469,G-0223,2025-03-07
F-02165,Nasimiyu Uwimana,+256742909989,G-0223,2023-05-11
F-02166,Wanjiru Namulundu,+256766947736,G-0223,2023-05-16
F-02167,Auma Bizimana,+256775841918,G-0223,2023-05-05
F-02168,Wafula Namulundu,+256763418847,G-0223,2024-10-21
F-02169,Simiyu Barasa,+256736962028,G-0223,2023-11-10
F-02170,Odhiambo Wanyama,+256712665574,G-0223,2023-09-14
F-02171,Kipruto Nabukenya,+256704742286,G-0223,2024-10-02
F-02172,Barasa Wanyama,+256745315469,G-0224,2023-06-19
F-02173,Atieno Okello,+256709283719,G-0224,2024-11-26
F-02174,Auma Bizimana,+256704768530,G-0224,2025-01-10
F-02175,Were Bizimana,+256744883326,G-0224,2024-05-13
F-02176,Uwimana Kagabo,+256709452116,G-0224,2024-03-19
F-02177,Mukamana Chemutai,+256716281147,G-0224,2024-10-08
F-02178,Wekesa Ntawukuriryayo,+256757825303,G-0224,2024-11-13
F-02179,Uwimana Simiyu,+256786567028,G-0224,2024-06-13
F-02180,Barasa Mukamurenzi,+256737272376,G-0224,2024-03-13
F-02181,Achieng Situma,+256725665798,G-0224,2023-09-10
F-02182,Twagirayezu Wanyonyi,+256730083915,G-0224,2024-01-25
F-02183,Niyonzima Kagabo,+256766878362,G-0225,2024-09-19
F-02184,Atieno Rotich,+256713094185,G-0225,2024-04-29
F-02185,Chepkoech Situma,+256752922667,G-0225,2023-04-28
F-02186,Cheruiyot Ntawukuriryayo,+256777755304,G-0225,2024-11-05
F-02187,Wasswa Wafula,+256701474376,G-0225,2024-08-29
F-02188,Wekesa Kagabo,+256785484959,G-0225,2023-03-20
F-02189,Uwimana Chemutai,+256750561304,G-0225,2024-06-29
F-02190,Kiptoo Otieno,+256752622328,G-0225,2023-04-17
F-02191,Cheruiyot Hakizimana,+256737021692,G-0225,2023-03-12
F-02192,Musimenta Omondi,+256762155414,G-0225,2023-09-28
F-02193,Auma Omondi,+256772331461,G-0225,2025-06-15
F-02194,Nasimiyu Wangila,+256768762965,G-0225,2024-05-24
F-02195,Auma Namunyu,+256718273709,G-0226,2024-12-22
F-02196,Naliaka Kagabo,+256754018953,G-0226,2023-08-16
F-02197,Nanjala Simiyu,+256773436076,G-0226,2025-02-07
F-02198,Nanjala Nsengimana,+256782584117,G-0226,2023-10-28
F-02199,Okello Simiyu,+256742775226,G-0226,2024-02-04
F-02200,Wanjiru Wanyama,+256729264486,G-0226,2024-04-10
F-02201,Ndayisenga Kirya,+256776587745,G-0226,2024-11-21
F-02202,Achieng Nandwa,+256714702048,G-0226,2024-03-27
F-02203,Atieno Wafula,+256739145464,G-0226,2024-11-18
F-02204,Jepkosgei Barasa,+256766224202,G-0226,2023-07-29
F-02205,Otieno Mutai,+256720987657,G-0226,2023-07-31
F-02206,Kiptoo Makokha,+256779647706,G-0226,2024-08-23
F-02207,Masika Hakizimana,+256730317386,G-0227,2024-06-30
F-02208,Wanjiru Makokha,+256761165475,G-0227,2024-04-21
F-02209,Chepkoech Hakizimana,+256727631269,G-0227,2023-06-03
F-02210,Nekesa Barasa,+256712843592,G-0227,2024-12-11
F-02211,Kiptoo Makokha,+256721328577,G-0227,2024-11-19
F-02212,Namusoke Wangila,+256776584677,G-0227,2025-01-11
F-02213,Nabirye Watulo,+256729213857,G-0227,2024-01-24
F-02214,Nasimiyu Nsengimana,+256750805917,G-0227,2025-06-21
F-02215,Simiyu Nandwa,+256772260130,G-0227,2023-04-26
F-02216,Naliaka Wanyonyi,+256775490612,G-0227,2023-08-19
F-02217,Ndayisenga Makokha,+256783498494,G-0227,2024-07-04
F-02218,Nanjala Otieno,+256739291235,G-0227,2024-03-25
F-02219,Chepkoech Masaba,+256708610149,G-0228,2025-02-02
F-02220,Ndayisenga Watulo,+256714029734,G-0228,2023-06-18
F-02221,Wekesa Wangila,+256745463394,G-0228,2023-07-30
F-02222,Ndayisenga Okello,+256787801315,G-0228,2023-09-09
F-02223,Nekesa Kirya,+256752869573,G-0228,2024-12-18
F-02224,Cheruiyot Kiplagat,+256756051826,G-0228,2024-07-10
F-02225,Chelimo Sifuna,+256702688320,G-0228,2023-11-30
F-02226,Ingabire Mutai,+256764656396,G-0228,2024-02-04
F-02227,Mutesi Wekesa,+256787556576,G-0228,2023-05-05
F-02228,Chepkoech Otieno,+256741290573,G-0228,2025-06-04
F-02229,Cheruiyot Wangila,+256756380657,G-0228,2023-06-18
F-02230,Kirabo Kagabo,+256733870553,G-0228,2024-12-30
F-02231,Chelimo Ntawukuriryayo,+256718191001,G-0229,2023-12-16
F-02232,Simiyu Sifuna,+256711854681,G-0229,2024-10-18
F-02233,Chelimo Kagabo,+256712619726,G-0229,2023-03-27
F-02234,Habimana Nsengimana,+256764234135,G-0229,2024-02-02
F-02235,Amongi Kiplagat,+256718009689,G-0229,2023-04-19
F-02236,Twagirayezu Owor,+256773444238,G-0229,2024-07-03
F-02237,Namusoke Sifuna,+256760542954,G-0229,2023-09-23
F-02238,Nekesa Okello,+256729543348,G-0229,2025-03-25
F-02239,Nakato Bizimana,+256722614957,G-0229,2024-08-13
F-02240,Jepkosgei Bizimana,+256775730206,G-0229,2024-04-23
F-02241,Otieno Wanyama,+256714318168,G-0229,2024-04-16
F-02242,Otieno Nandwa,+256744534679,G-0229,2024-10-27
F-02243,Nekesa Mukamurenzi,+256718678445,G-0229,2025-04-02
F-02244,Ingabire Kagabo,+256757187294,G-0229,2025-04-21
F-02245,Auma Simiyu,+256760434072,G-0230,2024-09-16
F-02246,Nasimiyu Nsengimana,+256744545630,G-0230,2023-11-23
F-02247,Jepkosgei Wanyonyi,+256751752841,G-0230,2024-11-16
F-02248,Niyonzima Rotich,+256756859223,G-0230,2023-07-18
F-02249,Amongi Situma,+256702915065,G-0230,2025-06-14
F-02250,Musimenta Barasa,+256700020602,G-0230,2024-09-24
F-02251,Odhiambo Otieno,+256711951272,G-0230,2024-11-15
F-02252,Wanjiru Nabukenya,+256726351719,G-0230,2025-02-06
F-02253,Chepkoech Nsengimana,+256779542307,G-0230,2024-10-14
F-02254,Mukamana Simiyu,+256780042550,G-0231,2023-11-24
F-02255,Wanjiru Chemutai,+256776495344,G-0231,2023-10-29
F-02256,Nasimiyu Nsengimana,+256778426099,G-0231,2024-03-01
F-02257,Atieno Okello,+256713720194,G-0231,2023-06-06
F-02258,Musimenta Cherop,+256761684188,G-0231,2025-02-22
F-02259,Wasswa Ntawukuriryayo,+256718142545,G-0231,2024-12-20
F-02260,Cheruiyot Watulo,+256772288803,G-0231,2023-08-07
F-02261,Ndayisenga Watulo,+256712582905,G-0232,2023-10-18
F-02262,Musimenta Namunyu,+256741914010,G-0232,2025-02-22
F-02263,Niyonzima Namunyu,+256764378906,G-0232,2025-01-19
F-02264,Wafula Mukamurenzi,+256782439559,G-0232,2025-04-01
F-02265,Musimenta Namulundu,+256744072508,G-0232,2024-06-29
F-02266,Were Wafula,+256749659195,G-0232,2024-10-14
F-02267,Odhiambo Chemutai,+256768390137,G-0232,2023-10-04
F-02268,Adhiambo Wanyama,+256700480486,G-0232,2024-05-22
F-02269,Nakato Cherop,+256754726594,G-0232,2023-07-23
F-02270,Achieng Hakizimana,+256765889645,G-0232,2025-02-16
F-02271,Jepkosgei Barasa,+256749227061,G-0233,2025-02-26
F-02272,Uwase Simiyu,+256777968289,G-0233,2024-08-09
F-02273,Nanjala Watulo,+256722287690,G-0233,2024-07-25
F-02274,Masika Watulo,+256722995617,G-0233,2024-09-10
F-02275,Auma Rotich,+256743234417,G-0233,2023-08-14
F-02276,Otieno Wafula,+256729149699,G-0233,2023-04-07
F-02277,Mutesi Cherop,+256754660802,G-0233,2023-07-07
F-02278,Uwase Sifuna,+256778664941,G-0233,2023-06-04
F-02279,Mukamana Juma,+256734714755,G-0233,2024-02-22
F-02280,Kipruto Masaba,+256703996458,G-0233,2023-03-01
F-02281,Mukamana Wafula,+256781545502,G-0233,2023-03-28
F-02282,Wafula Bizimana,+256722954335,G-0233,2023-07-10
F-02283,Twagirayezu Wangila,+256774983729,G-0233,2023-04-03
F-02284,Chepkoech Sifuna,+256764236302,G-0233,2024-09-17
F-02285,Nanjala Barasa,+256713360380,G-0234,2024-06-24
F-02286,Ojok Sifuna,+256728824244,G-0234,2023-05-18
F-02287,Achieng Okello,+256735968953,G-0234,2025-06-18
F-02288,Mukamana Uwimana,+256759863750,G-0234,2023-10-24
F-02289,Wanjiru Mutai,+256760898506,G-0234,2024-10-03
F-02290,Ingabire Wanyonyi,+256748955768,G-0234,2025-01-11
F-02291,Namusoke Juma,+256729998769,G-0234,2024-05-22
F-02292,Chelimo Wanyama,+256710644646,G-0234,2024-02-03
F-02293,Mutesi Wekesa,+256725984396,G-0234,2024-01-14
F-02294,Habimana Bizimana,+256763428440,G-0234,2023-07-25
F-02295,Chepkoech Rotich,+256706917593,G-0234,2023-04-08
F-02296,Otieno Nabukenya,+256756215701,G-0234,2024-09-30
F-02297,Habimana Namulundu,+256704942175,G-0234,2024-09-23
F-02298,Otieno Masaba,+256709030041,G-0235,2024-08-20
F-02299,Uwimana Nandwa,+256787941238,G-0235,2023-09-28
F-02300,Kipruto Simiyu,+256712837475,G-0235,2024-06-27
F-02301,Were Mukamurenzi,+256746612376,G-0235,2023-03-09
F-02302,Ingabire Wangila,+256704977124,G-0235,2024-01-19
F-02303,Nekesa Kagabo,+256728655202,G-0235,2025-03-01
F-02304,Simiyu Masaba,+256719688501,G-0235,2025-01-28
F-02305,Twagirayezu Nsengimana,+256710409670,G-0236,2024-10-03
F-02306,Ojok Hakizimana,+256756177793,G-0236,2023-03-29
F-02307,Nanjala Masaba,+256757321702,G-0236,2023-11-16
F-02308,Nakato Khaemba,+256772604700,G-0236,2023-09-03
F-02309,Odhiambo Okello,+256741788983,G-0236,2024-11-18
F-02310,Auma Mukamurenzi,+256730105718,G-0236,2025-06-13
F-02311,Nekesa Cherop,+256723192405,G-0236,2025-05-29
F-02312,Wasswa Watulo,+256759649954,G-0236,2023-04-21
F-02313,Simiyu Otieno,+256765178380,G-0236,2025-06-02
F-02314,Chelimo Watulo,+256736835834,G-0236,2024-05-26
F-02315,Wasswa Mukamurenzi,+256746426667,G-0236,2023-08-28
F-02316,Ndayisenga Situma,+256789252713,G-0236,2025-04-25
F-02317,Wekesa Nandwa,+256777359104,G-0237,2025-03-11
F-02318,Achieng Mutai,+256767055670,G-0237,2024-09-17
F-02319,Mukamana Makokha,+256738669098,G-0237,2023-10-02
F-02320,Habimana Kirya,+256762388277,G-0237,2024-06-12
F-02321,Chepkoech Wangila,+256714192324,G-0237,2023-09-10
F-02322,Kiptoo Khaemba,+256726726232,G-0237,2023-12-22
F-02323,Ojok Otieno,+256741697906,G-0237,2024-05-14
F-02324,Naliaka Bizimana,+256733414779,G-0237,2023-09-29
F-02325,Achieng Juma,+256776264444,G-0237,2025-06-16
F-02326,Adhiambo Okello,+256769101889,G-0237,2023-09-13
F-02327,Adhiambo Wekesa,+256735080931,G-0237,2023-07-04
F-02328,Otieno Kiplagat,+256760049664,G-0237,2024-12-02
F-02329,Nabirye Mukamurenzi,+256764687002,G-0238,2025-01-17
F-02330,Kiptoo Juma,+256778909036,G-0238,2023-10-30
F-02331,Auma Hakizimana,+256734002649,G-0238,2024-06-01
F-02332,Naliaka Wafula,+256742027562,G-0238,2023-03-12
F-02333,Musimenta Kiplagat,+256773841544,G-0238,2025-02-08
F-02334,Uwase Watulo,+256707936132,G-0238,2024-11-25
F-02335,Nabirye Mukamurenzi,+256781140764,G-0238,2024-05-09
F-02336,Habimana Masaba,+256767027933,G-0238,2025-02-13
F-02337,Twagirayezu Okello,+256701302333,G-0238,2023-03-14
F-02338,Nasimiyu Khaemba,+256755662771,G-0238,2023-09-26
F-02339,Barasa Omondi,+256706488447,G-0238,2025-02-20
F-02340,Kirabo Barasa,+256750739178,G-0238,2024-06-11
F-02341,Mutesi Mutai,+256774158688,G-0239,2023-09-13
F-02342,Habimana Wangila,+256782423526,G-0239,2024-02-24
F-02343,Amongi Wafula,+256733140666,G-0239,2024-04-15
F-02344,Ingabire Namulundu,+256760468755,G-0239,2023-09-27
F-02345,Otieno Kiplagat,+256714822847,G-0239,2025-05-15
F-02346,Mutesi Barasa,+256740867003,G-0239,2024-10-21
F-02347,Namusoke Juma,+256764203762,G-0239,2024-10-10
F-02348,Atieno Wanyama,+256786935129,G-0239,2023-12-06
F-02349,Amongi Situma,+256735030872,G-0239,2025-03-02
F-02350,Nasimiyu Ntawukuriryayo,+256744309917,G-0239,2023-11-04
F-02351,Amongi Nsengimana,+256755083602,G-0239,2025-01-22
F-02352,Musimenta Namunyu,+256768106621,G-0239,2023-03-10
F-02353,Barasa Barasa,+256770949965,G-0240,2023-07-04
F-02354,Odhiambo Ntawukuriryayo,+256711596199,G-0240,2023-12-16
F-02355,Nasimiyu Nandwa,+256744108915,G-0240,2025-03-20
F-02356,Were Nsengimana,+256722637342,G-0240,2024-09-06
F-02357,Habimana Nandwa,+256726203794,G-0240,2024-01-11
F-02358,Achieng Namulundu,+256776377193,G-0240,2023-10-12
F-02359,Ndayisenga Bizimana,+256737974788,G-0240,2025-02-19
F-02360,Chepkoech Barasa,+256718005945,G-0240,2023-05-07
F-02361,Kiptoo Nsengimana,+256710073379,G-0240,2025-01-10
F-02362,Kirabo Khaemba,+256703356993,G-0240,2023-05-23
F-02363,Okello Namulundu,+256788832526,G-0240,2023-04-18
F-02364,Ojok Nabukenya,+256760322727,G-0240,2023-07-04
F-02365,Twagirayezu Kiplagat,+256704834030,G-0240,2025-01-07
F-02366,Wekesa Wafula,+256749479568,G-0241,2024-10-18
F-02367,Namusoke Mukamurenzi,+256732677017,G-0241,2024-03-22
F-02368,Barasa Mukamurenzi,+256702902365,G-0241,2024-06-03
F-02369,Nafula Kagabo,+256757169962,G-0241,2025-02-25
F-02370,Kipruto Kagabo,+256764874254,G-0241,2025-06-13
F-02371,Atieno Makokha,+256729526312,G-0241,2025-04-05
F-02372,Okello Nabukenya,+256747186690,G-0241,2023-11-20
F-02373,Barasa Wanyonyi,+256765952989,G-0241,2025-01-25
F-02374,Mugisha Rotich,+256750941846,G-0241,2023-03-09
F-02375,Chepkoech Wafula,+256779888248,G-0242,2024-08-25
F-02376,Mugisha Uwimana,+256772960987,G-0242,2023-06-04
F-02377,Uwase Kiplagat,+256706059089,G-0242,2024-11-07
F-02378,Nakato Namulundu,+256738512108,G-0242,2024-10-31
F-02379,Otieno Wafula,+256740729010,G-0242,2023-05-09
F-02380,Achieng Watulo,+256774542776,G-0242,2025-02-20
F-02381,Jepkosgei Simiyu,+256715064818,G-0242,2024-02-02
F-02382,Musimenta Okello,+256710336388,G-0242,2025-01-11
F-02383,Simiyu Barasa,+256775301763,G-0242,2025-02-04
F-02384,Wekesa Okello,+256717919664,G-0242,2023-06-25
F-02385,Simiyu Ntawukuriryayo,+256722136912,G-0242,2023-09-02
F-02386,Simiyu Mukamurenzi,+256789484948,G-0242,2024-09-16
F-02387,Masika Nabukenya,+256766805748,G-0242,2023-08-23
F-02388,Namusoke Cherop,+256721686908,G-0243,2023-11-08
F-02389,Wanyama Wanyama,+256743731302,G-0243,2024-06-19
F-02390,Mugisha Wekesa,+256741626143,G-0243,2024-10-11
F-02391,Wanjiru Mutai,+256732921752,G-0243,2025-06-21
F-02392,Chelimo Nandwa,+256753175184,G-0243,2024-06-21
F-02393,Uwase Nandwa,+256739581822,G-0243,2025-02-11
F-02394,Uwimana Wafula,+256716853898,G-0243,2025-03-24
F-02395,Otieno Owor,+256758760980,G-0244,2024-02-20
F-02396,Achieng Owor,+256732159062,G-0244,2025-04-13
F-02397,Mugisha Wafula,+256725198522,G-0244,2023-10-28
F-02398,Okello Otieno,+256766674558,G-0244,2024-01-08
F-02399,Chepkoech Rotich,+256765367077,G-0244,2023-06-08
F-02400,Kipruto Watulo,+256743010406,G-0244,2024-02-23
F-02401,Nafula Simiyu,+256762142231,G-0244,2024-04-25
F-02402,Nafula Owor,+256727650645,G-0244,2024-05-12
F-02403,Kirabo Kiplagat,+256726255310,G-0244,2023-08-01
F-02404,Uwimana Wafula,+256703769555,G-0245,2024-09-22
F-02405,Wanyama Wangila,+256765607512,G-0245,2024-09-29
F-02406,Amongi Nandwa,+256760640664,G-0245,2023-04-26
F-02407,Jepkosgei Masaba,+256768186469,G-0245,2024-04-25
F-02408,Okello Rotich,+256732319153,G-0245,2025-05-09
F-02409,Odhiambo Wanyonyi,+256779000033,G-0245,2024-10-19
F-02410,Naliaka Situma,+256719717321,G-0245,2025-04-09
F-02411,Twagirayezu Owor,+256779636228,G-0245,2023-03-08
F-02412,Chepkoech Wangila,+256707747734,G-0245,2025-05-10
F-02413,Mutesi Nabukenya,+256738935902,G-0245,2024-12-29
F-02414,Musimenta Nandwa,+256781458357,G-0245,2024-10-31
F-02415,Jepkosgei Cherop,+256701236417,G-0245,2024-05-20
F-02416,Barasa Hakizimana,+256762053481,G-0245,2024-03-17
F-02417,Habimana Omondi,+256779181196,G-0246,2024-11-15
F-02418,Wasswa Hakizimana,+256762460115,G-0246,2023-09-07
F-02419,Masika Chemutai,+256775834325,G-0246,2025-02-25
F-02420,Atieno Juma,+256721077428,G-0246,2024-07-16
F-02421,Uwase Barasa,+256763470320,G-0246,2023-12-13
F-02422,Uwimana Wangila,+256743361328,G-0246,2023-07-19
F-02423,Barasa Wekesa,+256750243011,G-0246,2023-03-25
F-02424,Namusoke Masaba,+256782955054,G-0246,2024-06-18
F-02425,Ingabire Nsengimana,+256717812830,G-0246,2024-07-11
F-02426,Chepkoech Simiyu,+256771908347,G-0246,2023-03-01
F-02427,Uwase Chemutai,+256775333202,G-0246,2024-02-11
F-02428,Mukamana Namunyu,+256738282351,G-0246,2023-04-30
F-02429,Mukamana Uwimana,+256780402132,G-0246,2024-09-01
