order_id,farmer_id,season,order_date,deadline,principal_cents,service_fee_cents,total_due_cents
O-00001,F-00001,2025B,2025-07-14,2026-02-28,2200000,264000,2464000
O-00002,F-00001,2025A,2025-02-01,2025-09-30,886000,106320,992320
O-00003,F-00002,2025A,2025-01-22,2025-09-30,3090000,370800,3460800
O-00004,F-00002,2025B,2025-07-09,2026-02-28,2281000,273720,2554720
O-00005,F-00002,2026A,2026-02-08,2026-09-30,370000,44400,414400
O-00006,F-00003,2026A,2026-02-17,2026-09-30,918000,110160,1028160
O-00007,F-00004,2025A,2025-01-17,2025-09-30,872000,104640,976640
O-00008,F-00005,2025A,2025-01-31,2025-09-30,1548000,185760,1733760
O-00009,F-00005,2026A,2026-01-24,2026-09-30,2031000,243720,2274720
O-00010,F-00005,2025B,2025-07-21,2026-02-28,1199000,143880,1342880
O-00011,F-00006,2025B,2025-07-15,2026-02-28,1835500,220260,2055760
O-00012,F-00006,2026A,2026-02-13,2026-09-30,2920000,350400,3270400
O-00013,F-00006,2025A,2025-02-18,2025-09-30,1102000,132240,1234240
O-00014,F-00007,2026A,2026-02-11,2026-09-30,794500,95340,889840
O-00015,F-00007,2025A,2025-02-23,2025-09-30,2867000,344040,3211040
O-00016,F-00007,2025B,2025-07-17,2026-02-28,1178000,141360,1319360
O-00017,F-00008,2026A,2026-02-15,2026-09-30,1397500,167700,1565200
O-00018,F-00008,2025A,2025-02-15,2025-09-30,1284000,154080,1438080
O-00019,F-00009,2025A,2025-01-22,2025-09-30,1469000,176280,1645280
O-00020,F-00009,2025B,2025-08-07,2026-02-28,1352000,162240,1514240
O-00021,F-00010,2025A,2025-02-12,2025-09-30,1959000,235080,2194080
O-00022,F-00010,2025B,2025-07-03,2026-02-28,1488000,178560,1666560
O-00023,F-00011,2025B,2025-08-09,2026-02-28,792500,95100,887600
O-00024,F-00011,2026A,2026-01-23,2026-09-30,128000,15360,143360
O-00025,F-00012,2025A,2025-02-07,2025-09-30,1901000,228120,2129120
O-00026,F-00012,2025B,2025-08-06,2026-02-28,208000,24960,232960
O-00027,F-00013,2025B,2025-07-22,2026-02-28,4378500,525420,4903920
O-00028,F-00013,2026A,2026-01-21,2026-09-30,1173000,140760,1313760
O-00029,F-00013,2025A,2025-01-26,2025-09-30,1443000,173160,1616160
O-00030,F-00014,2025B,2025-07-10,2026-02-28,1446000,173520,1619520
O-00031,F-00014,2026A,2026-01-31,2026-09-30,192000,23040,215040
O-00032,F-00015,2025B,2025-07-10,2026-02-28,643500,77220,720720
O-00033,F-00015,2025A,2025-02-24,2025-09-30,107000,12840,119840
O-00034,F-00016,2025A,2025-02-19,2025-09-30,1209000,145080,1354080
O-00035,F-00016,2026A,2026-01-18,2026-09-30,1996000,239520,2235520
O-00036,F-00016,2025B,2025-07-23,2026-02-28,923500,110820,1034320
O-00037,F-00017,2026A,2026-02-19,2026-09-30,722500,86700,809200
O-00038,F-00017,2025B,2025-08-06,2026-02-28,1627500,195300,1822800
O-00039,F-00018,2025B,2025-07-19,2026-02-28,3214000,385680,3599680
O-00040,F-00018,2026A,2026-02-20,2026-09-30,2461000,295320,2756320
O-00041,F-00018,2025A,2025-01-26,2025-09-30,1457000,174840,1631840
O-00042,F-00019,2025B,2025-07-12,2026-02-28,681000,81720,762720
O-00043,F-00019,2025A,2025-02-10,2025-09-30,2320000,278400,2598400
O-00044,F-00019,2026A,2026-02-13,2026-09-30,363500,43620,407120
O-00045,F-00020,2025A,2025-02-20,2025-09-30,1474500,176940,1651440
O-00046,F-00020,2025B,2025-07-28,2026-02-28,508500,61020,569520
O-00047,F-00021,2025A,2025-02-19,2025-09-30,1640500,196860,1837360
O-00048,F-00022,2025A,2025-02-01,2025-09-30,1399000,167880,1566880
O-00049,F-00023,2026A,2026-02-21,2026-09-30,1702500,204300,1906800
O-00050,F-00023,2025B,2025-07-20,2026-02-28,1834000,220080,2054080
O-00051,F-00024,2025B,2025-07-21,2026-02-28,2843000,341160,3184160
O-00052,F-00024,2025A,2025-01-16,2025-09-30,1027500,123300,1150800
O-00053,F-00025,2026A,2026-01-29,2026-09-30,1295000,155400,1450400
O-00054,F-00025,2025A,2025-02-06,2025-09-30,1325500,159060,1484560
O-00055,F-00026,2026A,2026-01-21,2026-09-30,3153000,378360,3531360
O-00056,F-00026,2025A,2025-01-17,2025-09-30,1920000,230400,2150400
O-00057,F-00026,2025B,2025-08-07,2026-02-28,4582000,549840,5131840
O-00058,F-00027,2025A,2025-02-12,2025-09-30,380500,45660,426160
O-00059,F-00027,2025B,2025-08-01,2026-02-28,1957000,234840,2191840
O-00060,F-00028,2026A,2026-01-13,2026-09-30,1796000,215520,2011520
O-00061,F-00029,2025B,2025-07-30,2026-02-28,2220000,266400,2486400
O-00062,F-00030,2026A,2026-02-09,2026-09-30,1605000,192600,1797600
O-00063,F-00031,2026A,2026-01-27,2026-09-30,3018000,362160,3380160
O-00064,F-00031,2025B,2025-08-06,2026-02-28,1478000,177360,1655360
O-00065,F-00031,2025A,2025-01-28,2025-09-30,924000,110880,1034880
O-00066,F-00032,2026A,2026-01-29,2026-09-30,1649000,197880,1846880
O-00067,F-00033,2025B,2025-07-24,2026-02-28,2067000,248040,2315040
O-00068,F-00034,2026A,2026-02-11,2026-09-30,246000,29520,275520
O-00069,F-00035,2025A,2025-02-11,2025-09-30,1486500,178380,1664880
O-00070,F-00035,2025B,2025-07-14,2026-02-28,1697000,203640,1900640
O-00071,F-00035,2026A,2026-02-01,2026-09-30,1850000,222000,2072000
O-00072,F-00036,2025A,2025-02-01,2025-09-30,1320000,158400,1478400
O-00073,F-00036,2025B,2025-07-13,2026-02-28,3165500,379860,3545360
O-00074,F-00037,2025A,2025-01-24,2025-09-30,1908000,228960,2136960
O-00075,F-00038,2026A,2026-01-27,2026-09-30,118000,14160,132160
O-00076,F-00038,2025B,2025-08-08,2026-02-28,386000,46320,432320
O-00077,F-00039,2025B,2025-07-20,2026-02-28,1758000,210960,1968960
O-00078,F-00040,2025B,2025-08-02,2026-02-28,690500,82860,773360
O-00079,F-00041,2026A,2026-01-21,2026-09-30,1104000,132480,1236480
O-00080,F-00041,2025A,2025-01-29,2025-09-30,702500,84300,786800
O-00081,F-00042,2025B,2025-08-09,2026-02-28,1068000,128160,1196160
O-00082,F-00042,2026A,2026-02-06,2026-09-30,1502000,180240,1682240
O-00083,F-00042,2025A,2025-01-18,2025-09-30,785000,94200,879200
O-00084,F-00043,2025B,2025-07-16,2026-02-28,1144000,137280,1281280
O-00085,F-00044,2026A,2026-02-03,2026-09-30,1250000,150000,1400000
O-00086,F-00045,2025B,2025-07-08,2026-02-28,1082500,129900,1212400
O-00087,F-00046,2025A,2025-02-12,2025-09-30,1041000,124920,1165920
O-00088,F-00046,2026A,2026-02-06,2026-09-30,1323000,158760,1481760
O-00089,F-00046,2025B,2025-07-16,2026-02-28,3156000,378720,3534720
O-00090,F-00047,2026A,2026-02-03,2026-09-30,2195500,263460,2458960
O-00091,F-00048,2025B,2025-07-05,2026-02-28,3163000,379560,3542560
O-00092,F-00049,2025B,2025-07-27,2026-02-28,744000,89280,833280
O-00093,F-00049,2026A,2026-02-09,2026-09-30,2248500,269820,2518320
O-00094,F-00050,2025B,2025-07-12,2026-02-28,2429000,291480,2720480
O-00095,F-00051,2026A,2026-02-03,2026-09-30,962000,115440,1077440
O-00096,F-00051,2025A,2025-01-25,2025-09-30,1583000,189960,1772960
O-00097,F-00052,2025B,2025-08-03,2026-02-28,3552000,426240,3978240
O-00098,F-00052,2026A,2026-02-15,2026-09-30,1594000,191280,1785280
O-00099,F-00053,2026A,2026-02-05,2026-09-30,352000,42240,394240
O-00100,F-00053,2025A,2025-02-10,2025-09-30,689000,82680,771680
O-00101,F-00053,2025B,2025-07-16,2026-02-28,2034000,244080,2278080
O-00102,F-00054,2025A,2025-02-19,2025-09-30,3314500,397740,3712240
O-00103,F-00054,2025B,2025-07-02,2026-02-28,3661000,439320,4100320
O-00104,F-00055,2025B,2025-07-27,2026-02-28,1713000,205560,1918560
O-00105,F-00055,2025A,2025-01-17,2025-09-30,880000,105600,985600
O-00106,F-00055,2026A,2026-01-20,2026-09-30,902000,108240,1010240
O-00107,F-00056,2026A,2026-01-24,2026-09-30,644000,77280,721280
O-00108,F-00056,2025B,2025-07-25,2026-02-28,598500,71820,670320
O-00109,F-00056,2025A,2025-02-09,2025-09-30,2225000,267000,2492000
O-00110,F-00057,2025A,2025-02-15,2025-09-30,246000,29520,275520
O-00111,F-00057,2025B,2025-07-18,2026-02-28,103500,12420,115920
O-00112,F-00058,2025A,2025-02-17,2025-09-30,2135500,256260,2391760
O-00113,F-00059,2026A,2026-01-22,2026-09-30,800000,96000,896000
O-00114,F-00059,2025A,2025-01-15,2025-09-30,1778000,213360,1991360
O-00115,F-00059,2025B,2025-07-28,2026-02-28,1952000,234240,2186240
O-00116,F-00060,2025A,2025-02-11,2025-09-30,672000,80640,752640
O-00117,F-00060,2025B,2025-07-28,2026-02-28,226500,27180,253680
O-00118,F-00061,2025B,2025-07-25,2026-02-28,90000,10800,100800
O-00119,F-00061,2025A,2025-01-20,2025-09-30,627000,75240,702240
O-00120,F-00062,2025B,2025-07-10,2026-02-28,690500,82860,773360
O-00121,F-00062,2025A,2025-01-24,2025-09-30,492000,59040,551040
O-00122,F-00062,2026A,2026-02-14,2026-09-30,1337000,160440,1497440
O-00123,F-00063,2026A,2026-02-16,2026-09-30,1950000,234000,2184000
O-00124,F-00064,2025A,2025-01-28,2025-09-30,2056000,246720,2302720
O-00125,F-00065,2025B,2025-07-21,2026-02-28,1869500,224340,2093840
O-00126,F-00065,2025A,2025-01-16,2025-09-30,1920000,230400,2150400
O-00127,F-00065,2026A,2026-01-13,2026-09-30,100000,12000,112000
O-00128,F-00066,2025B,2025-07-05,2026-02-28,1535000,184200,1719200
O-00129,F-00067,2026A,2026-01-22,2026-09-30,557500,66900,624400
O-00130,F-00067,2025B,2025-07-11,2026-02-28,1382000,165840,1547840
O-00131,F-00067,2025A,2025-02-08,2025-09-30,1165500,139860,1305360
O-00132,F-00068,2026A,2026-01-29,2026-09-30,1668000,200160,1868160
O-00133,F-00069,2025A,2025-02-08,2025-09-30,1238000,148560,1386560
O-00134,F-00069,2025B,2025-08-07,2026-02-28,3521000,422520,3943520
O-00135,F-00070,2026A,2026-01-16,2026-09-30,3307000,396840,3703840
O-00136,F-00070,2025A,2025-02-13,2025-09-30,2644000,317280,2961280
O-00137,F-00071,2025B,2025-07-23,2026-02-28,1941500,232980,2174480
O-00138,F-00071,2026A,2026-02-10,2026-09-30,1712000,205440,1917440
O-00139,F-00072,2025B,2025-07-13,2026-02-28,98000,11760,109760
O-00140,F-00072,2026A,2026-02-19,2026-09-30,2967500,356100,3323600
O-00141,F-00072,2025A,2025-02-17,2025-09-30,1129000,135480,1264480
O-00142,F-00073,2025B,2025-07-05,2026-02-28,674500,80940,755440
O-00143,F-00073,2025A,2025-02-22,2025-09-30,1047000,125640,1172640
O-00144,F-00074,2025B,2025-07-11,2026-02-28,1312000,157440,1469440
O-00145,F-00074,2026A,2026-01-21,2026-09-30,2900000,348000,3248000
O-00146,F-00075,2026A,2026-02-18,2026-09-30,777000,93240,870240
O-00147,F-00075,2025A,2025-02-12,2025-09-30,140000,16800,156800
O-00148,F-00075,2025B,2025-07-23,2026-02-28,606000,72720,678720
O-00149,F-00076,2025A,2025-02-20,2025-09-30,2325500,279060,2604560
O-00150,F-00076,2025B,2025-07-31,2026-02-28,862000,103440,965440
O-00151,F-00077,2026A,2026-02-11,2026-09-30,1587000,190440,1777440
O-00152,F-00078,2025B,2025-07-15,2026-02-28,1331000,159720,1490720
O-00153,F-00078,2025A,2025-02-03,2025-09-30,1510500,181260,1691760
O-00154,F-00078,2026A,2026-02-16,2026-09-30,2035500,244260,2279760
O-00155,F-00079,2026A,2026-02-16,2026-09-30,2183000,261960,2444960
O-00156,F-00080,2026A,2026-02-11,2026-09-30,2062000,247440,2309440
O-00157,F-00081,2025B,2025-07-12,2026-02-28,1550000,186000,1736000
O-00158,F-00081,2026A,2026-02-02,2026-09-30,3036000,364320,3400320
O-00159,F-00082,2026A,2026-02-15,2026-09-30,3717000,446040,4163040
O-00160,F-00083,2026A,2026-01-30,2026-09-30,3312000,397440,3709440
O-00161,F-00083,2025B,2025-07-02,2026-02-28,777000,93240,870240
O-00162,F-00084,2025A,2025-02-21,2025-09-30,2355500,282660,2638160
O-00163,F-00085,2025A,2025-02-23,2025-09-30,2020000,242400,2262400
O-00164,F-00086,2026A,2026-02-21,2026-09-30,2194500,263340,2457840
O-00165,F-00087,2025A,2025-02-20,2025-09-30,1186000,142320,1328320
O-00166,F-00087,2026A,2026-02-16,2026-09-30,1530000,183600,1713600
O-00167,F-00087,2025B,2025-07-17,2026-02-28,2273000,272760,2545760
O-00168,F-00088,2025A,2025-01-19,2025-09-30,1360000,163200,1523200
O-00169,F-00088,2026A,2026-01-18,2026-09-30,657500,78900,736400
O-00170,F-00089,2025B,2025-07-09,2026-02-28,2261000,271320,2532320
O-00171,F-00089,2025A,2025-01-15,2025-09-30,924000,110880,1034880
O-00172,F-00090,2025A,2025-02-17,2025-09-30,756500,90780,847280
O-00173,F-00090,2025B,2025-08-02,2026-02-28,1902500,228300,2130800
O-00174,F-00090,2026A,2026-02-06,2026-09-30,1907500,228900,2136400
O-00175,F-00091,2025B,2025-07-07,2026-02-28,835000,100200,935200
O-00176,F-00092,2025A,2025-01-28,2025-09-30,1442500,173100,1615600
O-00177,F-00092,2026A,2026-01-18,2026-09-30,862000,103440,965440
O-00178,F-00092,2025B,2025-07-20,2026-02-28,641000,76920,717920
O-00179,F-00093,2026A,2026-02-09,2026-09-30,697000,83640,780640
O-00180,F-00094,2025A,2025-02-13,2025-09-30,2197000,263640,2460640
O-00181,F-00094,2026A,2026-02-09,2026-09-30,610000,73200,683200
O-00182,F-00095,2026A,2026-01-26,2026-09-30,4198000,503760,4701760
O-00183,F-00095,2025B,2025-07-03,2026-02-28,1941500,232980,2174480
O-00184,F-00096,2025A,2025-02-24,2025-09-30,646000,77520,723520
O-00185,F-00096,2026A,2026-01-21,2026-09-30,897000,107640,1004640
O-00186,F-00096,2025B,2025-08-07,2026-02-28,995500,119460,1114960
O-00187,F-00097,2025B,2025-07-24,2026-02-28,1539000,184680,1723680
O-00188,F-00097,2026A,2026-02-06,2026-09-30,1950000,234000,2184000
O-00189,F-00098,2025B,2025-08-10,2026-02-28,2553000,306360,2859360
O-00190,F-00099,2025A,2025-02-18,2025-09-30,2260500,271260,2531760
O-00191,F-00100,2025A,2025-01-29,2025-09-30,3198500,383820,3582320
O-00192,F-00100,2026A,2026-02-14,2026-09-30,885000,106200,991200
O-00193,F-00100,2025B,2025-07-19,2026-02-28,2318000,278160,2596160
O-00194,F-00101,2025A,2025-02-02,2025-09-30,1931000,231720,2162720
O-00195,F-00101,2025B,2025-08-03,2026-02-28,1395500,167460,1562960
O-00196,F-00101,2026A,2026-01-15,2026-09-30,684000,82080,766080
O-00197,F-00102,2026A,2026-01-24,2026-09-30,2924500,350940,3275440
O-00198,F-00102,2025A,2025-01-21,2025-09-30,305000,36600,341600
O-00199,F-00102,2025B,2025-07-19,2026-02-28,683000,81960,764960
O-00200,F-00103,2026A,2026-02-01,2026-09-30,1305000,156600,1461600
O-00201,F-00103,2025A,2025-02-21,2025-09-30,1443000,173160,1616160
O-00202,F-00104,2026A,2026-01-24,2026-09-30,884500,106140,990640
O-00203,F-00105,2025A,2025-01-17,2025-09-30,3251000,390120,3641120
O-00204,F-00105,2025B,2025-07-07,2026-02-28,1068000,128160,1196160
O-00205,F-00106,2025A,2025-01-23,2025-09-30,2636500,316380,2952880
O-00206,F-00107,2025B,2025-07-02,2026-02-28,1384000,166080,1550080
O-00207,F-00107,2026A,2026-02-18,2026-09-30,1238500,148620,1387120
O-00208,F-00107,2025A,2025-02-03,2025-09-30,1912000,229440,2141440
O-00209,F-00108,2025B,2025-07-05,2026-02-28,1999000,239880,2238880
O-00210,F-00109,2025A,2025-02-09,2025-09-30,686000,82320,768320
O-00211,F-00109,2026A,2026-02-19,2026-09-30,1138000,136560,1274560
O-00212,F-00109,2025B,2025-07-15,2026-02-28,730000,87600,817600
O-00213,F-00110,2026A,2026-01-12,2026-09-30,159000,19080,178080
O-00214,F-00111,2026A,2026-01-22,2026-09-30,2395000,287400,2682400
O-00215,F-00111,2025B,2025-08-10,2026-02-28,195000,23400,218400
O-00216,F-00112,2025B,2025-07-23,2026-02-28,103500,12420,115920
O-00217,F-00112,2025A,2025-02-11,2025-09-30,1100000,132000,1232000
O-00218,F-00112,2026A,2026-01-24,2026-09-30,2043500,245220,2288720
O-00219,F-00113,2026A,2026-01-15,2026-09-30,668000,80160,748160
O-00220,F-00113,2025A,2025-02-24,2025-09-30,1184000,142080,1326080
O-00221,F-00113,2025B,2025-07-31,2026-02-28,1457000,174840,1631840
O-00222,F-00114,2025B,2025-07-07,2026-02-28,1586000,190320,1776320
O-00223,F-00114,2026A,2026-01-22,2026-09-30,2043500,245220,2288720
O-00224,F-00115,2025B,2025-07-09,2026-02-28,2456000,294720,2750720
O-00225,F-00115,2025A,2025-01-20,2025-09-30,1169500,140340,1309840
O-00226,F-00115,2026A,2026-01-26,2026-09-30,687000,82440,769440
O-00227,F-00116,2025A,2025-02-02,2025-09-30,2169000,260280,2429280
O-00228,F-00116,2025B,2025-07-05,2026-02-28,1907000,228840,2135840
O-00229,F-00116,2026A,2026-02-20,2026-09-30,3262000,391440,3653440
O-00230,F-00117,2025A,2025-02-05,2025-09-30,2304000,276480,2580480
O-00231,F-00117,2026A,2026-01-14,2026-09-30,2125000,255000,2380000
O-00232,F-00117,2025B,2025-07-29,2026-02-28,1180000,141600,1321600
O-00233,F-00118,2026A,2026-02-12,2026-09-30,255000,30600,285600
O-00234,F-00118,2025A,2025-01-24,2025-09-30,1253000,150360,1403360
O-00235,F-00118,2025B,2025-07-18,2026-02-28,1440000,172800,1612800
O-00236,F-00119,2025A,2025-02-22,2025-09-30,1907500,228900,2136400
O-00237,F-00119,2025B,2025-07-15,2026-02-28,231000,27720,258720
O-00238,F-00120,2025A,2025-02-01,2025-09-30,145000,17400,162400
O-00239,F-00121,2025A,2025-02-23,2025-09-30,736000,88320,824320
O-00240,F-00122,2026A,2026-01-25,2026-09-30,107000,12840,119840
O-00241,F-00123,2025B,2025-07-20,2026-02-28,1686000,202320,1888320
O-00242,F-00123,2026A,2026-01-20,2026-09-30,1804000,216480,2020480
O-00243,F-00124,2026A,2026-02-14,2026-09-30,3016500,361980,3378480
O-00244,F-00124,2025A,2025-01-22,2025-09-30,2837000,340440,3177440
O-00245,F-00124,2025B,2025-08-03,2026-02-28,2626000,315120,2941120
O-00246,F-00125,2026A,2026-01-18,2026-09-30,1245500,149460,1394960
O-00247,F-00125,2025B,2025-07-31,2026-02-28,281000,33720,314720
O-00248,F-00125,2025A,2025-02-15,2025-09-30,1257000,150840,1407840
O-00249,F-00126,2025B,2025-07-26,2026-02-28,765000,91800,856800
O-00250,F-00126,2026A,2026-01-16,2026-09-30,2464000,295680,2759680
O-00251,F-00126,2025A,2025-02-06,2025-09-30,2550000,306000,2856000
O-00252,F-00127,2025A,2025-01-20,2025-09-30,2810000,337200,3147200
O-00253,F-00127,2026A,2026-02-08,2026-09-30,270000,32400,302400
O-00254,F-00128,2026A,2026-02-05,2026-09-30,2216000,265920,2481920
O-00255,F-00129,2025A,2025-01-15,2025-09-30,1305000,156600,1461600
O-00256,F-00129,2025B,2025-07-13,2026-02-28,966000,115920,1081920
O-00257,F-00130,2025A,2025-01-26,2025-09-30,1056000,126720,1182720
O-00258,F-00130,2026A,2026-01-22,2026-09-30,3287500,394500,3682000
O-00259,F-00131,2025B,2025-07-23,2026-02-28,1636000,196320,1832320
O-00260,F-00131,2026A,2026-01-25,2026-09-30,1460000,175200,1635200
O-00261,F-00131,2025A,2025-02-07,2025-09-30,948000,113760,1061760
O-00262,F-00132,2025A,2025-01-28,2025-09-30,1695000,203400,1898400
O-00263,F-00132,2025B,2025-07-25,2026-02-28,2240000,268800,2508800
O-00264,F-00133,2025A,2025-01-30,2025-09-30,831000,99720,930720
O-00265,F-00133,2025B,2025-07-31,2026-02-28,1145000,137400,1282400
O-00266,F-00133,2026A,2026-01-14,2026-09-30,207000,24840,231840
O-00267,F-00134,2026A,2026-02-09,2026-09-30,1609500,193140,1802640
O-00268,F-00134,2025B,2025-07-12,2026-02-28,1526000,183120,1709120
O-00269,F-00135,2026A,2026-02-11,2026-09-30,4523000,542760,5065760
O-00270,F-00135,2025A,2025-02-04,2025-09-30,3335000,400200,3735200
O-00271,F-00135,2025B,2025-08-05,2026-02-28,1590500,190860,1781360
O-00272,F-00136,2025B,2025-07-12,2026-02-28,510000,61200,571200
O-00273,F-00137,2026A,2026-02-04,2026-09-30,2766500,331980,3098480
O-00274,F-00137,2025B,2025-08-02,2026-02-28,1541000,184920,1725920
O-00275,F-00138,2025A,2025-01-17,2025-09-30,178500,21420,199920
O-00276,F-00138,2025B,2025-07-08,2026-02-28,603500,72420,675920
O-00277,F-00138,2026A,2026-02-12,2026-09-30,1778000,213360,1991360
O-00278,F-00139,2026A,2026-02-01,2026-09-30,722000,86640,808640
O-00279,F-00140,2025A,2025-02-17,2025-09-30,1560000,187200,1747200
O-00280,F-00140,2026A,2026-02-15,2026-09-30,1710000,205200,1915200
O-00281,F-00140,2025B,2025-07-16,2026-02-28,1622000,194640,1816640
O-00282,F-00141,2025A,2025-01-20,2025-09-30,2406000,288720,2694720
O-00283,F-00142,2025A,2025-01-19,2025-09-30,1653000,198360,1851360
O-00284,F-00142,2026A,2026-02-06,2026-09-30,791000,94920,885920
O-00285,F-00142,2025B,2025-07-11,2026-02-28,3117000,374040,3491040
O-00286,F-00143,2025A,2025-01-24,2025-09-30,2383000,285960,2668960
O-00287,F-00143,2026A,2026-01-16,2026-09-30,723000,86760,809760
O-00288,F-00144,2025B,2025-07-20,2026-02-28,476000,57120,533120
O-00289,F-00144,2025A,2025-01-23,2025-09-30,2119000,254280,2373280
O-00290,F-00144,2026A,2026-02-07,2026-09-30,706000,84720,790720
O-00291,F-00145,2025A,2025-01-21,2025-09-30,1796500,215580,2012080
O-00292,F-00145,2025B,2025-07-05,2026-02-28,1643500,197220,1840720
O-00293,F-00146,2025A,2025-02-08,2025-09-30,1471000,176520,1647520
O-00294,F-00146,2025B,2025-08-06,2026-02-28,1031000,123720,1154720
O-00295,F-00147,2026A,2026-01-18,2026-09-30,2216000,265920,2481920
O-00296,F-00147,2025A,2025-02-22,2025-09-30,590500,70860,661360
O-00297,F-00148,2026A,2026-01-19,2026-09-30,1754000,210480,1964480
O-00298,F-00148,2025A,2025-01-18,2025-09-30,2061000,247320,2308320
O-00299,F-00149,2026A,2026-01-30,2026-09-30,1903500,228420,2131920
O-00300,F-00149,2025A,2025-01-25,2025-09-30,1661000,199320,1860320
O-00301,F-00149,2025B,2025-07-14,2026-02-28,3333500,400020,3733520
O-00302,F-00150,2026A,2026-01-30,2026-09-30,3370000,404400,3774400
O-00303,F-00150,2025A,2025-02-12,2025-09-30,1947000,233640,2180640
O-00304,F-00150,2025B,2025-08-02,2026-02-28,3255500,390660,3646160
O-00305,F-00151,2025A,2025-02-07,2025-09-30,1941000,232920,2173920
O-00306,F-00151,2025B,2025-08-06,2026-02-28,1914000,229680,2143680
O-00307,F-00151,2026A,2026-02-07,2026-09-30,2867000,344040,3211040
O-00308,F-00152,2026A,2026-01-24,2026-09-30,1391000,166920,1557920
O-00309,F-00153,2026A,2026-02-15,2026-09-30,255000,30600,285600
O-00310,F-00154,2025A,2025-02-02,2025-09-30,328500,39420,367920
O-00311,F-00154,2026A,2026-02-07,2026-09-30,1515500,181860,1697360
O-00312,F-00154,2025B,2025-07-05,2026-02-28,1068500,128220,1196720
O-00313,F-00155,2025B,2025-07-09,2026-02-28,816000,97920,913920
O-00314,F-00156,2025A,2025-02-05,2025-09-30,2017500,242100,2259600
O-00315,F-00157,2026A,2026-02-06,2026-09-30,2382500,285900,2668400
O-00316,F-00158,2026A,2026-01-23,2026-09-30,1705000,204600,1909600
O-00317,F-00158,2025A,2025-02-19,2025-09-30,3185000,382200,3567200
O-00318,F-00159,2025A,2025-01-20,2025-09-30,232000,27840,259840
O-00319,F-00159,2025B,2025-07-05,2026-02-28,824500,98940,923440
O-00320,F-00160,2025B,2025-08-05,2026-02-28,2397000,287640,2684640
O-00321,F-00160,2025A,2025-02-19,2025-09-30,1752000,210240,1962240
O-00322,F-00161,2026A,2026-02-11,2026-09-30,676000,81120,757120
O-00323,F-00161,2025B,2025-07-15,2026-02-28,2155000,258600,2413600
O-00324,F-00161,2025A,2025-01-26,2025-09-30,1714500,205740,1920240
O-00325,F-00162,2025A,2025-01-15,2025-09-30,1190000,142800,1332800
O-00326,F-00162,2025B,2025-07-18,2026-02-28,2952000,354240,3306240
O-00327,F-00162,2026A,2026-01-22,2026-09-30,777500,93300,870800
O-00328,F-00163,2025A,2025-02-20,2025-09-30,2436000,292320,2728320
O-00329,F-00163,2025B,2025-07-06,2026-02-28,458500,55020,513520
O-00330,F-00164,2025A,2025-01-23,2025-09-30,727000,87240,814240
O-00331,F-00164,2026A,2026-01-27,2026-09-30,1768000,212160,1980160
O-00332,F-00165,2026A,2026-01-15,2026-09-30,1278000,153360,1431360
O-00333,F-00165,2025B,2025-08-09,2026-02-28,171000,20520,191520
O-00334,F-00166,2025A,2025-01-28,2025-09-30,1088000,130560,1218560
O-00335,F-00166,2026A,2026-02-16,2026-09-30,1254000,150480,1404480
O-00336,F-00167,2026A,2026-01-30,2026-09-30,3995000,479400,4474400
O-00337,F-00168,2025A,2025-02-23,2025-09-30,465000,55800,520800
O-00338,F-00168,2026A,2026-01-19,2026-09-30,762000,91440,853440
O-00339,F-00168,2025B,2025-07-14,2026-02-28,1479000,177480,1656480
O-00340,F-00169,2025B,2025-07-25,2026-02-28,2162000,259440,2421440
O-00341,F-00170,2025A,2025-02-24,2025-09-30,1178500,141420,1319920
O-00342,F-00170,2025B,2025-07-09,2026-02-28,2691500,322980,3014480
O-00343,F-00171,2026A,2026-02-01,2026-09-30,1770000,212400,1982400
O-00344,F-00171,2025B,2025-08-07,2026-02-28,373000,44760,417760
O-00345,F-00172,2025A,2025-02-10,2025-09-30,1052500,126300,1178800
O-00346,F-00172,2026A,2026-02-16,2026-09-30,1833000,219960,2052960
O-00347,F-00172,2025B,2025-07-10,2026-02-28,2894000,347280,3241280
O-00348,F-00173,2025A,2025-02-21,2025-09-30,1297000,155640,1452640
O-00349,F-00174,2025A,2025-01-23,2025-09-30,1830500,219660,2050160
O-00350,F-00174,2026A,2026-02-02,2026-09-30,2104000,252480,2356480
O-00351,F-00175,2025B,2025-07-15,2026-02-28,1414500,169740,1584240
O-00352,F-00175,2025A,2025-01-25,2025-09-30,935000,112200,1047200
O-00353,F-00175,2026A,2026-02-08,2026-09-30,1043000,125160,1168160
O-00354,F-00176,2026A,2026-01-20,2026-09-30,2219000,266280,2485280
O-00355,F-00177,2025A,2025-02-10,2025-09-30,1340500,160860,1501360
O-00356,F-00177,2025B,2025-07-15,2026-02-28,75500,9060,84560
O-00357,F-00178,2025B,2025-07-03,2026-02-28,2284000,274080,2558080
O-00358,F-00178,2025A,2025-02-04,2025-09-30,2115000,253800,2368800
O-00359,F-00179,2025B,2025-07-18,2026-02-28,713500,85620,799120
O-00360,F-00179,2026A,2026-02-20,2026-09-30,1003000,120360,1123360
O-00361,F-00179,2025A,2025-01-19,2025-09-30,1183000,141960,1324960
O-00362,F-00180,2025A,2025-02-05,2025-09-30,4399000,527880,4926880
O-00363,F-00181,2026A,2026-01-12,2026-09-30,957000,114840,1071840
O-00364,F-00182,2025B,2025-07-04,2026-02-28,349000,41880,390880
O-00365,F-00182,2026A,2026-02-19,2026-09-30,731000,87720,818720
O-00366,F-00182,2025A,2025-02-03,2025-09-30,286000,34320,320320
O-00367,F-00183,2026A,2026-01-27,2026-09-30,936000,112320,1048320
O-00368,F-00183,2025A,2025-02-20,2025-09-30,1857500,222900,2080400
O-00369,F-00183,2025B,2025-08-01,2026-02-28,3157000,378840,3535840
O-00370,F-00184,2026A,2026-02-08,2026-09-30,1226000,147120,1373120
O-00371,F-00185,2026A,2026-02-19,2026-09-30,2745000,329400,3074400
O-00372,F-00185,2025A,2025-01-30,2025-09-30,1974000,236880,2210880
O-00373,F-00185,2025B,2025-08-03,2026-02-28,1370000,164400,1534400
O-00374,F-00186,2026A,2026-01-23,2026-09-30,2708000,324960,3032960
O-00375,F-00186,2025B,2025-08-07,2026-02-28,75500,9060,84560
O-00376,F-00186,2025A,2025-02-09,2025-09-30,964000,115680,1079680
O-00377,F-00187,2026A,2026-02-12,2026-09-30,1941000,232920,2173920
O-00378,F-00188,2025A,2025-01-29,2025-09-30,2622000,314640,2936640
O-00379,F-00189,2025A,2025-02-02,2025-09-30,1096000,131520,1227520
O-00380,F-00189,2025B,2025-07-04,2026-02-28,1983000,237960,2220960
O-00381,F-00190,2025B,2025-07-08,2026-02-28,949000,113880,1062880
O-00382,F-00191,2026A,2026-01-21,2026-09-30,3740500,448860,4189360
O-00383,F-00191,2025B,2025-08-01,2026-02-28,760000,91200,851200
O-00384,F-00191,2025A,2025-02-06,2025-09-30,1240000,148800,1388800
O-00385,F-00192,2026A,2026-01-16,2026-09-30,1740500,208860,1949360
O-00386,F-00192,2025B,2025-07-30,2026-02-28,1446000,173520,1619520
O-00387,F-00192,2025A,2025-02-22,2025-09-30,538000,64560,602560
O-00388,F-00193,2025A,2025-01-25,2025-09-30,379500,45540,425040
O-00389,F-00194,2025B,2025-07-31,2026-02-28,816000,97920,913920
O-00390,F-00195,2025A,2025-02-11,2025-09-30,2359000,283080,2642080
O-00391,F-00196,2025A,2025-01-24,2025-09-30,1369500,164340,1533840
O-00392,F-00196,2026A,2026-02-02,2026-09-30,2081500,249780,2331280
O-00393,F-00197,2026A,2026-02-09,2026-09-30,1099000,131880,1230880
O-00394,F-00197,2025A,2025-01-29,2025-09-30,2712000,325440,3037440
O-00395,F-00198,2026A,2026-01-22,2026-09-30,1920000,230400,2150400
O-00396,F-00198,2025B,2025-08-04,2026-02-28,3027000,363240,3390240
O-00397,F-00199,2025A,2025-02-22,2025-09-30,178500,21420,199920
O-00398,F-00199,2025B,2025-07-13,2026-02-28,1092500,131100,1223600
O-00399,F-00200,2025A,2025-02-01,2025-09-30,1299500,155940,1455440
O-00400,F-00201,2025B,2025-07-15,2026-02-28,424000,50880,474880
O-00401,F-00202,2026A,2026-02-04,2026-09-30,1428000,171360,1599360
O-00402,F-00202,2025B,2025-07-28,2026-02-28,462500,55500,518000
O-00403,F-00203,2025B,2025-07-28,2026-02-28,2291000,274920,2565920
O-00404,F-00203,2025A,2025-02-02,2025-09-30,706000,84720,790720
O-00405,F-00204,2026A,2026-02-03,2026-09-30,846000,101520,947520
O-00406,F-00204,2025A,2025-01-16,2025-09-30,136000,16320,152320
O-00407,F-00204,2025B,2025-07-31,2026-02-28,892000,107040,999040
O-00408,F-00205,2025A,2025-01-28,2025-09-30,334000,40080,374080
O-00409,F-00205,2026A,2026-01-18,2026-09-30,2413500,289620,2703120
O-00410,F-00206,2025B,2025-07-04,2026-02-28,3055000,366600,3421600
O-00411,F-00206,2025A,2025-02-20,2025-09-30,2783000,333960,3116960
O-00412,F-00207,2025B,2025-08-04,2026-02-28,1026000,123120,1149120
O-00413,F-00207,2025A,2025-02-13,2025-09-30,3319000,398280,3717280
O-00414,F-00208,2026A,2026-01-30,2026-09-30,884000,106080,990080
O-00415,F-00208,2025B,2025-07-14,2026-02-28,653000,78360,731360
O-00416,F-00208,2025A,2025-02-14,2025-09-30,3022000,362640,3384640
O-00417,F-00209,2026A,2026-01-28,2026-09-30,562000,67440,629440
O-00418,F-00209,2025B,2025-07-26,2026-02-28,1958000,234960,2192960
O-00419,F-00210,2025A,2025-02-10,2025-09-30,3482500,417900,3900400
O-00420,F-00210,2025B,2025-08-06,2026-02-28,1955000,234600,2189600
O-00421,F-00210,2026A,2026-02-02,2026-09-30,879000,105480,984480
O-00422,F-00211,2025B,2025-07-05,2026-02-28,1415000,169800,1584800
O-00423,F-00212,2025A,2025-02-02,2025-09-30,448000,53760,501760
O-00424,F-00212,2026A,2026-02-08,2026-09-30,197000,23640,220640
O-00425,F-00213,2025A,2025-02-05,2025-09-30,2330000,279600,2609600
O-00426,F-00213,2025B,2025-07-20,2026-02-28,655000,78600,733600
O-00427,F-00213,2026A,2026-02-01,2026-09-30,2065000,247800,2312800
O-00428,F-00214,2025B,2025-08-06,2026-02-28,3620000,434400,4054400
O-00429,F-00215,2026A,2026-02-15,2026-09-30,687000,82440,769440
O-00430,F-00215,2025A,2025-02-02,2025-09-30,152000,18240,170240
O-00431,F-00216,2025B,2025-08-06,2026-02-28,1885000,226200,2111200
O-00432,F-00216,2025A,2025-02-03,2025-09-30,2553000,306360,2859360
O-00433,F-00217,2026A,2026-02-10,2026-09-30,939500,112740,1052240
O-00434,F-00217,2025A,2025-01-23,2025-09-30,1351500,162180,1513680
O-00435,F-00218,2025A,2025-02-02,2025-09-30,2854500,342540,3197040
O-00436,F-00219,2025B,2025-07-20,2026-02-28,1431000,171720,1602720
O-00437,F-00219,2026A,2026-02-10,2026-09-30,1162000,139440,1301440
O-00438,F-00219,2025A,2025-01-15,2025-09-30,230000,27600,257600
O-00439,F-00220,2025B,2025-07-16,2026-02-28,860000,103200,963200
O-00440,F-00220,2026A,2026-01-30,2026-09-30,2881000,345720,3226720
O-00441,F-00220,2025A,2025-01-15,2025-09-30,3325000,399000,3724000
O-00442,F-00221,2025B,2025-07-07,2026-02-28,853500,102420,955920
O-00443,F-00221,2025A,2025-02-22,2025-09-30,2557000,306840,2863840
O-00444,F-00222,2025A,2025-02-20,2025-09-30,1203000,144360,1347360
O-00445,F-00222,2026A,2026-01-29,2026-09-30,1436500,172380,1608880
O-00446,F-00222,2025B,2025-07-12,2026-02-28,1673000,200760,1873760
O-00447,F-00223,2026A,2026-02-07,2026-09-30,2416500,289980,2706480
O-00448,F-00223,2025A,2025-01-22,2025-09-30,1870000,224400,2094400
O-00449,F-00223,2025B,2025-07-26,2026-02-28,761000,91320,852320
O-00450,F-00224,2025A,2025-01-20,2025-09-30,1975000,237000,2212000
O-00451,F-00225,2025A,2025-02-09,2025-09-30,1095000,131400,1226400
O-00452,F-00225,2026A,2026-02-08,2026-09-30,3289000,394680,3683680
O-00453,F-00225,2025B,2025-07-14,2026-02-28,164000,19680,183680
O-00454,F-00226,2025B,2025-07-22,2026-02-28,665500,79860,745360
O-00455,F-00226,2026A,2026-02-08,2026-09-30,328500,39420,367920
O-00456,F-00227,2025A,2025-01-18,2025-09-30,2135000,256200,2391200
O-00457,F-00228,2025A,2025-02-14,2025-09-30,2263500,271620,2535120
O-00458,F-00228,2026A,2026-01-26,2026-09-30,1605000,192600,1797600
O-00459,F-00229,2025B,2025-08-02,2026-02-28,1267500,152100,1419600
O-00460,F-00229,2025A,2025-02-07,2025-09-30,1832000,219840,2051840
O-00461,F-00229,2026A,2026-02-16,2026-09-30,1209000,145080,1354080
O-00462,F-00230,2026A,2026-02-02,2026-09-30,2306000,276720,2582720
O-00463,F-00231,2025A,2025-01-19,2025-09-30,155500,18660,174160
O-00464,F-00231,2026A,2026-01-14,2026-09-30,1364500,163740,1528240
O-00465,F-00231,2025B,2025-08-02,2026-02-28,1296000,155520,1451520
O-00466,F-00232,2025A,2025-01-18,2025-09-30,672000,80640,752640
O-00467,F-00232,2026A,2026-01-17,2026-09-30,1256000,150720,1406720
O-00468,F-00233,2026A,2026-02-20,2026-09-30,3234000,388080,3622080
O-00469,F-00234,2026A,2026-02-10,2026-09-30,492000,59040,551040
O-00470,F-00235,2025A,2025-01-28,2025-09-30,1441500,172980,1614480
O-00471,F-00236,2025B,2025-08-06,2026-02-28,2927500,351300,3278800
O-00472,F-00237,2025A,2025-01-23,2025-09-30,1701000,204120,1905120
O-00473,F-00237,2025B,2025-07-15,2026-02-28,2610000,313200,2923200
O-00474,F-00237,2026A,2026-02-01,2026-09-30,1498000,179760,1677760
O-00475,F-00238,2025B,2025-08-01,2026-02-28,2650000,318000,2968000
O-00476,F-00239,2025A,2025-02-16,2025-09-30,2559000,307080,2866080
O-00477,F-00239,2026A,2026-01-12,2026-09-30,1162500,139500,1302000
O-00478,F-00239,2025B,2025-08-05,2026-02-28,728000,87360,815360
O-00479,F-00240,2026A,2026-02-19,2026-09-30,1143500,137220,1280720
O-00480,F-00241,2025A,2025-01-18,2025-09-30,1783000,213960,1996960
O-00481,F-00241,2026A,2026-02-14,2026-09-30,1385000,166200,1551200
O-00482,F-00242,2025A,2025-02-12,2025-09-30,461000,55320,516320
O-00483,F-00242,2026A,2026-02-20,2026-09-30,2435000,292200,2727200
O-00484,F-00243,2026A,2026-01-27,2026-09-30,2490000,298800,2788800
O-00485,F-00243,2025B,2025-07-20,2026-02-28,420000,50400,470400
O-00486,F-00244,2026A,2026-01-27,2026-09-30,2247000,269640,2516640
O-00487,F-00245,2026A,2026-01-20,2026-09-30,1264000,151680,1415680
O-00488,F-00245,2025A,2025-02-24,2025-09-30,375500,45060,420560
O-00489,F-00245,2025B,2025-07-17,2026-02-28,3077500,369300,3446800
O-00490,F-00246,2025A,2025-02-19,2025-09-30,2217000,266040,2483040
O-00491,F-00246,2025B,2025-07-06,2026-02-28,1770000,212400,1982400
O-00492,F-00247,2025A,2025-01-25,2025-09-30,1304000,156480,1460480
O-00493,F-00247,2026A,2026-02-03,2026-09-30,1644000,197280,1841280
O-00494,F-00248,2025B,2025-07-07,2026-02-28,2660000,319200,2979200
O-00495,F-00248,2025A,2025-02-20,2025-09-30,615000,73800,688800
O-00496,F-00249,2026A,2026-01-15,2026-09-30,511500,61380,572880
O-00497,F-00249,2025A,2025-01-22,2025-09-30,2249000,269880,2518880
O-00498,F-00249,2025B,2025-07-03,2026-02-28,1176000,141120,1317120
O-00499,F-00250,2025A,2025-02-04,2025-09-30,2171000,260520,2431520
O-00500,F-00250,2026A,2026-01-16,2026-09-30,604000,72480,676480
O-00501,F-00250,2025B,2025-07-11,2026-02-28,1237000,148440,1385440
O-00502,F-00251,2025B,2025-07-24,2026-02-28,2460000,295200,2755200
O-00503,F-00252,2025A,2025-02-11,2025-09-30,1426000,171120,1597120
O-00504,F-00252,2026A,2026-01-18,2026-09-30,2336500,280380,2616880
O-00505,F-00252,2025B,2025-07-20,2026-02-28,1217000,146040,1363040
O-00506,F-00253,2025A,2025-02-11,2025-09-30,2915000,349800,3264800
O-00507,F-00253,2026A,2026-01-24,2026-09-30,328500,39420,367920
O-00508,F-00254,2025B,2025-08-05,2026-02-28,1077500,129300,1206800
O-00509,F-00254,2026A,2026-02-07,2026-09-30,3528000,423360,3951360
O-00510,F-00254,2025A,2025-02-01,2025-09-30,388500,46620,435120
O-00511,F-00255,2025B,2025-08-08,2026-02-28,2727000,327240,3054240
O-00512,F-00256,2026A,2026-02-19,2026-09-30,1612500,193500,1806000
O-00513,F-00257,2025A,2025-01-17,2025-09-30,2605500,312660,2918160
O-00514,F-00258,2026A,2026-01-21,2026-09-30,1050000,126000,1176000
O-00515,F-00259,2025A,2025-02-09,2025-09-30,1405000,168600,1573600
O-00516,F-00260,2025B,2025-07-21,2026-02-28,1607500,192900,1800400
O-00517,F-00260,2026A,2026-02-20,2026-09-30,972000,116640,1088640
O-00518,F-00260,2025A,2025-02-02,2025-09-30,621000,74520,695520
O-00519,F-00261,2025A,2025-02-23,2025-09-30,1940000,232800,2172800
O-00520,F-00261,2025B,2025-08-07,2026-02-28,892500,107100,999600
O-00521,F-00261,2026A,2026-01-25,2026-09-30,1160000,139200,1299200
O-00522,F-00262,2026A,2026-01-24,2026-09-30,2204000,264480,2468480
O-00523,F-00262,2025B,2025-07-06,2026-02-28,1748000,209760,1957760
O-00524,F-00263,2026A,2026-02-11,2026-09-30,1487000,178440,1665440
O-00525,F-00264,2025B,2025-07-17,2026-02-28,2491000,298920,2789920
O-00526,F-00264,2025A,2025-01-20,2025-09-30,342000,41040,383040
O-00527,F-00265,2026A,2026-01-25,2026-09-30,1199000,143880,1342880
O-00528,F-00266,2025B,2025-08-08,2026-02-28,2093000,251160,2344160
O-00529,F-00266,2026A,2026-01-13,2026-09-30,533000,63960,596960
O-00530,F-00267,2025B,2025-07-26,2026-02-28,3083000,369960,3452960
O-00531,F-00268,2025B,2025-08-05,2026-02-28,3158000,378960,3536960
O-00532,F-00269,2025A,2025-02-23,2025-09-30,372500,44700,417200
O-00533,F-00269,2025B,2025-07-11,2026-02-28,854000,102480,956480
O-00534,F-00269,2026A,2026-02-12,2026-09-30,1506000,180720,1686720
O-00535,F-00270,2025B,2025-07-27,2026-02-28,169000,20280,189280
O-00536,F-00270,2025A,2025-02-18,2025-09-30,1295000,155400,1450400
O-00537,F-00271,2025B,2025-07-20,2026-02-28,993500,119220,1112720
O-00538,F-00271,2026A,2026-01-15,2026-09-30,2007500,240900,2248400
O-00539,F-00272,2026A,2026-01-24,2026-09-30,1843000,221160,2064160
O-00540,F-00272,2025B,2025-07-06,2026-02-28,2451500,294180,2745680
O-00541,F-00272,2025A,2025-01-21,2025-09-30,1609500,193140,1802640
O-00542,F-00273,2026A,2026-02-15,2026-09-30,930000,111600,1041600
O-00543,F-00274,2025B,2025-08-04,2026-02-28,725000,87000,812000
O-00544,F-00274,2026A,2026-02-05,2026-09-30,473000,56760,529760
O-00545,F-00275,2026A,2026-02-20,2026-09-30,724000,86880,810880
O-00546,F-00276,2026A,2026-01-29,2026-09-30,1226000,147120,1373120
O-00547,F-00277,2025B,2025-08-06,2026-02-28,706000,84720,790720
O-00548,F-00277,2025A,2025-02-14,2025-09-30,163000,19560,182560
O-00549,F-00277,2026A,2026-01-31,2026-09-30,515500,61860,577360
O-00550,F-00278,2025B,2025-07-20,2026-02-28,1294000,155280,1449280
O-00551,F-00278,2026A,2026-01-18,2026-09-30,818000,98160,916160
O-00552,F-00279,2025B,2025-07-13,2026-02-28,134000,16080,150080
O-00553,F-00279,2026A,2026-02-02,2026-09-30,512000,61440,573440
O-00554,F-00280,2026A,2026-02-15,2026-09-30,221500,26580,248080
O-00555,F-00281,2025B,2025-07-20,2026-02-28,1920000,230400,2150400
O-00556,F-00281,2026A,2026-01-27,2026-09-30,1988000,238560,2226560
O-00557,F-00281,2025A,2025-02-07,2025-09-30,2115000,253800,2368800
O-00558,F-00282,2025A,2025-01-18,2025-09-30,3153000,378360,3531360
O-00559,F-00282,2025B,2025-07-26,2026-02-28,1093000,131160,1224160
O-00560,F-00283,2026A,2026-02-16,2026-09-30,1028000,123360,1151360
O-00561,F-00284,2025B,2025-07-10,2026-02-28,639000,76680,715680
O-00562,F-00285,2025B,2025-08-04,2026-02-28,327500,39300,366800
O-00563,F-00285,2026A,2026-01-29,2026-09-30,729500,87540,817040
O-00564,F-00285,2025A,2025-02-24,2025-09-30,1865000,223800,2088800
O-00565,F-00286,2026A,2026-01-15,2026-09-30,571000,68520,639520
O-00566,F-00286,2025B,2025-07-23,2026-02-28,1876500,225180,2101680
O-00567,F-00287,2026A,2026-01-14,2026-09-30,1255500,150660,1406160
O-00568,F-00287,2025B,2025-07-06,2026-02-28,2909500,349140,3258640
O-00569,F-00287,2025A,2025-02-01,2025-09-30,1596000,191520,1787520
O-00570,F-00288,2025A,2025-01-23,2025-09-30,2215500,265860,2481360
O-00571,F-00288,2026A,2026-02-06,2026-09-30,487500,58500,546000
O-00572,F-00288,2025B,2025-07-19,2026-02-28,2452000,294240,2746240
O-00573,F-00289,2026A,2026-02-02,2026-09-30,2289000,274680,2563680
O-00574,F-00289,2025B,2025-08-10,2026-02-28,810000,97200,907200
O-00575,F-00290,2025B,2025-07-20,2026-02-28,1124000,134880,1258880
O-00576,F-00291,2026A,2026-02-06,2026-09-30,1307000,156840,1463840
O-00577,F-00291,2025B,2025-08-03,2026-02-28,2486500,298380,2784880
O-00578,F-00291,2025A,2025-01-31,2025-09-30,1700000,204000,1904000
O-00579,F-00292,2025B,2025-08-10,2026-02-28,656000,78720,734720
O-00580,F-00293,2026A,2026-01-26,2026-09-30,1565000,187800,1752800
O-00581,F-00294,2025B,2025-07-24,2026-02-28,1097000,131640,1228640
O-00582,F-00294,2026A,2026-02-01,2026-09-30,1764000,211680,1975680
O-00583,F-00295,2026A,2026-01-17,2026-09-30,2009000,241080,2250080
O-00584,F-00295,2025A,2025-02-04,2025-09-30,153000,18360,171360
O-00585,F-00296,2026A,2026-02-16,2026-09-30,1911000,229320,2140320
O-00586,F-00297,2025A,2025-02-24,2025-09-30,940000,112800,1052800
O-00587,F-00297,2026A,2026-02-01,2026-09-30,90000,10800,100800
O-00588,F-00298,2026A,2026-01-20,2026-09-30,1891000,226920,2117920
O-00589,F-00298,2025B,2025-08-03,2026-02-28,1886000,226320,2112320
O-00590,F-00298,2025A,2025-01-29,2025-09-30,1218500,146220,1364720
O-00591,F-00299,2025A,2025-02-13,2025-09-30,1098000,131760,1229760
O-00592,F-00299,2025B,2025-08-06,2026-02-28,3053000,366360,3419360
O-00593,F-00300,2025A,2025-01-30,2025-09-30,861000,103320,964320
O-00594,F-00300,2026A,2026-02-01,2026-09-30,2553000,306360,2859360
O-00595,F-00300,2025B,2025-07-05,2026-02-28,1530000,183600,1713600
O-00596,F-00301,2026A,2026-01-13,2026-09-30,2232500,267900,2500400
O-00597,F-00301,2025A,2025-01-17,2025-09-30,1303000,156360,1459360
O-00598,F-00302,2025B,2025-08-03,2026-02-28,1963000,235560,2198560
O-00599,F-00302,2026A,2026-02-08,2026-09-30,1551000,186120,1737120
O-00600,F-00303,2025A,2025-01-21,2025-09-30,1826000,219120,2045120
O-00601,F-00303,2025B,2025-07-05,2026-02-28,2429500,291540,2721040
O-00602,F-00304,2025A,2025-01-25,2025-09-30,1085000,130200,1215200
O-00603,F-00304,2025B,2025-07-15,2026-02-28,778500,93420,871920
O-00604,F-00305,2025A,2025-02-17,2025-09-30,2008500,241020,2249520
O-00605,F-00306,2026A,2026-01-23,2026-09-30,1755000,210600,1965600
O-00606,F-00306,2025A,2025-02-12,2025-09-30,989000,118680,1107680
O-00607,F-00307,2025B,2025-08-04,2026-02-28,2416000,289920,2705920
O-00608,F-00308,2026A,2026-02-08,2026-09-30,137500,16500,154000
O-00609,F-00308,2025A,2025-01-17,2025-09-30,1812500,217500,2030000
O-00610,F-00308,2025B,2025-08-02,2026-02-28,2853000,342360,3195360
O-00611,F-00309,2025A,2025-02-19,2025-09-30,2107500,252900,2360400
O-00612,F-00309,2026A,2026-02-17,2026-09-30,1734000,208080,1942080
O-00613,F-00309,2025B,2025-07-25,2026-02-28,4501000,540120,5041120
O-00614,F-00310,2025A,2025-02-22,2025-09-30,185000,22200,207200
O-00615,F-00310,2026A,2026-01-13,2026-09-30,808500,97020,905520
O-00616,F-00311,2025A,2025-02-20,2025-09-30,729500,87540,817040
O-00617,F-00311,2025B,2025-07-10,2026-02-28,1171500,140580,1312080
O-00618,F-00311,2026A,2026-01-30,2026-09-30,1297500,155700,1453200
O-00619,F-00312,2025A,2025-01-16,2025-09-30,2022500,242700,2265200
O-00620,F-00313,2025B,2025-07-12,2026-02-28,772000,92640,864640
O-00621,F-00313,2026A,2026-01-23,2026-09-30,2808500,337020,3145520
O-00622,F-00314,2026A,2026-02-12,2026-09-30,2390500,286860,2677360
O-00623,F-00315,2025A,2025-02-05,2025-09-30,2879000,345480,3224480
O-00624,F-00316,2026A,2026-02-08,2026-09-30,3723500,446820,4170320
O-00625,F-00316,2025A,2025-01-26,2025-09-30,2244000,269280,2513280
O-00626,F-00316,2025B,2025-08-02,2026-02-28,1002000,120240,1122240
O-00627,F-00317,2025B,2025-07-27,2026-02-28,231000,27720,258720
O-00628,F-00317,2026A,2026-01-22,2026-09-30,804000,96480,900480
O-00629,F-00317,2025A,2025-02-07,2025-09-30,806000,96720,902720
O-00630,F-00318,2025B,2025-07-22,2026-02-28,523000,62760,585760
O-00631,F-00318,2026A,2026-01-19,2026-09-30,1150000,138000,1288000
O-00632,F-00319,2026A,2026-01-19,2026-09-30,3644500,437340,4081840
O-00633,F-00320,2025A,2025-01-15,2025-09-30,1381000,165720,1546720
O-00634,F-00320,2026A,2026-02-17,2026-09-30,2141000,256920,2397920
O-00635,F-00321,2025B,2025-07-13,2026-02-28,1815000,217800,2032800
O-00636,F-00322,2025A,2025-02-08,2025-09-30,1057000,126840,1183840
O-00637,F-00322,2026A,2026-01-28,2026-09-30,655000,78600,733600
O-00638,F-00323,2025A,2025-02-01,2025-09-30,294000,35280,329280
O-00639,F-00323,2026A,2026-01-16,2026-09-30,607500,72900,680400
O-00640,F-00323,2025B,2025-08-03,2026-02-28,2148000,257760,2405760
O-00641,F-00324,2025B,2025-08-02,2026-02-28,492000,59040,551040
O-00642,F-00325,2025B,2025-07-24,2026-02-28,467500,56100,523600
O-00643,F-00326,2025B,2025-07-25,2026-02-28,697500,83700,781200
O-00644,F-00327,2025B,2025-07-15,2026-02-28,1294500,155340,1449840
O-00645,F-00327,2026A,2026-01-14,2026-09-30,2366000,283920,2649920
O-00646,F-00327,2025A,2025-01-28,2025-09-30,230000,27600,257600
O-00647,F-00328,2025B,2025-07-13,2026-02-28,232500,27900,260400
O-00648,F-00328,2026A,2026-02-06,2026-09-30,1145000,137400,1282400
O-00649,F-00329,2026A,2026-02-09,2026-09-30,3056500,366780,3423280
O-00650,F-00330,2026A,2026-02-03,2026-09-30,1163000,139560,1302560
O-00651,F-00330,2025A,2025-02-15,2025-09-30,1863000,223560,2086560
O-00652,F-00330,2025B,2025-07-28,2026-02-28,2122000,254640,2376640
O-00653,F-00331,2026A,2026-01-28,2026-09-30,648000,77760,725760
O-00654,F-00331,2025B,2025-07-09,2026-02-28,2610000,313200,2923200
O-00655,F-00331,2025A,2025-02-05,2025-09-30,1650000,198000,1848000
O-00656,F-00332,2025B,2025-07-28,2026-02-28,945000,113400,1058400
O-00657,F-00333,2025A,2025-02-15,2025-09-30,1338000,160560,1498560
O-00658,F-00333,2025B,2025-07-19,2026-02-28,3715000,445800,4160800
O-00659,F-00334,2025B,2025-08-09,2026-02-28,120500,14460,134960
O-00660,F-00334,2026A,2026-01-18,2026-09-30,323500,38820,362320
O-00661,F-00334,2025A,2025-02-15,2025-09-30,472500,56700,529200
O-00662,F-00335,2026A,2026-01-26,2026-09-30,3119000,374280,3493280
O-00663,F-00335,2025A,2025-01-19,2025-09-30,309000,37080,346080
O-00664,F-00336,2025B,2025-07-10,2026-02-28,1020500,122460,1142960
O-00665,F-00336,2026A,2026-02-02,2026-09-30,806000,96720,902720
O-00666,F-00336,2025A,2025-01-25,2025-09-30,2447500,293700,2741200
O-00667,F-00337,2025B,2025-08-07,2026-02-28,2645000,317400,2962400
O-00668,F-00338,2026A,2026-02-14,2026-09-30,2571000,308520,2879520
O-00669,F-00338,2025A,2025-01-20,2025-09-30,930000,111600,1041600
O-00670,F-00338,2025B,2025-07-20,2026-02-28,1630000,195600,1825600
O-00671,F-00339,2025B,2025-07-26,2026-02-28,1679500,201540,1881040
O-00672,F-00340,2025B,2025-07-20,2026-02-28,2786000,334320,3120320
O-00673,F-00341,2026A,2026-01-22,2026-09-30,266500,31980,298480
O-00674,F-00342,2026A,2026-02-03,2026-09-30,1717000,206040,1923040
O-00675,F-00342,2025A,2025-02-22,2025-09-30,521000,62520,583520
O-00676,F-00343,2025B,2025-07-27,2026-02-28,1434500,172140,1606640
O-00677,F-00343,2025A,2025-02-19,2025-09-30,1198000,143760,1341760
O-00678,F-00343,2026A,2026-01-31,2026-09-30,1639500,196740,1836240
O-00679,F-00344,2025B,2025-08-03,2026-02-28,804000,96480,900480
O-00680,F-00344,2025A,2025-01-31,2025-09-30,1592500,191100,1783600
O-00681,F-00344,2026A,2026-02-18,2026-09-30,2946000,353520,3299520
O-00682,F-00345,2026A,2026-01-21,2026-09-30,1236000,148320,1384320
O-00683,F-00345,2025A,2025-01-28,2025-09-30,1385000,166200,1551200
O-00684,F-00345,2025B,2025-07-01,2026-02-28,3028500,363420,3391920
O-00685,F-00346,2025A,2025-02-18,2025-09-30,388500,46620,435120
O-00686,F-00346,2025B,2025-07-18,2026-02-28,1146000,137520,1283520
O-00687,F-00346,2026A,2026-02-02,2026-09-30,646000,77520,723520
O-00688,F-00347,2025A,2025-01-22,2025-09-30,2196000,263520,2459520
O-00689,F-00347,2026A,2026-02-13,2026-09-30,1765000,211800,1976800
O-00690,F-00348,2026A,2026-01-19,2026-09-30,691000,82920,773920
O-00691,F-00348,2025B,2025-08-02,2026-02-28,1396000,167520,1563520
O-00692,F-00349,2025A,2025-01-21,2025-09-30,2580000,309600,2889600
O-00693,F-00349,2026A,2026-02-07,2026-09-30,711000,85320,796320
O-00694,F-00350,2026A,2026-02-08,2026-09-30,465000,55800,520800
O-00695,F-00350,2025B,2025-08-10,2026-02-28,1237000,148440,1385440
O-00696,F-00351,2026A,2026-01-28,2026-09-30,932500,111900,1044400
O-00697,F-00351,2025A,2025-02-13,2025-09-30,1802000,216240,2018240
O-00698,F-00352,2025A,2025-02-21,2025-09-30,2529000,303480,2832480
O-00699,F-00353,2025A,2025-02-08,2025-09-30,2066000,247920,2313920
O-00700,F-00354,2025B,2025-07-01,2026-02-28,2297500,275700,2573200
O-00701,F-00354,2026A,2026-01-18,2026-09-30,2652000,318240,2970240
O-00702,F-00354,2025A,2025-01-31,2025-09-30,1038000,124560,1162560
O-00703,F-00355,2025A,2025-01-24,2025-09-30,2363000,283560,2646560
O-00704,F-00355,2025B,2025-08-06,2026-02-28,2610000,313200,2923200
O-00705,F-00355,2026A,2026-01-18,2026-09-30,1621000,194520,1815520
O-00706,F-00356,2025A,2025-01-16,2025-09-30,2008000,240960,2248960
O-00707,F-00356,2025B,2025-07-03,2026-02-28,1204000,144480,1348480
O-00708,F-00357,2025A,2025-02-03,2025-09-30,1096000,131520,1227520
O-00709,F-00358,2026A,2026-02-07,2026-09-30,171500,20580,192080
O-00710,F-00359,2026A,2026-01-26,2026-09-30,692000,83040,775040
O-00711,F-00359,2025A,2025-02-20,2025-09-30,3621000,434520,4055520
O-00712,F-00359,2025B,2025-07-17,2026-02-28,342000,41040,383040
O-00713,F-00360,2025A,2025-02-06,2025-09-30,1076000,129120,1205120
O-00714,F-00360,2025B,2025-08-05,2026-02-28,1249500,149940,1399440
O-00715,F-00361,2026A,2026-02-05,2026-09-30,1702500,204300,1906800
O-00716,F-00361,2025B,2025-07-19,2026-02-28,1093000,131160,1224160
O-00717,F-00362,2025A,2025-01-25,2025-09-30,215000,25800,240800
O-00718,F-00362,2026A,2026-01-16,2026-09-30,2976000,357120,3333120
O-00719,F-00363,2025A,2025-01-22,2025-09-30,804500,96540,901040
O-00720,F-00364,2026A,2026-01-21,2026-09-30,3055000,366600,3421600
O-00721,F-00364,2025A,2025-01-24,2025-09-30,2487500,298500,2786000
O-00722,F-00364,2025B,2025-07-02,2026-02-28,482000,57840,539840
O-00723,F-00365,2025A,2025-02-16,2025-09-30,1388000,166560,1554560
O-00724,F-00365,2025B,2025-07-06,2026-02-28,1309000,157080,1466080
O-00725,F-00365,2026A,2026-01-14,2026-09-30,2435500,292260,2727760
O-00726,F-00366,2025A,2025-01-18,2025-09-30,1702500,204300,1906800
O-00727,F-00367,2025B,2025-07-21,2026-02-28,4299000,515880,4814880
O-00728,F-00367,2025A,2025-01-25,2025-09-30,1546500,185580,1732080
O-00729,F-00367,2026A,2026-02-18,2026-09-30,1920500,230460,2150960
O-00730,F-00368,2026A,2026-01-14,2026-09-30,118000,14160,132160
O-00731,F-00369,2026A,2026-02-10,2026-09-30,4098000,491760,4589760
O-00732,F-00370,2025A,2025-02-07,2025-09-30,467500,56100,523600
O-00733,F-00370,2026A,2026-01-28,2026-09-30,4010000,481200,4491200
O-00734,F-00371,2025B,2025-07-02,2026-02-28,943000,113160,1056160
O-00735,F-00371,2025A,2025-02-19,2025-09-30,1110000,133200,1243200
O-00736,F-00371,2026A,2026-01-15,2026-09-30,672000,80640,752640
O-00737,F-00372,2025B,2025-07-20,2026-02-28,1273500,152820,1426320
O-00738,F-00373,2025B,2025-08-01,2026-02-28,327500,39300,366800
O-00739,F-00373,2026A,2026-01-24,2026-09-30,2072000,248640,2320640
O-00740,F-00374,2025A,2025-01-29,2025-09-30,1721500,206580,1928080
O-00741,F-00375,2025B,2025-07-13,2026-02-28,152000,18240,170240
O-00742,F-00375,2025A,2025-02-15,2025-09-30,2955500,354660,3310160
O-00743,F-00376,2025A,2025-02-01,2025-09-30,761000,91320,852320
O-00744,F-00377,2025A,2025-02-05,2025-09-30,1645000,197400,1842400
O-00745,F-00377,2026A,2026-01-17,2026-09-30,1085000,130200,1215200
O-00746,F-00378,2025B,2025-07-02,2026-02-28,101000,12120,113120
O-00747,F-00379,2025A,2025-01-16,2025-09-30,1901000,228120,2129120
O-00748,F-00379,2026A,2026-02-16,2026-09-30,222000,26640,248640
O-00749,F-00380,2026A,2026-01-26,2026-09-30,2293000,275160,2568160
O-00750,F-00381,2026A,2026-01-28,2026-09-30,4047500,485700,4533200
O-00751,F-00381,2025A,2025-01-31,2025-09-30,1497000,179640,1676640
O-00752,F-00381,2025B,2025-07-14,2026-02-28,226500,27180,253680
O-00753,F-00382,2026A,2026-01-31,2026-09-30,943000,113160,1056160
O-00754,F-00383,2026A,2026-02-19,2026-09-30,3036000,364320,3400320
O-00755,F-00383,2025A,2025-02-07,2025-09-30,2894000,347280,3241280
O-00756,F-00384,2026A,2026-02-16,2026-09-30,811000,97320,908320
O-00757,F-00384,2025B,2025-08-04,2026-02-28,396000,47520,443520
O-00758,F-00384,2025A,2025-02-10,2025-09-30,1419000,170280,1589280
O-00759,F-00385,2025B,2025-07-11,2026-02-28,760000,91200,851200
O-00760,F-00386,2025B,2025-07-29,2026-02-28,2061000,247320,2308320
O-00761,F-00386,2026A,2026-01-15,2026-09-30,684000,82080,766080
O-00762,F-00387,2025A,2025-01-28,2025-09-30,2778000,333360,3111360
O-00763,F-00388,2025A,2025-02-22,2025-09-30,1742500,209100,1951600
O-00764,F-00388,2025B,2025-07-16,2026-02-28,1493000,179160,1672160
O-00765,F-00388,2026A,2026-02-06,2026-09-30,2619000,314280,2933280
O-00766,F-00389,2026A,2026-02-15,2026-09-30,2960000,355200,3315200
O-00767,F-00389,2025A,2025-02-10,2025-09-30,2846000,341520,3187520
O-00768,F-00390,2025A,2025-01-27,2025-09-30,2449000,293880,2742880
O-00769,F-00391,2025A,2025-01-17,2025-09-30,2361000,283320,2644320
O-00770,F-00392,2025A,2025-01-28,2025-09-30,170000,20400,190400
O-00771,F-00392,2026A,2026-01-15,2026-09-30,1324000,158880,1482880
O-00772,F-00392,2025B,2025-07-01,2026-02-28,1395500,167460,1562960
O-00773,F-00393,2025B,2025-07-05,2026-02-28,705000,84600,789600
O-00774,F-00394,2026A,2026-01-19,2026-09-30,1794000,215280,2009280
O-00775,F-00394,2025A,2025-02-17,2025-09-30,3112000,373440,3485440
O-00776,F-00394,2025B,2025-08-07,2026-02-28,1176000,141120,1317120
O-00777,F-00395,2026A,2026-02-17,2026-09-30,658000,78960,736960
O-00778,F-00396,2025A,2025-01-28,2025-09-30,1320000,158400,1478400
O-00779,F-00397,2025B,2025-07-14,2026-02-28,2695000,323400,3018400
O-00780,F-00398,2025A,2025-01-20,2025-09-30,1218500,146220,1364720
O-00781,F-00399,2025A,2025-01-18,2025-09-30,2843000,341160,3184160
O-00782,F-00400,2025B,2025-07-12,2026-02-28,786500,94380,880880
O-00783,F-00400,2026A,2026-02-05,2026-09-30,4036000,484320,4520320
O-00784,F-00401,2026A,2026-01-18,2026-09-30,4214000,505680,4719680
O-00785,F-00402,2026A,2026-02-07,2026-09-30,3114500,373740,3488240
O-00786,F-00402,2025B,2025-07-04,2026-02-28,2024000,242880,2266880
O-00787,F-00402,2025A,2025-02-15,2025-09-30,1990000,238800,2228800
O-00788,F-00403,2025B,2025-08-02,2026-02-28,1962000,235440,2197440
O-00789,F-00403,2026A,2026-02-21,2026-09-30,492000,59040,551040
O-00790,F-00404,2026A,2026-02-04,2026-09-30,4393000,527160,4920160
O-00791,F-00405,2025B,2025-07-18,2026-02-28,2809000,337080,3146080
O-00792,F-00406,2025B,2025-08-04,2026-02-28,2497000,299640,2796640
O-00793,F-00406,2025A,2025-02-19,2025-09-30,934000,112080,1046080
O-00794,F-00406,2026A,2026-02-13,2026-09-30,748000,89760,837760
O-00795,F-00407,2025B,2025-07-13,2026-02-28,1360000,163200,1523200
O-00796,F-00407,2026A,2026-02-06,2026-09-30,1932000,231840,2163840
O-00797,F-00408,2025A,2025-02-10,2025-09-30,1770000,212400,1982400
O-00798,F-00408,2025B,2025-07-07,2026-02-28,1684000,202080,1886080
O-00799,F-00409,2025B,2025-07-11,2026-02-28,1960000,235200,2195200
O-00800,F-00409,2026A,2026-02-09,2026-09-30,714000,85680,799680
O-00801,F-00410,2025B,2025-07-20,2026-02-28,3848000,461760,4309760
O-00802,F-00411,2026A,2026-02-20,2026-09-30,1611500,193380,1804880
O-00803,F-00412,2025A,2025-02-22,2025-09-30,961000,115320,1076320
O-00804,F-00412,2026A,2026-01-31,2026-09-30,3570500,428460,3998960
O-00805,F-00412,2025B,2025-07-29,2026-02-28,3016500,361980,3378480
O-00806,F-00413,2025B,2025-08-01,2026-02-28,3738000,448560,4186560
O-00807,F-00414,2025A,2025-01-27,2025-09-30,2855500,342660,3198160
O-00808,F-00414,2025B,2025-08-06,2026-02-28,966000,115920,1081920
O-00809,F-00414,2026A,2026-02-06,2026-09-30,1112000,133440,1245440
O-00810,F-00415,2025A,2025-01-28,2025-09-30,2647500,317700,2965200
O-00811,F-00416,2025A,2025-02-11,2025-09-30,361000,43320,404320
O-00812,F-00416,2025B,2025-07-20,2026-02-28,2656000,318720,2974720
O-00813,F-00416,2026A,2026-02-08,2026-09-30,2275000,273000,2548000
O-00814,F-00417,2026A,2026-01-17,2026-09-30,695000,83400,778400
O-00815,F-00418,2025A,2025-02-06,2025-09-30,2654000,318480,2972480
O-00816,F-00418,2026A,2026-01-16,2026-09-30,1947000,233640,2180640
O-00817,F-00418,2025B,2025-07-16,2026-02-28,828500,99420,927920
O-00818,F-00419,2025B,2025-07-10,2026-02-28,123000,14760,137760
O-00819,F-00419,2025A,2025-01-17,2025-09-30,2212500,265500,2478000
O-00820,F-00419,2026A,2026-02-05,2026-09-30,855000,102600,957600
O-00821,F-00420,2026A,2026-02-19,2026-09-30,2155000,258600,2413600
O-00822,F-00420,2025B,2025-07-30,2026-02-28,109500,13140,122640
O-00823,F-00420,2025A,2025-01-26,2025-09-30,3060000,367200,3427200
O-00824,F-00421,2025B,2025-07-12,2026-02-28,2435000,292200,2727200
O-00825,F-00421,2026A,2026-01-15,2026-09-30,896000,107520,1003520
O-00826,F-00422,2026A,2026-01-19,2026-09-30,1956000,234720,2190720
O-00827,F-00422,2025B,2025-07-25,2026-02-28,2109500,253140,2362640
O-00828,F-00423,2026A,2026-02-08,2026-09-30,3160000,379200,3539200
O-00829,F-00423,2025A,2025-01-27,2025-09-30,1140000,136800,1276800
O-00830,F-00423,2025B,2025-07-25,2026-02-28,672500,80700,753200
O-00831,F-00424,2026A,2026-02-10,2026-09-30,2234000,268080,2502080
O-00832,F-00425,2025B,2025-08-08,2026-02-28,1428000,171360,1599360
O-00833,F-00425,2025A,2025-02-19,2025-09-30,64000,7680,71680
O-00834,F-00425,2026A,2026-02-01,2026-09-30,2883000,345960,3228960
O-00835,F-00426,2025B,2025-07-08,2026-02-28,719500,86340,805840
O-00836,F-00426,2026A,2026-02-09,2026-09-30,728500,87420,815920
O-00837,F-00426,2025A,2025-02-06,2025-09-30,650000,78000,728000
O-00838,F-00427,2026A,2026-02-18,2026-09-30,1042000,125040,1167040
O-00839,F-00427,2025B,2025-07-14,2026-02-28,305000,36600,341600
O-00840,F-00428,2025B,2025-08-09,2026-02-28,1040000,124800,1164800
O-00841,F-00429,2025A,2025-02-10,2025-09-30,1161000,139320,1300320
O-00842,F-00430,2026A,2026-02-03,2026-09-30,129000,15480,144480
O-00843,F-00430,2025B,2025-08-05,2026-02-28,2565000,307800,2872800
O-00844,F-00430,2025A,2025-02-13,2025-09-30,2140000,256800,2396800
O-00845,F-00431,2026A,2026-02-15,2026-09-30,1306000,156720,1462720
O-00846,F-00432,2025B,2025-07-27,2026-02-28,103500,12420,115920
O-00847,F-00432,2026A,2026-02-21,2026-09-30,404000,48480,452480
O-00848,F-00432,2025A,2025-02-21,2025-09-30,1919000,230280,2149280
O-00849,F-00433,2025A,2025-02-17,2025-09-30,1682000,201840,1883840
O-00850,F-00433,2025B,2025-07-11,2026-02-28,1879000,225480,2104480
O-00851,F-00434,2025B,2025-07-05,2026-02-28,1076000,129120,1205120
O-00852,F-00434,2026A,2026-02-05,2026-09-30,2182500,261900,2444400
O-00853,F-00434,2025A,2025-01-28,2025-09-30,225000,27000,252000
O-00854,F-00435,2025B,2025-07-11,2026-02-28,2025000,243000,2268000
O-00855,F-00435,2026A,2026-02-07,2026-09-30,746000,89520,835520
O-00856,F-00436,2025B,2025-08-05,2026-02-28,261500,31380,292880
O-00857,F-00436,2025A,2025-02-24,2025-09-30,1675000,201000,1876000
O-00858,F-00436,2026A,2026-02-20,2026-09-30,2084500,250140,2334640
O-00859,F-00437,2026A,2026-02-01,2026-09-30,134000,16080,150080
O-00860,F-00437,2025B,2025-07-10,2026-02-28,2303500,276420,2579920
O-00861,F-00437,2025A,2025-02-09,2025-09-30,1145000,137400,1282400
O-00862,F-00438,2025A,2025-02-10,2025-09-30,1402000,168240,1570240
O-00863,F-00438,2026A,2026-02-02,2026-09-30,2944000,353280,3297280
O-00864,F-00438,2025B,2025-08-05,2026-02-28,3482500,417900,3900400
O-00865,F-00439,2026A,2026-01-17,2026-09-30,1050000,126000,1176000
O-00866,F-00440,2026A,2026-02-11,2026-09-30,1424500,170940,1595440
O-00867,F-00440,2025B,2025-07-11,2026-02-28,253000,30360,283360
O-00868,F-00441,2025B,2025-07-06,2026-02-28,984000,118080,1102080
O-00869,F-00441,2026A,2026-02-17,2026-09-30,316000,37920,353920
O-00870,F-00442,2026A,2026-02-16,2026-09-30,1174000,140880,1314880
O-00871,F-00443,2026A,2026-01-21,2026-09-30,487000,58440,545440
O-00872,F-00443,2025A,2025-02-19,2025-09-30,1592000,191040,1783040
O-00873,F-00444,2025B,2025-07-07,2026-02-28,1888500,226620,2115120
O-00874,F-00444,2026A,2026-02-05,2026-09-30,976000,117120,1093120
O-00875,F-00444,2025A,2025-02-03,2025-09-30,2273000,272760,2545760
O-00876,F-00445,2026A,2026-01-15,2026-09-30,720000,86400,806400
O-00877,F-00445,2025A,2025-01-26,2025-09-30,1932000,231840,2163840
O-00878,F-00445,2025B,2025-07-08,2026-02-28,1607500,192900,1800400
O-00879,F-00446,2026A,2026-02-05,2026-09-30,1160000,139200,1299200
O-00880,F-00446,2025A,2025-01-27,2025-09-30,758000,90960,848960
O-00881,F-00447,2026A,2026-02-09,2026-09-30,2113000,253560,2366560
O-00882,F-00447,2025B,2025-07-07,2026-02-28,1338000,160560,1498560
O-00883,F-00448,2025B,2025-07-18,2026-02-28,2641000,316920,2957920
O-00884,F-00449,2026A,2026-01-30,2026-09-30,604500,72540,677040
O-00885,F-00449,2025B,2025-07-06,2026-02-28,1424000,170880,1594880
O-00886,F-00450,2025B,2025-07-06,2026-02-28,192000,23040,215040
O-00887,F-00451,2025A,2025-02-06,2025-09-30,1104000,132480,1236480
O-00888,F-00451,2026A,2026-02-12,2026-09-30,1117000,134040,1251040
O-00889,F-00451,2025B,2025-07-13,2026-02-28,431000,51720,482720
O-00890,F-00452,2026A,2026-02-06,2026-09-30,942500,113100,1055600
O-00891,F-00452,2025B,2025-08-07,2026-02-28,2815000,337800,3152800
O-00892,F-00452,2025A,2025-01-22,2025-09-30,1883000,225960,2108960
O-00893,F-00453,2025B,2025-07-18,2026-02-28,1635500,196260,1831760
O-00894,F-00454,2025B,2025-07-16,2026-02-28,1387500,166500,1554000
O-00895,F-00454,2025A,2025-02-19,2025-09-30,2996000,359520,3355520
O-00896,F-00454,2026A,2026-01-22,2026-09-30,1382000,165840,1547840
O-00897,F-00455,2025A,2025-02-03,2025-09-30,2402000,288240,2690240
O-00898,F-00455,2025B,2025-08-02,2026-02-28,1324000,158880,1482880
O-00899,F-00456,2026A,2026-01-29,2026-09-30,81000,9720,90720
O-00900,F-00456,2025A,2025-02-14,2025-09-30,2728500,327420,3055920
O-00901,F-00457,2026A,2026-02-12,2026-09-30,1591000,190920,1781920
O-00902,F-00457,2025A,2025-02-14,2025-09-30,689000,82680,771680
O-00903,F-00457,2025B,2025-07-24,2026-02-28,1492000,179040,1671040
O-00904,F-00458,2025B,2025-08-03,2026-02-28,1895000,227400,2122400
O-00905,F-00458,2025A,2025-02-07,2025-09-30,1407000,168840,1575840
O-00906,F-00458,2026A,2026-01-17,2026-09-30,3615000,433800,4048800
O-00907,F-00459,2025B,2025-07-19,2026-02-28,2793000,335160,3128160
O-00908,F-00459,2025A,2025-02-02,2025-09-30,1889000,226680,2115680
O-00909,F-00459,2026A,2026-02-16,2026-09-30,1051000,126120,1177120
O-00910,F-00460,2025A,2025-02-04,2025-09-30,1660000,199200,1859200
O-00911,F-00460,2026A,2026-02-14,2026-09-30,2255500,270660,2526160
O-00912,F-00461,2026A,2026-01-17,2026-09-30,729500,87540,817040
O-00913,F-00461,2025A,2025-02-14,2025-09-30,1191000,142920,1333920
O-00914,F-00461,2025B,2025-07-28,2026-02-28,680000,81600,761600
O-00915,F-00462,2025A,2025-02-21,2025-09-30,83500,10020,93520
O-00916,F-00463,2025A,2025-02-13,2025-09-30,901500,108180,1009680
O-00917,F-00463,2026A,2026-01-17,2026-09-30,1862500,223500,2086000
O-00918,F-00463,2025B,2025-08-03,2026-02-28,1055000,126600,1181600
O-00919,F-00464,2025A,2025-02-17,2025-09-30,775500,93060,868560
O-00920,F-00464,2025B,2025-07-09,2026-02-28,772500,92700,865200
O-00921,F-00465,2025A,2025-02-01,2025-09-30,1306000,156720,1462720
O-00922,F-00465,2026A,2026-01-22,2026-09-30,1577500,189300,1766800
O-00923,F-00466,2026A,2026-01-17,2026-09-30,286000,34320,320320
O-00924,F-00466,2025B,2025-07-31,2026-02-28,1089500,130740,1220240
O-00925,F-00466,2025A,2025-01-19,2025-09-30,2568000,308160,2876160
O-00926,F-00467,2026A,2026-01-30,2026-09-30,2003500,240420,2243920
O-00927,F-00467,2025B,2025-08-06,2026-02-28,3067500,368100,3435600
O-00928,F-00467,2025A,2025-01-26,2025-09-30,1140000,136800,1276800
O-00929,F-00468,2025B,2025-08-03,2026-02-28,2838000,340560,3178560
O-00930,F-00468,2026A,2026-02-04,2026-09-30,2078000,249360,2327360
O-00931,F-00468,2025A,2025-02-07,2025-09-30,1343000,161160,1504160
O-00932,F-00469,2026A,2026-01-12,2026-09-30,2175000,261000,2436000
O-00933,F-00469,2025A,2025-01-15,2025-09-30,2600000,312000,2912000
O-00934,F-00470,2026A,2026-01-13,2026-09-30,2191500,262980,2454480
O-00935,F-00470,2025B,2025-07-25,2026-02-28,962000,115440,1077440
O-00936,F-00471,2025A,2025-02-20,2025-09-30,776000,93120,869120
O-00937,F-00472,2026A,2026-01-29,2026-09-30,3125000,375000,3500000
O-00938,F-00472,2025B,2025-07-28,2026-02-28,1316000,157920,1473920
O-00939,F-00472,2025A,2025-02-18,2025-09-30,2966000,355920,3321920
O-00940,F-00473,2026A,2026-01-26,2026-09-30,1455000,174600,1629600
O-00941,F-00474,2025A,2025-01-30,2025-09-30,1543000,185160,1728160
O-00942,F-00475,2025B,2025-07-22,2026-02-28,3033000,363960,3396960
O-00943,F-00476,2025A,2025-02-05,2025-09-30,2734000,328080,3062080
O-00944,F-00476,2025B,2025-07-11,2026-02-28,1482500,177900,1660400
O-00945,F-00477,2025B,2025-07-05,2026-02-28,294000,35280,329280
O-00946,F-00477,2025A,2025-02-01,2025-09-30,565000,67800,632800
O-00947,F-00477,2026A,2026-01-21,2026-09-30,2122000,254640,2376640
O-00948,F-00478,2025A,2025-02-09,2025-09-30,2198000,263760,2461760
O-00949,F-00479,2025A,2025-01-15,2025-09-30,2047500,245700,2293200
O-00950,F-00479,2025B,2025-08-06,2026-02-28,2279000,273480,2552480
O-00951,F-00479,2026A,2026-02-17,2026-09-30,2597500,311700,2909200
O-00952,F-00480,2025B,2025-07-16,2026-02-28,288500,34620,323120
O-00953,F-00480,2026A,2026-01-22,2026-09-30,1584000,190080,1774080
O-00954,F-00481,2026A,2026-01-16,2026-09-30,2722000,326640,3048640
O-00955,F-00481,2025B,2025-08-07,2026-02-28,2369500,284340,2653840
O-00956,F-00482,2026A,2026-02-15,2026-09-30,2280000,273600,2553600
O-00957,F-00482,2025B,2025-07-08,2026-02-28,410000,49200,459200
O-00958,F-00483,2025A,2025-02-06,2025-09-30,1000000,120000,1120000
O-00959,F-00484,2025A,2025-01-21,2025-09-30,1131000,135720,1266720
O-00960,F-00485,2025B,2025-08-01,2026-02-28,527000,63240,590240
O-00961,F-00485,2026A,2026-02-13,2026-09-30,1316000,157920,1473920
O-00962,F-00485,2025A,2025-02-04,2025-09-30,2735000,328200,3063200
O-00963,F-00486,2026A,2026-01-21,2026-09-30,1060000,127200,1187200
O-00964,F-00487,2026A,2026-01-16,2026-09-30,3594000,431280,4025280
O-00965,F-00487,2025A,2025-01-20,2025-09-30,471000,56520,527520
O-00966,F-00487,2025B,2025-07-10,2026-02-28,375000,45000,420000
O-00967,F-00488,2026A,2026-01-15,2026-09-30,1655000,198600,1853600
O-00968,F-00488,2025B,2025-07-18,2026-02-28,1445000,173400,1618400
O-00969,F-00489,2025B,2025-07-26,2026-02-28,2480000,297600,2777600
O-00970,F-00489,2026A,2026-01-15,2026-09-30,1059000,127080,1186080
O-00971,F-00489,2025A,2025-01-27,2025-09-30,1541000,184920,1725920
O-00972,F-00490,2026A,2026-01-22,2026-09-30,3185000,382200,3567200
O-00973,F-00490,2025B,2025-07-20,2026-02-28,1175000,141000,1316000
O-00974,F-00491,2025B,2025-07-03,2026-02-28,2965000,355800,3320800
O-00975,F-00491,2026A,2026-02-13,2026-09-30,3802000,456240,4258240
O-00976,F-00491,2025A,2025-02-18,2025-09-30,2894000,347280,3241280
O-00977,F-00492,2025A,2025-02-11,2025-09-30,1935000,232200,2167200
O-00978,F-00492,2025B,2025-07-25,2026-02-28,1599000,191880,1790880
O-00979,F-00493,2025B,2025-07-25,2026-02-28,1338000,160560,1498560
O-00980,F-00494,2025B,2025-07-12,2026-02-28,1481000,177720,1658720
O-00981,F-00494,2026A,2026-02-04,2026-09-30,2187000,262440,2449440
O-00982,F-00495,2025A,2025-02-22,2025-09-30,1879000,225480,2104480
O-00983,F-00495,2025B,2025-07-09,2026-02-28,3681000,441720,4122720
O-00984,F-00496,2026A,2026-01-17,2026-09-30,2260500,271260,2531760
O-00985,F-00497,2026A,2026-01-13,2026-09-30,890000,106800,996800
O-00986,F-00497,2025A,2025-01-26,2025-09-30,1686000,202320,1888320
O-00987,F-00498,2025A,2025-01-26,2025-09-30,738000,88560,826560
O-00988,F-00498,2026A,2026-01-17,2026-09-30,2564000,307680,2871680
O-00989,F-00499,2025B,2025-07-08,2026-02-28,2361000,283320,2644320
O-00990,F-00500,2025B,2025-07-16,2026-02-28,1096000,131520,1227520
O-00991,F-00500,2025A,2025-02-04,2025-09-30,672500,80700,753200
O-00992,F-00500,2026A,2026-02-03,2026-09-30,971000,116520,1087520
O-00993,F-00501,2025B,2025-07-18,2026-02-28,677500,81300,758800
O-00994,F-00501,2025A,2025-02-02,2025-09-30,1990000,238800,2228800
O-00995,F-00502,2025A,2025-01-22,2025-09-30,2485000,298200,2783200
O-00996,F-00503,2026A,2026-02-16,2026-09-30,3638000,436560,4074560
O-00997,F-00503,2025B,2025-07-19,2026-02-28,208000,24960,232960
O-00998,F-00503,2025A,2025-02-09,2025-09-30,1465000,175800,1640800
O-00999,F-00504,2026A,2026-02-03,2026-09-30,466000,55920,521920
O-01000,F-00504,2025B,2025-08-08,2026-02-28,965500,115860,1081360
O-01001,F-00504,2025A,2025-01-15,2025-09-30,1358000,162960,1520960
O-01002,F-00505,2025A,2025-02-11,2025-09-30,926500,111180,1037680
O-01003,F-00505,2025B,2025-07-15,2026-02-28,2134000,256080,2390080
O-01004,F-00505,2026A,2026-01-13,2026-09-30,2048000,245760,2293760
O-01005,F-00506,2026A,2026-02-18,2026-09-30,3122000,374640,3496640
O-01006,F-00507,2025B,2025-08-01,2026-02-28,995000,119400,1114400
O-01007,F-00507,2025A,2025-02-23,2025-09-30,436000,52320,488320
O-01008,F-00508,2025A,2025-02-06,2025-09-30,753500,90420,843920
O-01009,F-00509,2025A,2025-02-23,2025-09-30,1295500,155460,1450960
O-01010,F-00509,2025B,2025-07-29,2026-02-28,2484000,298080,2782080
O-01011,F-00510,2026A,2026-01-27,2026-09-30,2283000,273960,2556960
O-01012,F-00510,2025B,2025-08-08,2026-02-28,2363000,283560,2646560
O-01013,F-00510,2025A,2025-01-17,2025-09-30,1672500,200700,1873200
O-01014,F-00511,2025B,2025-08-05,2026-02-28,1787000,214440,2001440
O-01015,F-00511,2026A,2026-02-11,2026-09-30,2382000,285840,2667840
O-01016,F-00511,2025A,2025-01-28,2025-09-30,2232500,267900,2500400
O-01017,F-00512,2025B,2025-07-26,2026-02-28,915000,109800,1024800
O-01018,F-00512,2025A,2025-01-16,2025-09-30,1793000,215160,2008160
O-01019,F-00512,2026A,2026-01-18,2026-09-30,1359500,163140,1522640
O-01020,F-00513,2025B,2025-08-04,2026-02-28,250500,30060,280560
O-01021,F-00514,2025B,2025-07-28,2026-02-28,1538000,184560,1722560
O-01022,F-00515,2025B,2025-07-17,2026-02-28,1840000,220800,2060800
O-01023,F-00516,2025A,2025-02-11,2025-09-30,2188500,262620,2451120
O-01024,F-00516,2025B,2025-07-22,2026-02-28,861000,103320,964320
O-01025,F-00517,2025B,2025-07-11,2026-02-28,2688000,322560,3010560
O-01026,F-00517,2026A,2026-02-16,2026-09-30,1583000,189960,1772960
O-01027,F-00518,2025A,2025-01-29,2025-09-30,370000,44400,414400
O-01028,F-00518,2025B,2025-07-04,2026-02-28,937000,112440,1049440
O-01029,F-00518,2026A,2026-02-07,2026-09-30,1124000,134880,1258880
O-01030,F-00519,2025B,2025-07-27,2026-02-28,64000,7680,71680
O-01031,F-00520,2025B,2025-08-01,2026-02-28,1545500,185460,1730960
O-01032,F-00520,2025A,2025-02-06,2025-09-30,836500,100380,936880
O-01033,F-00520,2026A,2026-01-17,2026-09-30,170000,20400,190400
O-01034,F-00521,2026A,2026-02-07,2026-09-30,2155000,258600,2413600
O-01035,F-00521,2025B,2025-07-01,2026-02-28,2491000,298920,2789920
O-01036,F-00522,2025A,2025-02-20,2025-09-30,2060000,247200,2307200
O-01037,F-00523,2025A,2025-02-07,2025-09-30,197000,23640,220640
O-01038,F-00524,2025A,2025-01-23,2025-09-30,749500,89940,839440
O-01039,F-00524,2025B,2025-07-08,2026-02-28,528000,63360,591360
O-01040,F-00525,2025A,2025-01-23,2025-09-30,2937000,352440,3289440
O-01041,F-00525,2025B,2025-07-30,2026-02-28,876500,105180,981680
O-01042,F-00526,2025A,2025-02-08,2025-09-30,1072000,128640,1200640
O-01043,F-00526,2025B,2025-07-11,2026-02-28,4275000,513000,4788000
O-01044,F-00527,2025B,2025-08-06,2026-02-28,305000,36600,341600
O-01045,F-00527,2026A,2026-02-08,2026-09-30,510000,61200,571200
O-01046,F-00527,2025A,2025-02-17,2025-09-30,2007000,240840,2247840
O-01047,F-00528,2025A,2025-02-08,2025-09-30,2760000,331200,3091200
O-01048,F-00528,2025B,2025-08-05,2026-02-28,2379000,285480,2664480
O-01049,F-00528,2026A,2026-01-21,2026-09-30,2760000,331200,3091200
O-01050,F-00529,2025B,2025-07-07,2026-02-28,2426500,291180,2717680
O-01051,F-00529,2025A,2025-02-02,2025-09-30,1852000,222240,2074240
O-01052,F-00530,2026A,2026-01-17,2026-09-30,165500,19860,185360
O-01053,F-00530,2025B,2025-07-20,2026-02-28,730000,87600,817600
O-01054,F-00531,2026A,2026-02-17,2026-09-30,3262000,391440,3653440
O-01055,F-00531,2025B,2025-07-23,2026-02-28,1026000,123120,1149120
O-01056,F-00531,2025A,2025-01-16,2025-09-30,1870000,224400,2094400
O-01057,F-00532,2026A,2026-02-12,2026-09-30,621000,74520,695520
O-01058,F-00533,2026A,2026-01-21,2026-09-30,219000,26280,245280
O-01059,F-00533,2025B,2025-08-08,2026-02-28,2431000,291720,2722720
O-01060,F-00534,2026A,2026-02-18,2026-09-30,596000,71520,667520
O-01061,F-00534,2025A,2025-02-23,2025-09-30,1260000,151200,1411200
O-01062,F-00535,2025A,2025-02-24,2025-09-30,1499000,179880,1678880
O-01063,F-00535,2026A,2026-01-19,2026-09-30,494000,59280,553280
O-01064,F-00536,2026A,2026-02-09,2026-09-30,1254000,150480,1404480
O-01065,F-00536,2025A,2025-01-22,2025-09-30,2395000,287400,2682400
O-01066,F-00536,2025B,2025-07-08,2026-02-28,602000,72240,674240
O-01067,F-00537,2025A,2025-02-01,2025-09-30,1632000,195840,1827840
O-01068,F-00537,2025B,2025-07-19,2026-02-28,2039000,244680,2283680
O-01069,F-00537,2026A,2026-01-18,2026-09-30,2216000,265920,2481920
O-01070,F-00538,2025A,2025-01-19,2025-09-30,3055000,366600,3421600
O-01071,F-00538,2026A,2026-02-16,2026-09-30,834000,100080,934080
O-01072,F-00538,2025B,2025-07-05,2026-02-28,828000,99360,927360
O-01073,F-00539,2025A,2025-01-18,2025-09-30,1504500,180540,1685040
O-01074,F-00539,2025B,2025-08-03,2026-02-28,413000,49560,462560
O-01075,F-00539,2026A,2026-02-05,2026-09-30,2977000,357240,3334240
O-01076,F-00540,2025A,2025-02-06,2025-09-30,1602500,192300,1794800
O-01077,F-00541,2026A,2026-01-19,2026-09-30,1186000,142320,1328320
O-01078,F-00542,2025A,2025-01-21,2025-09-30,1306000,156720,1462720
O-01079,F-00543,2025A,2025-01-25,2025-09-30,845000,101400,946400
O-01080,F-00544,2025A,2025-02-18,2025-09-30,1650000,198000,1848000
O-01081,F-00544,2026A,2026-02-17,2026-09-30,1241000,148920,1389920
O-01082,F-00544,2025B,2025-08-06,2026-02-28,103500,12420,115920
O-01083,F-00545,2026A,2026-01-15,2026-09-30,2855000,342600,3197600
O-01084,F-00545,2025A,2025-02-02,2025-09-30,3864000,463680,4327680
O-01085,F-00545,2025B,2025-07-21,2026-02-28,516000,61920,577920
O-01086,F-00546,2025A,2025-02-20,2025-09-30,381000,45720,426720
O-01087,F-00546,2025B,2025-08-03,2026-02-28,3097000,371640,3468640
O-01088,F-00547,2025A,2025-01-16,2025-09-30,1583000,189960,1772960
O-01089,F-00547,2025B,2025-08-07,2026-02-28,1460000,175200,1635200
O-01090,F-00547,2026A,2026-01-18,2026-09-30,1747000,209640,1956640
O-01091,F-00548,2025A,2025-02-20,2025-09-30,136000,16320,152320
O-01092,F-00549,2025A,2025-02-04,2025-09-30,2280500,273660,2554160
O-01093,F-00549,2026A,2026-01-25,2026-09-30,971000,116520,1087520
O-01094,F-00549,2025B,2025-07-01,2026-02-28,431500,51780,483280
O-01095,F-00550,2026A,2026-02-19,2026-09-30,1550000,186000,1736000
O-01096,F-00550,2025B,2025-07-15,2026-02-28,2290000,274800,2564800
O-01097,F-00550,2025A,2025-01-22,2025-09-30,1474000,176880,1650880
O-01098,F-00551,2026A,2026-02-18,2026-09-30,2040000,244800,2284800
O-01099,F-00551,2025B,2025-07-02,2026-02-28,971500,116580,1088080
O-01100,F-00552,2026A,2026-02-21,2026-09-30,1202000,144240,1346240
O-01101,F-00553,2025A,2025-02-21,2025-09-30,293000,35160,328160
O-01102,F-00554,2025A,2025-02-20,2025-09-30,1368000,164160,1532160
O-01103,F-00555,2026A,2026-01-24,2026-09-30,2222000,266640,2488640
O-01104,F-00555,2025B,2025-07-14,2026-02-28,1407000,168840,1575840
O-01105,F-00555,2025A,2025-01-18,2025-09-30,3129500,375540,3505040
O-01106,F-00556,2025B,2025-07-18,2026-02-28,2461000,295320,2756320
O-01107,F-00556,2025A,2025-02-08,2025-09-30,2349000,281880,2630880
O-01108,F-00556,2026A,2026-01-14,2026-09-30,760500,91260,851760
O-01109,F-00557,2025A,2025-02-08,2025-09-30,2203000,264360,2467360
O-01110,F-00558,2026A,2026-02-15,2026-09-30,733000,87960,820960
O-01111,F-00558,2025A,2025-01-23,2025-09-30,1978000,237360,2215360
O-01112,F-00559,2026A,2026-01-12,2026-09-30,548000,65760,613760
O-01113,F-00559,2025B,2025-07-07,2026-02-28,1553000,186360,1739360
O-01114,F-00559,2025A,2025-02-03,2025-09-30,98000,11760,109760
O-01115,F-00560,2025B,2025-07-19,2026-02-28,1947000,233640,2180640
O-01116,F-00561,2025B,2025-08-06,2026-02-28,1381500,165780,1547280
O-01117,F-00561,2026A,2026-02-06,2026-09-30,487000,58440,545440
O-01118,F-00562,2026A,2026-01-21,2026-09-30,1244500,149340,1393840
O-01119,F-00562,2025B,2025-07-20,2026-02-28,4681000,561720,5242720
O-01120,F-00562,2025A,2025-02-05,2025-09-30,1591000,190920,1781920
O-01121,F-00563,2025B,2025-07-16,2026-02-28,1512500,181500,1694000
O-01122,F-00563,2026A,2026-02-16,2026-09-30,672500,80700,753200
O-01123,F-00563,2025A,2025-02-03,2025-09-30,861000,103320,964320
O-01124,F-00564,2025B,2025-07-31,2026-02-28,913000,109560,1022560
O-01125,F-00564,2025A,2025-01-16,2025-09-30,1975000,237000,2212000
O-01126,F-00565,2025A,2025-01-21,2025-09-30,2512000,301440,2813440
O-01127,F-00565,2025B,2025-08-06,2026-02-28,1835500,220260,2055760
O-01128,F-00566,2025B,2025-07-24,2026-02-28,1261500,151380,1412880
O-01129,F-00566,2026A,2026-02-05,2026-09-30,1436000,172320,1608320
O-01130,F-00567,2025A,2025-02-12,2025-09-30,1217000,146040,1363040
O-01131,F-00567,2026A,2026-02-09,2026-09-30,242000,29040,271040
O-01132,F-00568,2025B,2025-08-07,2026-02-28,2552000,306240,2858240
O-01133,F-00569,2025B,2025-07-02,2026-02-28,797000,95640,892640
O-01134,F-00569,2026A,2026-01-21,2026-09-30,2307500,276900,2584400
O-01135,F-00569,2025A,2025-01-21,2025-09-30,151000,18120,169120
O-01136,F-00570,2025A,2025-02-01,2025-09-30,1778000,213360,1991360
O-01137,F-00570,2026A,2026-02-02,2026-09-30,3670500,440460,4110960
O-01138,F-00571,2025A,2025-01-22,2025-09-30,2998000,359760,3357760
O-01139,F-00571,2025B,2025-07-07,2026-02-28,2770000,332400,3102400
O-01140,F-00571,2026A,2026-01-30,2026-09-30,1949000,233880,2182880
O-01141,F-00572,2025A,2025-01-25,2025-09-30,943000,113160,1056160
O-01142,F-00572,2026A,2026-01-28,2026-09-30,3142000,377040,3519040
O-01143,F-00572,2025B,2025-07-21,2026-02-28,971000,116520,1087520
O-01144,F-00573,2026A,2026-01-30,2026-09-30,761500,91380,852880
O-01145,F-00574,2025B,2025-08-04,2026-02-28,2529000,303480,2832480
O-01146,F-00575,2025B,2025-07-15,2026-02-28,1970000,236400,2206400
O-01147,F-00575,2026A,2026-02-07,2026-09-30,2151000,258120,2409120
O-01148,F-00575,2025A,2025-02-13,2025-09-30,1254000,150480,1404480
O-01149,F-00576,2025A,2025-01-28,2025-09-30,2304500,276540,2581040
O-01150,F-00577,2025A,2025-02-19,2025-09-30,572000,68640,640640
O-01151,F-00578,2025B,2025-07-22,2026-02-28,596000,71520,667520
O-01152,F-00578,2026A,2026-01-18,2026-09-30,4786500,574380,5360880
O-01153,F-00579,2026A,2026-02-12,2026-09-30,1756000,210720,1966720
O-01154,F-00580,2025B,2025-07-11,2026-02-28,1102000,132240,1234240
O-01155,F-00581,2025A,2025-02-13,2025-09-30,3174500,380940,3555440
O-01156,F-00582,2025B,2025-07-08,2026-02-28,2025000,243000,2268000
O-01157,F-00583,2026A,2026-02-14,2026-09-30,3101000,372120,3473120
O-01158,F-00583,2025B,2025-07-04,2026-02-28,2847000,341640,3188640
O-01159,F-00583,2025A,2025-02-01,2025-09-30,2798000,335760,3133760
O-01160,F-00584,2025A,2025-02-12,2025-09-30,1349000,161880,1510880
O-01161,F-00585,2025A,2025-02-12,2025-09-30,697000,83640,780640
O-01162,F-00586,2025B,2025-07-16,2026-02-28,2916000,349920,3265920
O-01163,F-00586,2026A,2026-01-18,2026-09-30,870000,104400,974400
O-01164,F-00586,2025A,2025-02-01,2025-09-30,2190000,262800,2452800
O-01165,F-00587,2026A,2026-02-07,2026-09-30,1152000,138240,1290240
O-01166,F-00587,2025A,2025-01-21,2025-09-30,1053000,126360,1179360
O-01167,F-00588,2025B,2025-07-15,2026-02-28,2391000,286920,2677920
O-01168,F-00589,2025A,2025-02-16,2025-09-30,3463000,415560,3878560
O-01169,F-00590,2025A,2025-02-12,2025-09-30,1465000,175800,1640800
O-01170,F-00590,2025B,2025-07-25,2026-02-28,839500,100740,940240
O-01171,F-00590,2026A,2026-02-12,2026-09-30,640000,76800,716800
O-01172,F-00591,2025B,2025-08-10,2026-02-28,1266000,151920,1417920
O-01173,F-00591,2026A,2026-01-24,2026-09-30,1726000,207120,1933120
O-01174,F-00591,2025A,2025-01-19,2025-09-30,828000,99360,927360
O-01175,F-00592,2025A,2025-01-24,2025-09-30,3460500,415260,3875760
O-01176,F-00592,2025B,2025-07-31,2026-02-28,1221000,146520,1367520
O-01177,F-00592,2026A,2026-01-14,2026-09-30,117000,14040,131040
O-01178,F-00593,2025B,2025-07-02,2026-02-28,2017500,242100,2259600
O-01179,F-00594,2026A,2026-02-18,2026-09-30,1459000,175080,1634080
O-01180,F-00595,2025B,2025-08-02,2026-02-28,409000,49080,458080
O-01181,F-00596,2025A,2025-01-30,2025-09-30,1238500,148620,1387120
O-01182,F-00596,2026A,2026-02-12,2026-09-30,2316500,277980,2594480
O-01183,F-00596,2025B,2025-07-13,2026-02-28,2762000,331440,3093440
O-01184,F-00597,2026A,2026-02-20,2026-09-30,1085000,130200,1215200
O-01185,F-00598,2026A,2026-02-11,2026-09-30,816000,97920,913920
O-01186,F-00598,2025B,2025-07-02,2026-02-28,231000,27720,258720
O-01187,F-00598,2025A,2025-02-21,2025-09-30,966000,115920,1081920
O-01188,F-00599,2025B,2025-07-20,2026-02-28,2763000,331560,3094560
O-01189,F-00600,2025B,2025-07-25,2026-02-28,641000,76920,717920
O-01190,F-00600,2026A,2026-01-13,2026-09-30,1407000,168840,1575840
O-01191,F-00600,2025A,2025-01-31,2025-09-30,560000,67200,627200
O-01192,F-00601,2026A,2026-02-05,2026-09-30,2208000,264960,2472960
O-01193,F-00602,2025A,2025-02-13,2025-09-30,1563000,187560,1750560
O-01194,F-00602,2025B,2025-07-22,2026-02-28,772500,92700,865200
O-01195,F-00603,2025A,2025-02-17,2025-09-30,1757000,210840,1967840
O-01196,F-00603,2025B,2025-07-09,2026-02-28,3349000,401880,3750880
O-01197,F-00604,2026A,2026-02-05,2026-09-30,1230000,147600,1377600
O-01198,F-00604,2025A,2025-02-12,2025-09-30,1147500,137700,1285200
O-01199,F-00605,2026A,2026-01-21,2026-09-30,1772000,212640,1984640
O-01200,F-00606,2025A,2025-01-19,2025-09-30,3091000,370920,3461920
O-01201,F-00606,2026A,2026-01-27,2026-09-30,863000,103560,966560
O-01202,F-00606,2025B,2025-07-07,2026-02-28,849000,101880,950880
O-01203,F-00607,2025A,2025-02-15,2025-09-30,2485000,298200,2783200
O-01204,F-00607,2025B,2025-07-24,2026-02-28,686500,82380,768880
O-01205,F-00607,2026A,2026-01-22,2026-09-30,328500,39420,367920
O-01206,F-00608,2025B,2025-07-28,2026-02-28,658000,78960,736960
O-01207,F-00608,2025A,2025-02-06,2025-09-30,569500,68340,637840
O-01208,F-00609,2026A,2026-01-18,2026-09-30,1079000,129480,1208480
O-01209,F-00610,2026A,2026-02-21,2026-09-30,187500,22500,210000
O-01210,F-00610,2025B,2025-08-04,2026-02-28,2462000,295440,2757440
O-01211,F-00610,2025A,2025-02-13,2025-09-30,1248000,149760,1397760
O-01212,F-00611,2026A,2026-01-25,2026-09-30,2701500,324180,3025680
O-01213,F-00612,2026A,2026-02-08,2026-09-30,1080000,129600,1209600
O-01214,F-00613,2025B,2025-08-02,2026-02-28,906000,108720,1014720
O-01215,F-00614,2026A,2026-02-19,2026-09-30,1675000,201000,1876000
O-01216,F-00615,2025A,2025-01-17,2025-09-30,1190000,142800,1332800
O-01217,F-00616,2025B,2025-07-12,2026-02-28,711000,85320,796320
O-01218,F-00616,2026A,2026-01-24,2026-09-30,2273000,272760,2545760
O-01219,F-00617,2026A,2026-01-23,2026-09-30,2157000,258840,2415840
O-01220,F-00617,2025A,2025-02-04,2025-09-30,255000,30600,285600
O-01221,F-00618,2026A,2026-02-21,2026-09-30,1882000,225840,2107840
O-01222,F-00618,2025A,2025-01-31,2025-09-30,1569000,188280,1757280
O-01223,F-00619,2025A,2025-02-03,2025-09-30,948000,113760,1061760
O-01224,F-00619,2026A,2026-01-23,2026-09-30,2385500,286260,2671760
O-01225,F-00620,2025A,2025-02-20,2025-09-30,4556000,546720,5102720
O-01226,F-00620,2025B,2025-07-04,2026-02-28,623000,74760,697760
O-01227,F-00621,2026A,2026-02-09,2026-09-30,2328000,279360,2607360
O-01228,F-00621,2025B,2025-07-29,2026-02-28,2381000,285720,2666720
O-01229,F-00621,2025A,2025-02-14,2025-09-30,803000,96360,899360
O-01230,F-00622,2026A,2026-01-21,2026-09-30,4090000,490800,4580800
O-01231,F-00623,2025A,2025-02-03,2025-09-30,2455000,294600,2749600
O-01232,F-00624,2025B,2025-08-08,2026-02-28,1460000,175200,1635200
O-01233,F-00624,2026A,2026-01-17,2026-09-30,702500,84300,786800
O-01234,F-00624,2025A,2025-02-19,2025-09-30,489000,58680,547680
O-01235,F-00625,2025B,2025-08-07,2026-02-28,1037000,124440,1161440
O-01236,F-00626,2026A,2026-02-05,2026-09-30,1544000,185280,1729280
O-01237,F-00626,2025A,2025-01-31,2025-09-30,1661000,199320,1860320
O-01238,F-00626,2025B,2025-07-22,2026-02-28,564500,67740,632240
O-01239,F-00627,2026A,2026-02-16,2026-09-30,1403000,168360,1571360
O-01240,F-00627,2025B,2025-08-08,2026-02-28,1485000,178200,1663200
O-01241,F-00627,2025A,2025-02-16,2025-09-30,973000,116760,1089760
O-01242,F-00628,2025A,2025-01-20,2025-09-30,1591000,190920,1781920
O-01243,F-00629,2025B,2025-07-13,2026-02-28,1115500,133860,1249360
O-01244,F-00630,2025B,2025-07-17,2026-02-28,566000,67920,633920
O-01245,F-00630,2025A,2025-02-22,2025-09-30,2756500,330780,3087280
O-01246,F-00630,2026A,2026-01-25,2026-09-30,1846000,221520,2067520
O-01247,F-00631,2025B,2025-07-22,2026-02-28,3182000,381840,3563840
O-01248,F-00631,2025A,2025-02-24,2025-09-30,1572000,188640,1760640
O-01249,F-00631,2026A,2026-02-10,2026-09-30,1873500,224820,2098320
O-01250,F-00632,2026A,2026-01-16,2026-09-30,1863000,223560,2086560
O-01251,F-00632,2025B,2025-07-19,2026-02-28,617000,74040,691040
O-01252,F-00632,2025A,2025-02-01,2025-09-30,1885000,226200,2111200
O-01253,F-00633,2026A,2026-01-21,2026-09-30,1880000,225600,2105600
O-01254,F-00633,2025B,2025-07-10,2026-02-28,684000,82080,766080
O-01255,F-00633,2025A,2025-02-11,2025-09-30,1188500,142620,1331120
O-01256,F-00634,2025A,2025-02-17,2025-09-30,715000,85800,800800
O-01257,F-00634,2025B,2025-07-08,2026-02-28,2010000,241200,2251200
O-01258,F-00634,2026A,2026-01-13,2026-09-30,1107000,132840,1239840
O-01259,F-00635,2025B,2025-07-11,2026-02-28,2121500,254580,2376080
O-01260,F-00636,2026A,2026-02-12,2026-09-30,1285000,154200,1439200
O-01261,F-00637,2025A,2025-01-23,2025-09-30,415000,49800,464800
O-01262,F-00637,2025B,2025-07-14,2026-02-28,1924000,230880,2154880
O-01263,F-00638,2025B,2025-07-07,2026-02-28,844000,101280,945280
O-01264,F-00638,2026A,2026-02-14,2026-09-30,2120000,254400,2374400
O-01265,F-00638,2025A,2025-01-24,2025-09-30,3872000,464640,4336640
O-01266,F-00639,2025B,2025-07-09,2026-02-28,1935000,232200,2167200
O-01267,F-00640,2026A,2026-02-02,2026-09-30,1186000,142320,1328320
O-01268,F-00640,2025A,2025-02-02,2025-09-30,3109000,373080,3482080
O-01269,F-00641,2026A,2026-01-30,2026-09-30,2381500,285780,2667280
O-01270,F-00642,2025A,2025-02-04,2025-09-30,738000,88560,826560
O-01271,F-00642,2026A,2026-02-17,2026-09-30,1596000,191520,1787520
O-01272,F-00642,2025B,2025-07-05,2026-02-28,1087500,130500,1218000
O-01273,F-00643,2025A,2025-01-29,2025-09-30,1368000,164160,1532160
O-01274,F-00644,2025A,2025-01-27,2025-09-30,1509000,181080,1690080
O-01275,F-00644,2026A,2026-01-21,2026-09-30,867000,104040,971040
O-01276,F-00644,2025B,2025-07-02,2026-02-28,169000,20280,189280
O-01277,F-00645,2025B,2025-08-09,2026-02-28,3277500,393300,3670800
O-01278,F-00645,2026A,2026-01-25,2026-09-30,1134500,136140,1270640
O-01279,F-00646,2025B,2025-08-01,2026-02-28,1062000,127440,1189440
O-01280,F-00646,2026A,2026-02-10,2026-09-30,1932000,231840,2163840
O-01281,F-00647,2026A,2026-01-22,2026-09-30,2561000,307320,2868320
O-01282,F-00647,2025A,2025-01-16,2025-09-30,369000,44280,413280
O-01283,F-00647,2025B,2025-07-19,2026-02-28,747500,89700,837200
O-01284,F-00648,2026A,2026-02-01,2026-09-30,1983000,237960,2220960
O-01285,F-00649,2026A,2026-02-08,2026-09-30,1980000,237600,2217600
O-01286,F-00649,2025A,2025-02-23,2025-09-30,287000,34440,321440
O-01287,F-00650,2025B,2025-07-07,2026-02-28,1886500,226380,2112880
O-01288,F-00650,2026A,2026-02-02,2026-09-30,2679000,321480,3000480
O-01289,F-00651,2025B,2025-08-09,2026-02-28,1689000,202680,1891680
O-01290,F-00651,2026A,2026-01-30,2026-09-30,1416000,169920,1585920
O-01291,F-00651,2025A,2025-01-16,2025-09-30,631500,75780,707280
O-01292,F-00652,2026A,2026-02-21,2026-09-30,782000,93840,875840
O-01293,F-00652,2025A,2025-02-13,2025-09-30,1468000,176160,1644160
O-01294,F-00653,2026A,2026-01-13,2026-09-30,689000,82680,771680
O-01295,F-00653,2025B,2025-07-23,2026-02-28,259500,31140,290640
O-01296,F-00653,2025A,2025-02-13,2025-09-30,294000,35280,329280
O-01297,F-00654,2025A,2025-02-01,2025-09-30,940000,112800,1052800
O-01298,F-00654,2026A,2026-02-20,2026-09-30,2516500,301980,2818480
O-01299,F-00655,2025A,2025-02-01,2025-09-30,2330000,279600,2609600
O-01300,F-00655,2026A,2026-02-11,2026-09-30,118000,14160,132160
O-01301,F-00655,2025B,2025-07-09,2026-02-28,356000,42720,398720
O-01302,F-00656,2026A,2026-02-08,2026-09-30,1054000,126480,1180480
O-01303,F-00656,2025B,2025-07-24,2026-02-28,694500,83340,777840
O-01304,F-00656,2025A,2025-01-27,2025-09-30,352000,42240,394240
O-01305,F-00657,2025B,2025-07-22,2026-02-28,1492000,179040,1671040
O-01306,F-00658,2026A,2026-01-14,2026-09-30,686000,82320,768320
O-01307,F-00658,2025B,2025-07-01,2026-02-28,1840000,220800,2060800
O-01308,F-00658,2025A,2025-02-06,2025-09-30,103500,12420,115920
O-01309,F-00659,2026A,2026-02-01,2026-09-30,1805500,216660,2022160
O-01310,F-00659,2025B,2025-07-13,2026-02-28,2483500,298020,2781520
O-01311,F-00659,2025A,2025-01-27,2025-09-30,2120000,254400,2374400
O-01312,F-00660,2025B,2025-07-23,2026-02-28,2247000,269640,2516640
O-01313,F-00660,2025A,2025-02-19,2025-09-30,1715500,205860,1921360
O-01314,F-00661,2025A,2025-02-05,2025-09-30,2919000,350280,3269280
O-01315,F-00661,2025B,2025-07-26,2026-02-28,1243000,149160,1392160
O-01316,F-00661,2026A,2026-01-20,2026-09-30,377000,45240,422240
O-01317,F-00662,2026A,2026-01-31,2026-09-30,588000,70560,658560
O-01318,F-00662,2025B,2025-08-04,2026-02-28,1148500,137820,1286320
O-01319,F-00663,2025B,2025-07-12,2026-02-28,1156000,138720,1294720
O-01320,F-00663,2026A,2026-02-21,2026-09-30,551000,66120,617120
O-01321,F-00664,2026A,2026-02-21,2026-09-30,2615000,313800,2928800
O-01322,F-00665,2026A,2026-01-14,2026-09-30,1201500,144180,1345680
O-01323,F-00665,2025B,2025-07-27,2026-02-28,136000,16320,152320
O-01324,F-00665,2025A,2025-01-30,2025-09-30,1381000,165720,1546720
O-01325,F-00666,2026A,2026-02-04,2026-09-30,3136000,376320,3512320
O-01326,F-00666,2025A,2025-02-16,2025-09-30,1729000,207480,1936480
O-01327,F-00666,2025B,2025-07-29,2026-02-28,1027000,123240,1150240
O-01328,F-00667,2026A,2026-02-21,2026-09-30,693500,83220,776720
O-01329,F-00667,2025A,2025-02-08,2025-09-30,152000,18240,170240
O-01330,F-00668,2025B,2025-08-04,2026-02-28,2810000,337200,3147200
O-01331,F-00668,2025A,2025-01-15,2025-09-30,571000,68520,639520
O-01332,F-00669,2025A,2025-02-13,2025-09-30,996000,119520,1115520
O-01333,F-00669,2026A,2026-02-16,2026-09-30,867000,104040,971040
O-01334,F-00670,2025A,2025-02-08,2025-09-30,2304000,276480,2580480
O-01335,F-00670,2026A,2026-02-11,2026-09-30,706000,84720,790720
O-01336,F-00671,2025A,2025-02-01,2025-09-30,350500,42060,392560
O-01337,F-00671,2025B,2025-07-13,2026-02-28,955000,114600,1069600
O-01338,F-00671,2026A,2026-02-14,2026-09-30,3270000,392400,3662400
O-01339,F-00672,2025A,2025-01-30,2025-09-30,192000,23040,215040
O-01340,F-00672,2026A,2026-02-20,2026-09-30,2922000,350640,3272640
O-01341,F-00673,2025A,2025-02-23,2025-09-30,131500,15780,147280
O-01342,F-00673,2026A,2026-02-01,2026-09-30,1642000,197040,1839040
O-01343,F-00673,2025B,2025-07-05,2026-02-28,1320000,158400,1478400
O-01344,F-00674,2025B,2025-08-02,2026-02-28,2642000,317040,2959040
O-01345,F-00674,2025A,2025-01-28,2025-09-30,1607500,192900,1800400
O-01346,F-00674,2026A,2026-01-15,2026-09-30,1653000,198360,1851360
O-01347,F-00675,2025B,2025-07-28,2026-02-28,1152000,138240,1290240
O-01348,F-00676,2025A,2025-02-07,2025-09-30,1571500,188580,1760080
O-01349,F-00676,2025B,2025-07-31,2026-02-28,782000,93840,875840
O-01350,F-00677,2025B,2025-07-28,2026-02-28,1250500,150060,1400560
O-01351,F-00677,2025A,2025-01-15,2025-09-30,1174000,140880,1314880
O-01352,F-00678,2025B,2025-08-10,2026-02-28,582000,69840,651840
O-01353,F-00679,2025B,2025-07-23,2026-02-28,1583000,189960,1772960
O-01354,F-00679,2025A,2025-01-24,2025-09-30,3019000,362280,3381280
O-01355,F-00680,2026A,2026-02-14,2026-09-30,975500,117060,1092560
O-01356,F-00681,2026A,2026-02-05,2026-09-30,722500,86700,809200
O-01357,F-00682,2026A,2026-02-07,2026-09-30,3087500,370500,3458000
O-01358,F-00682,2025B,2025-07-06,2026-02-28,1055000,126600,1181600
O-01359,F-00683,2025A,2025-01-24,2025-09-30,1527000,183240,1710240
O-01360,F-00684,2025A,2025-02-19,2025-09-30,691000,82920,773920
O-01361,F-00684,2026A,2026-01-23,2026-09-30,2472000,296640,2768640
O-01362,F-00684,2025B,2025-07-27,2026-02-28,838000,100560,938560
O-01363,F-00685,2026A,2026-02-05,2026-09-30,1761000,211320,1972320
O-01364,F-00686,2025B,2025-08-05,2026-02-28,2718000,326160,3044160
O-01365,F-00686,2025A,2025-02-05,2025-09-30,1701000,204120,1905120
O-01366,F-00687,2025A,2025-02-07,2025-09-30,510000,61200,571200
O-01367,F-00688,2026A,2026-02-11,2026-09-30,2003000,240360,2243360
O-01368,F-00688,2025B,2025-07-16,2026-02-28,2025000,243000,2268000
O-01369,F-00689,2025A,2025-02-10,2025-09-30,2159000,259080,2418080
O-01370,F-00689,2026A,2026-01-27,2026-09-30,1472000,176640,1648640
O-01371,F-00689,2025B,2025-07-08,2026-02-28,689000,82680,771680
O-01372,F-00690,2026A,2026-01-13,2026-09-30,2302000,276240,2578240
O-01373,F-00690,2025A,2025-02-09,2025-09-30,1463000,175560,1638560
O-01374,F-00691,2025A,2025-01-19,2025-09-30,3127000,375240,3502240
O-01375,F-00691,2026A,2026-02-05,2026-09-30,2600500,312060,2912560
O-01376,F-00692,2026A,2026-02-03,2026-09-30,3967000,476040,4443040
O-01377,F-00692,2025A,2025-02-04,2025-09-30,450000,54000,504000
O-01378,F-00692,2025B,2025-07-07,2026-02-28,877500,105300,982800
O-01379,F-00693,2026A,2026-01-12,2026-09-30,1970000,236400,2206400
O-01380,F-00693,2025B,2025-07-09,2026-02-28,1583000,189960,1772960
O-01381,F-00693,2025A,2025-01-31,2025-09-30,1258000,150960,1408960
O-01382,F-00694,2025A,2025-01-28,2025-09-30,1420000,170400,1590400
O-01383,F-00695,2026A,2026-01-29,2026-09-30,3140000,376800,3516800
O-01384,F-00696,2026A,2026-02-05,2026-09-30,233500,28020,261520
O-01385,F-00697,2025B,2025-07-26,2026-02-28,781000,93720,874720
O-01386,F-00697,2026A,2026-01-26,2026-09-30,2591000,310920,2901920
O-01387,F-00697,2025A,2025-02-11,2025-09-30,2395000,287400,2682400
O-01388,F-00698,2025A,2025-02-11,2025-09-30,214000,25680,239680
O-01389,F-00698,2025B,2025-07-12,2026-02-28,1340000,160800,1500800
O-01390,F-00698,2026A,2026-01-19,2026-09-30,2157000,258840,2415840
O-01391,F-00699,2025A,2025-01-20,2025-09-30,1764000,211680,1975680
O-01392,F-00699,2025B,2025-07-23,2026-02-28,2508000,300960,2808960
O-01393,F-00699,2026A,2026-01-19,2026-09-30,695000,83400,778400
O-01394,F-00700,2026A,2026-01-23,2026-09-30,1137000,136440,1273440
O-01395,F-00701,2025A,2025-02-11,2025-09-30,2393000,287160,2680160
O-01396,F-00701,2025B,2025-07-11,2026-02-28,423000,50760,473760
O-01397,F-00701,2026A,2026-02-18,2026-09-30,4581000,549720,5130720
O-01398,F-00702,2025B,2025-07-27,2026-02-28,2249000,269880,2518880
O-01399,F-00702,2026A,2026-01-14,2026-09-30,1662000,199440,1861440
O-01400,F-00703,2025A,2025-02-04,2025-09-30,2006000,240720,2246720
O-01401,F-00703,2026A,2026-02-07,2026-09-30,1738000,208560,1946560
O-01402,F-00704,2026A,2026-02-03,2026-09-30,1468500,176220,1644720
O-01403,F-00705,2025B,2025-08-06,2026-02-28,2589000,310680,2899680
O-01404,F-00706,2026A,2026-01-30,2026-09-30,988500,118620,1107120
O-01405,F-00706,2025B,2025-07-02,2026-02-28,1970000,236400,2206400
O-01406,F-00707,2026A,2026-01-29,2026-09-30,618500,74220,692720
O-01407,F-00707,2025B,2025-07-16,2026-02-28,171500,20580,192080
O-01408,F-00708,2026A,2026-01-13,2026-09-30,655000,78600,733600
O-01409,F-00708,2025B,2025-07-11,2026-02-28,2085000,250200,2335200
O-01410,F-00708,2025A,2025-02-01,2025-09-30,123000,14760,137760
O-01411,F-00709,2025B,2025-07-13,2026-02-28,644000,77280,721280
O-01412,F-00709,2026A,2026-02-09,2026-09-30,657500,78900,736400
O-01413,F-00710,2025A,2025-01-16,2025-09-30,1272000,152640,1424640
O-01414,F-00711,2026A,2026-02-10,2026-09-30,214000,25680,239680
O-01415,F-00712,2026A,2026-02-18,2026-09-30,476000,57120,533120
O-01416,F-00713,2025A,2025-02-17,2025-09-30,1092000,131040,1223040
O-01417,F-00713,2026A,2026-02-14,2026-09-30,1911000,229320,2140320
O-01418,F-00714,2025A,2025-02-03,2025-09-30,3308000,396960,3704960
O-01419,F-00715,2025B,2025-07-08,2026-02-28,1883000,225960,2108960
O-01420,F-00715,2026A,2026-02-14,2026-09-30,1880000,225600,2105600
O-01421,F-00716,2025A,2025-02-13,2025-09-30,1779000,213480,1992480
O-01422,F-00716,2026A,2026-01-30,2026-09-30,620000,74400,694400
O-01423,F-00717,2026A,2026-02-09,2026-09-30,3838000,460560,4298560
O-01424,F-00718,2026A,2026-02-09,2026-09-30,1686000,202320,1888320
O-01425,F-00718,2025A,2025-02-24,2025-09-30,1441000,172920,1613920
O-01426,F-00718,2025B,2025-07-17,2026-02-28,2100000,252000,2352000
O-01427,F-00719,2025B,2025-07-18,2026-02-28,684000,82080,766080
O-01428,F-00719,2026A,2026-01-30,2026-09-30,1411000,169320,1580320
O-01429,F-00719,2025A,2025-02-22,2025-09-30,889500,106740,996240
O-01430,F-00720,2026A,2026-01-29,2026-09-30,1870000,224400,2094400
O-01431,F-00720,2025B,2025-07-03,2026-02-28,2589000,310680,2899680
O-01432,F-00720,2025A,2025-02-08,2025-09-30,1158000,138960,1296960
O-01433,F-00721,2026A,2026-01-27,2026-09-30,1008000,120960,1128960
O-01434,F-00721,2025A,2025-01-25,2025-09-30,459000,55080,514080
O-01435,F-00721,2025B,2025-07-29,2026-02-28,898000,107760,1005760
O-01436,F-00722,2025A,2025-02-20,2025-09-30,1470000,176400,1646400
O-01437,F-00722,2026A,2026-02-06,2026-09-30,2357000,282840,2639840
O-01438,F-00722,2025B,2025-07-10,2026-02-28,562500,67500,630000
O-01439,F-00723,2025B,2025-07-15,2026-02-28,1915000,229800,2144800
O-01440,F-00723,2025A,2025-01-26,2025-09-30,1164000,139680,1303680
O-01441,F-00724,2025A,2025-01-17,2025-09-30,1471000,176520,1647520
O-01442,F-00724,2025B,2025-08-06,2026-02-28,364000,43680,407680
O-01443,F-00725,2025B,2025-07-15,2026-02-28,1558000,186960,1744960
O-01444,F-00725,2026A,2026-01-30,2026-09-30,1381000,165720,1546720
O-01445,F-00725,2025A,2025-02-10,2025-09-30,2641000,316920,2957920
O-01446,F-00726,2025B,2025-07-13,2026-02-28,1996000,239520,2235520
O-01447,F-00726,2026A,2026-02-12,2026-09-30,716000,85920,801920
O-01448,F-00727,2026A,2026-01-30,2026-09-30,1135000,136200,1271200
O-01449,F-00727,2025A,2025-02-12,2025-09-30,588000,70560,658560
O-01450,F-00728,2026A,2026-01-18,2026-09-30,683000,81960,764960
O-01451,F-00728,2025A,2025-02-16,2025-09-30,2664500,319740,2984240
O-01452,F-00729,2025A,2025-02-09,2025-09-30,3490000,418800,3908800
O-01453,F-00729,2025B,2025-07-21,2026-02-28,1973000,236760,2209760
O-01454,F-00730,2025B,2025-07-23,2026-02-28,2059000,247080,2306080
O-01455,F-00730,2026A,2026-01-28,2026-09-30,1307500,156900,1464400
O-01456,F-00731,2025A,2025-02-24,2025-09-30,2419000,290280,2709280
O-01457,F-00731,2026A,2026-01-31,2026-09-30,319500,38340,357840
O-01458,F-00732,2025A,2025-02-24,2025-09-30,3094000,371280,3465280
O-01459,F-00732,2026A,2026-01-30,2026-09-30,2273000,272760,2545760
O-01460,F-00732,2025B,2025-07-11,2026-02-28,988500,118620,1107120
O-01461,F-00733,2026A,2026-01-14,2026-09-30,1059000,127080,1186080
O-01462,F-00733,2025A,2025-02-22,2025-09-30,1371000,164520,1535520
O-01463,F-00733,2025B,2025-07-30,2026-02-28,692000,83040,775040
O-01464,F-00734,2025B,2025-07-17,2026-02-28,2349000,281880,2630880
O-01465,F-00734,2025A,2025-02-16,2025-09-30,321000,38520,359520
O-01466,F-00735,2025B,2025-07-26,2026-02-28,388000,46560,434560
O-01467,F-00735,2026A,2026-02-03,2026-09-30,1668000,200160,1868160
O-01468,F-00736,2026A,2026-01-25,2026-09-30,203000,24360,227360
O-01469,F-00736,2025B,2025-08-07,2026-02-28,1004000,120480,1124480
O-01470,F-00736,2025A,2025-01-25,2025-09-30,3390500,406860,3797360
O-01471,F-00737,2025A,2025-02-02,2025-09-30,3364000,403680,3767680
O-01472,F-00737,2025B,2025-07-12,2026-02-28,3048000,365760,3413760
O-01473,F-00738,2025A,2025-02-12,2025-09-30,75500,9060,84560
O-01474,F-00738,2025B,2025-07-15,2026-02-28,4190500,502860,4693360
O-01475,F-00739,2025B,2025-07-05,2026-02-28,476000,57120,533120
O-01476,F-00740,2025A,2025-02-09,2025-09-30,1305000,156600,1461600
O-01477,F-00741,2025A,2025-01-31,2025-09-30,1970000,236400,2206400
O-01478,F-00742,2025B,2025-07-14,2026-02-28,2337500,280500,2618000
O-01479,F-00742,2026A,2026-02-05,2026-09-30,1662000,199440,1861440
O-01480,F-00743,2025A,2025-01-26,2025-09-30,2192000,263040,2455040
O-01481,F-00743,2025B,2025-07-31,2026-02-28,1810000,217200,2027200
O-01482,F-00744,2025B,2025-07-27,2026-02-28,2683500,322020,3005520
O-01483,F-00744,2025A,2025-01-25,2025-09-30,1887500,226500,2114000
O-01484,F-00745,2025B,2025-07-31,2026-02-28,1098000,131760,1229760
O-01485,F-00745,2026A,2026-02-01,2026-09-30,1332000,159840,1491840
O-01486,F-00745,2025A,2025-02-21,2025-09-30,139500,16740,156240
O-01487,F-00746,2025A,2025-02-19,2025-09-30,749000,89880,838880
O-01488,F-00746,2026A,2026-02-04,2026-09-30,2691000,322920,3013920
O-01489,F-00746,2025B,2025-07-08,2026-02-28,1686000,202320,1888320
O-01490,F-00747,2025B,2025-07-05,2026-02-28,993500,119220,1112720
O-01491,F-00748,2026A,2026-02-05,2026-09-30,567500,68100,635600
O-01492,F-00748,2025A,2025-01-26,2025-09-30,2415500,289860,2705360
O-01493,F-00748,2025B,2025-08-06,2026-02-28,226500,27180,253680
O-01494,F-00749,2025B,2025-07-28,2026-02-28,706000,84720,790720
O-01495,F-00749,2025A,2025-02-20,2025-09-30,1271000,152520,1423520
O-01496,F-00749,2026A,2026-01-21,2026-09-30,2322500,278700,2601200
O-01497,F-00750,2025A,2025-01-16,2025-09-30,3958000,474960,4432960
O-01498,F-00751,2026A,2026-02-04,2026-09-30,2084500,250140,2334640
O-01499,F-00752,2025B,2025-08-04,2026-02-28,1784500,214140,1998640
O-01500,F-00753,2026A,2026-01-30,2026-09-30,856000,102720,958720
O-01501,F-00753,2025A,2025-02-04,2025-09-30,305000,36600,341600
O-01502,F-00753,2025B,2025-07-26,2026-02-28,2450500,294060,2744560
O-01503,F-00754,2025B,2025-07-01,2026-02-28,146000,17520,163520
O-01504,F-00754,2025A,2025-02-17,2025-09-30,1166500,139980,1306480
O-01505,F-00755,2025B,2025-07-18,2026-02-28,1791000,214920,2005920
O-01506,F-00756,2025B,2025-07-03,2026-02-28,1997500,239700,2237200
O-01507,F-00757,2025A,2025-02-10,2025-09-30,465000,55800,520800
O-01508,F-00757,2026A,2026-02-08,2026-09-30,1885000,226200,2111200
O-01509,F-00757,2025B,2025-07-05,2026-02-28,3569000,428280,3997280
O-01510,F-00758,2025A,2025-01-28,2025-09-30,902000,108240,1010240
O-01511,F-00758,2025B,2025-07-31,2026-02-28,1494000,179280,1673280
O-01512,F-00758,2026A,2026-02-11,2026-09-30,1684000,202080,1886080
O-01513,F-00759,2025A,2025-02-05,2025-09-30,2882000,345840,3227840
O-01514,F-00759,2025B,2025-07-24,2026-02-28,3440000,412800,3852800
O-01515,F-00759,2026A,2026-01-30,2026-09-30,1894000,227280,2121280
O-01516,F-00760,2026A,2026-01-21,2026-09-30,896000,107520,1003520
O-01517,F-00760,2025B,2025-07-29,2026-02-28,3537500,424500,3962000
O-01518,F-00760,2025A,2025-01-29,2025-09-30,690000,82800,772800
O-01519,F-00761,2025A,2025-02-08,2025-09-30,1476000,177120,1653120
O-01520,F-00762,2025A,2025-02-08,2025-09-30,2736000,328320,3064320
O-01521,F-00762,2025B,2025-08-10,2026-02-28,2810000,337200,3147200
O-01522,F-00762,2026A,2026-02-21,2026-09-30,574000,68880,642880
O-01523,F-00763,2026A,2026-02-13,2026-09-30,687000,82440,769440
O-01524,F-00764,2025B,2025-07-23,2026-02-28,1129000,135480,1264480
O-01525,F-00765,2025A,2025-01-22,2025-09-30,1979000,237480,2216480
O-01526,F-00766,2026A,2026-02-14,2026-09-30,1008500,121020,1129520
O-01527,F-00767,2025B,2025-07-07,2026-02-28,527000,63240,590240
O-01528,F-00767,2026A,2026-02-13,2026-09-30,232500,27900,260400
O-01529,F-00768,2026A,2026-01-16,2026-09-30,2347000,281640,2628640
O-01530,F-00769,2025B,2025-07-17,2026-02-28,722000,86640,808640
O-01531,F-00770,2026A,2026-02-12,2026-09-30,2464000,295680,2759680
O-01532,F-00770,2025A,2025-02-23,2025-09-30,1850000,222000,2072000
O-01533,F-00771,2025A,2025-01-17,2025-09-30,2145000,257400,2402400
O-01534,F-00772,2025A,2025-01-31,2025-09-30,2180000,261600,2441600
O-01535,F-00772,2026A,2026-01-12,2026-09-30,352500,42300,394800
O-01536,F-00773,2025B,2025-07-01,2026-02-28,817000,98040,915040
O-01537,F-00773,2026A,2026-02-02,2026-09-30,1722000,206640,1928640
O-01538,F-00774,2025A,2025-01-28,2025-09-30,2146000,257520,2403520
O-01539,F-00775,2025B,2025-07-13,2026-02-28,312500,37500,350000
O-01540,F-00775,2026A,2026-02-05,2026-09-30,1059000,127080,1186080
O-01541,F-00776,2025B,2025-07-24,2026-02-28,703000,84360,787360
O-01542,F-00776,2025A,2025-01-16,2025-09-30,1390000,166800,1556800
O-01543,F-00777,2026A,2026-01-26,2026-09-30,214000,25680,239680
O-01544,F-00777,2025A,2025-01-15,2025-09-30,4148000,497760,4645760
O-01545,F-00777,2025B,2025-07-12,2026-02-28,876000,105120,981120
O-01546,F-00778,2025B,2025-07-20,2026-02-28,661000,79320,740320
O-01547,F-00778,2025A,2025-02-20,2025-09-30,73000,8760,81760
O-01548,F-00778,2026A,2026-02-17,2026-09-30,744500,89340,833840
O-01549,F-00779,2026A,2026-01-27,2026-09-30,2403000,288360,2691360
O-01550,F-00780,2026A,2026-01-25,2026-09-30,1615500,193860,1809360
O-01551,F-00781,2025B,2025-08-07,2026-02-28,810000,97200,907200
O-01552,F-00781,2026A,2026-02-05,2026-09-30,2927000,351240,3278240
O-01553,F-00781,2025A,2025-01-26,2025-09-30,562500,67500,630000
O-01554,F-00782,2025A,2025-02-07,2025-09-30,1605000,192600,1797600
O-01555,F-00782,2025B,2025-07-24,2026-02-28,1826000,219120,2045120
O-01556,F-00782,2026A,2026-01-20,2026-09-30,1395000,167400,1562400
O-01557,F-00783,2025A,2025-01-21,2025-09-30,1947000,233640,2180640
O-01558,F-00783,2025B,2025-07-22,2026-02-28,2045000,245400,2290400
O-01559,F-00783,2026A,2026-02-19,2026-09-30,862500,103500,966000
O-01560,F-00784,2026A,2026-02-20,2026-09-30,562000,67440,629440
O-01561,F-00784,2025B,2025-08-05,2026-02-28,1108000,132960,1240960
O-01562,F-00785,2025B,2025-07-27,2026-02-28,3550000,426000,3976000
O-01563,F-00785,2025A,2025-02-08,2025-09-30,2052000,246240,2298240
O-01564,F-00786,2025A,2025-02-13,2025-09-30,628000,75360,703360
O-01565,F-00787,2025B,2025-07-20,2026-02-28,1676000,201120,1877120
O-01566,F-00788,2026A,2026-02-18,2026-09-30,817500,98100,915600
O-01567,F-00788,2025A,2025-01-27,2025-09-30,1849000,221880,2070880
O-01568,F-00789,2025B,2025-07-07,2026-02-28,697000,83640,780640
O-01569,F-00789,2025A,2025-02-17,2025-09-30,2120000,254400,2374400
O-01570,F-00789,2026A,2026-01-23,2026-09-30,1167000,140040,1307040
O-01571,F-00790,2025B,2025-08-07,2026-02-28,971000,116520,1087520
O-01572,F-00790,2026A,2026-02-20,2026-09-30,442000,53040,495040
O-01573,F-00790,2025A,2025-01-18,2025-09-30,2141000,256920,2397920
O-01574,F-00791,2026A,2026-02-08,2026-09-30,1919000,230280,2149280
O-01575,F-00792,2025A,2025-02-19,2025-09-30,1965000,235800,2200800
O-01576,F-00793,2026A,2026-02-10,2026-09-30,1132000,135840,1267840
O-01577,F-00793,2025B,2025-07-09,2026-02-28,1810000,217200,2027200
O-01578,F-00793,2025A,2025-01-31,2025-09-30,800000,96000,896000
O-01579,F-00794,2025A,2025-02-02,2025-09-30,649000,77880,726880
O-01580,F-00794,2026A,2026-01-29,2026-09-30,1068000,128160,1196160
O-01581,F-00795,2025A,2025-02-13,2025-09-30,802000,96240,898240
O-01582,F-00795,2025B,2025-07-23,2026-02-28,1449500,173940,1623440
O-01583,F-00795,2026A,2026-01-27,2026-09-30,1040000,124800,1164800
O-01584,F-00796,2026A,2026-01-20,2026-09-30,1387000,166440,1553440
O-01585,F-00796,2025A,2025-01-20,2025-09-30,1175000,141000,1316000
O-01586,F-00797,2025B,2025-07-30,2026-02-28,727000,87240,814240
O-01587,F-00797,2026A,2026-02-17,2026-09-30,1761000,211320,1972320
O-01588,F-00798,2026A,2026-01-22,2026-09-30,1815000,217800,2032800
O-01589,F-00798,2025B,2025-07-21,2026-02-28,1222500,146700,1369200
O-01590,F-00798,2025A,2025-02-24,2025-09-30,1127000,135240,1262240
O-01591,F-00799,2025B,2025-08-02,2026-02-28,2295000,275400,2570400
O-01592,F-00799,2025A,2025-01-26,2025-09-30,2400000,288000,2688000
O-01593,F-00799,2026A,2026-01-27,2026-09-30,714000,85680,799680
O-01594,F-00800,2025B,2025-08-06,2026-02-28,2001000,240120,2241120
O-01595,F-00800,2025A,2025-02-06,2025-09-30,689000,82680,771680
O-01596,F-00800,2026A,2026-01-12,2026-09-30,690000,82800,772800
O-01597,F-00801,2025A,2025-02-04,2025-09-30,1436000,172320,1608320
O-01598,F-00801,2025B,2025-07-06,2026-02-28,1720000,206400,1926400
O-01599,F-00802,2026A,2026-02-10,2026-09-30,2104000,252480,2356480
O-01600,F-00803,2026A,2026-01-16,2026-09-30,1417500,170100,1587600
O-01601,F-00804,2025A,2025-02-05,2025-09-30,2011000,241320,2252320
O-01602,F-00804,2026A,2026-02-06,2026-09-30,826000,99120,925120
O-01603,F-00804,2025B,2025-07-07,2026-02-28,1124000,134880,1258880
O-01604,F-00805,2026A,2026-01-15,2026-09-30,627000,75240,702240
O-01605,F-00805,2025B,2025-08-05,2026-02-28,2761000,331320,3092320
O-01606,F-00806,2025A,2025-01-16,2025-09-30,2879000,345480,3224480
O-01607,F-00807,2025B,2025-08-01,2026-02-28,1967000,236040,2203040
O-01608,F-00807,2025A,2025-02-17,2025-09-30,1118000,134160,1252160
O-01609,F-00808,2026A,2026-01-20,2026-09-30,2837000,340440,3177440
O-01610,F-00808,2025A,2025-01-22,2025-09-30,3443000,413160,3856160
O-01611,F-00808,2025B,2025-08-03,2026-02-28,1646000,197520,1843520
O-01612,F-00809,2025B,2025-07-11,2026-02-28,2996000,359520,3355520
O-01613,F-00810,2026A,2026-01-25,2026-09-30,3155000,378600,3533600
O-01614,F-00811,2026A,2026-01-16,2026-09-30,907500,108900,1016400
O-01615,F-00811,2025A,2025-01-17,2025-09-30,1964000,235680,2199680
O-01616,F-00812,2025B,2025-08-05,2026-02-28,1113000,133560,1246560
O-01617,F-00812,2025A,2025-02-05,2025-09-30,2505000,300600,2805600
O-01618,F-00813,2025B,2025-07-18,2026-02-28,2583000,309960,2892960
O-01619,F-00814,2025A,2025-02-09,2025-09-30,1798000,215760,2013760
O-01620,F-00814,2025B,2025-07-08,2026-02-28,828000,99360,927360
O-01621,F-00815,2025B,2025-07-07,2026-02-28,2102000,252240,2354240
O-01622,F-00815,2026A,2026-02-16,2026-09-30,352500,42300,394800
O-01623,F-00815,2025A,2025-01-18,2025-09-30,459000,55080,514080
O-01624,F-00816,2026A,2026-02-18,2026-09-30,1506000,180720,1686720
O-01625,F-00817,2026A,2026-02-08,2026-09-30,1285000,154200,1439200
O-01626,F-00817,2025A,2025-01-18,2025-09-30,2523500,302820,2826320
O-01627,F-00818,2025B,2025-07-02,2026-02-28,2531000,303720,2834720
O-01628,F-00818,2026A,2026-02-21,2026-09-30,555000,66600,621600
O-01629,F-00819,2026A,2026-01-23,2026-09-30,2982000,357840,3339840
O-01630,F-00820,2025A,2025-02-17,2025-09-30,917000,110040,1027040
O-01631,F-00821,2026A,2026-01-15,2026-09-30,3659000,439080,4098080
O-01632,F-00821,2025B,2025-07-11,2026-02-28,226500,27180,253680
O-01633,F-00821,2025A,2025-02-18,2025-09-30,889500,106740,996240
O-01634,F-00822,2025A,2025-02-03,2025-09-30,3138000,376560,3514560
O-01635,F-00823,2025B,2025-07-16,2026-02-28,2054000,246480,2300480
O-01636,F-00823,2026A,2026-02-18,2026-09-30,3268000,392160,3660160
O-01637,F-00824,2025A,2025-01-31,2025-09-30,1222500,146700,1369200
O-01638,F-00824,2026A,2026-01-17,2026-09-30,974000,116880,1090880
O-01639,F-00824,2025B,2025-07-02,2026-02-28,1770500,212460,1982960
O-01640,F-00825,2025B,2025-07-07,2026-02-28,282000,33840,315840
O-01641,F-00825,2026A,2026-02-14,2026-09-30,1174000,140880,1314880
O-01642,F-00826,2026A,2026-01-28,2026-09-30,2681500,321780,3003280
O-01643,F-00826,2025A,2025-01-20,2025-09-30,544000,65280,609280
O-01644,F-00826,2025B,2025-07-02,2026-02-28,204500,24540,229040
O-01645,F-00827,2026A,2026-01-18,2026-09-30,1140000,136800,1276800
O-01646,F-00828,2025B,2025-08-03,2026-02-28,1431000,171720,1602720
O-01647,F-00828,2025A,2025-02-23,2025-09-30,3385500,406260,3791760
O-01648,F-00829,2025B,2025-08-04,2026-02-28,861000,103320,964320
O-01649,F-00829,2025A,2025-01-19,2025-09-30,1911000,229320,2140320
O-01650,F-00830,2025A,2025-01-21,2025-09-30,770000,92400,862400
O-01651,F-00830,2025B,2025-07-13,2026-02-28,336000,40320,376320
O-01652,F-00830,2026A,2026-01-21,2026-09-30,1298000,155760,1453760
O-01653,F-00831,2026A,2026-02-06,2026-09-30,1491000,178920,1669920
O-01654,F-00832,2026A,2026-02-16,2026-09-30,1977000,237240,2214240
O-01655,F-00833,2025B,2025-07-10,2026-02-28,1241000,148920,1389920
O-01656,F-00833,2026A,2026-01-30,2026-09-30,232000,27840,259840
O-01657,F-00834,2025A,2025-02-05,2025-09-30,1468000,176160,1644160
O-01658,F-00834,2026A,2026-02-02,2026-09-30,2203000,264360,2467360
O-01659,F-00835,2026A,2026-02-19,2026-09-30,963000,115560,1078560
O-01660,F-00835,2025B,2025-07-25,2026-02-28,3543000,425160,3968160
O-01661,F-00836,2025B,2025-07-01,2026-02-28,744500,89340,833840
O-01662,F-00837,2025A,2025-02-10,2025-09-30,2085000,250200,2335200
O-01663,F-00838,2025A,2025-02-06,2025-09-30,1130000,135600,1265600
O-01664,F-00839,2025B,2025-07-29,2026-02-28,2267500,272100,2539600
O-01665,F-00840,2025A,2025-01-21,2025-09-30,756500,90780,847280
O-01666,F-00841,2025B,2025-07-23,2026-02-28,691500,82980,774480
O-01667,F-00841,2025A,2025-02-19,2025-09-30,957500,114900,1072400
O-01668,F-00842,2025B,2025-07-08,2026-02-28,1530000,183600,1713600
O-01669,F-00843,2026A,2026-01-22,2026-09-30,1130000,135600,1265600
O-01670,F-00844,2025B,2025-07-23,2026-02-28,677500,81300,758800
O-01671,F-00845,2025A,2025-01-27,2025-09-30,259000,31080,290080
O-01672,F-00846,2025A,2025-02-03,2025-09-30,1028500,123420,1151920
O-01673,F-00846,2026A,2026-02-20,2026-09-30,772500,92700,865200
O-01674,F-00847,2025B,2025-08-01,2026-02-28,1086000,130320,1216320
O-01675,F-00848,2025B,2025-07-07,2026-02-28,1237000,148440,1385440
O-01676,F-00849,2026A,2026-02-14,2026-09-30,2498000,299760,2797760
O-01677,F-00849,2025A,2025-01-29,2025-09-30,671000,80520,751520
O-01678,F-00850,2025A,2025-01-29,2025-09-30,3522500,422700,3945200
O-01679,F-00851,2025A,2025-02-01,2025-09-30,845000,101400,946400
O-01680,F-00851,2025B,2025-08-01,2026-02-28,551000,66120,617120
O-01681,F-00852,2025A,2025-02-08,2025-09-30,935000,112200,1047200
O-01682,F-00853,2026A,2026-01-17,2026-09-30,2708000,324960,3032960
O-01683,F-00853,2025A,2025-02-17,2025-09-30,1793000,215160,2008160
O-01684,F-00854,2025A,2025-01-22,2025-09-30,169000,20280,189280
O-01685,F-00854,2025B,2025-07-21,2026-02-28,2295000,275400,2570400
O-01686,F-00854,2026A,2026-01-12,2026-09-30,1455000,174600,1629600
O-01687,F-00855,2025B,2025-08-03,2026-02-28,401000,48120,449120
O-01688,F-00855,2026A,2026-01-13,2026-09-30,4653000,558360,5211360
O-01689,F-00856,2025A,2025-02-23,2025-09-30,738000,88560,826560
O-01690,F-00856,2025B,2025-07-26,2026-02-28,1915000,229800,2144800
O-01691,F-00856,2026A,2026-02-01,2026-09-30,2710000,325200,3035200
O-01692,F-00857,2025A,2025-02-13,2025-09-30,487000,58440,545440
O-01693,F-00857,2025B,2025-07-04,2026-02-28,1327000,159240,1486240
O-01694,F-00858,2025B,2025-08-10,2026-02-28,3423000,410760,3833760
O-01695,F-00858,2026A,2026-02-12,2026-09-30,272000,32640,304640
O-01696,F-00859,2026A,2026-02-20,2026-09-30,1286000,154320,1440320
O-01697,F-00859,2025B,2025-07-09,2026-02-28,677500,81300,758800
O-01698,F-00859,2025A,2025-02-10,2025-09-30,1287000,154440,1441440
O-01699,F-00860,2026A,2026-01-13,2026-09-30,453000,54360,507360
O-01700,F-00860,2025A,2025-02-18,2025-09-30,1823000,218760,2041760
O-01701,F-00860,2025B,2025-07-06,2026-02-28,2031000,243720,2274720
O-01702,F-00861,2025B,2025-07-16,2026-02-28,1036000,124320,1160320
O-01703,F-00862,2025A,2025-01-31,2025-09-30,1081000,129720,1210720
O-01704,F-00862,2025B,2025-07-24,2026-02-28,1305000,156600,1461600
O-01705,F-00862,2026A,2026-02-01,2026-09-30,1330500,159660,1490160
O-01706,F-00863,2025A,2025-01-19,2025-09-30,683000,81960,764960
O-01707,F-00864,2026A,2026-01-21,2026-09-30,546500,65580,612080
O-01708,F-00864,2025A,2025-01-26,2025-09-30,1605000,192600,1797600
O-01709,F-00864,2025B,2025-07-12,2026-02-28,1533000,183960,1716960
O-01710,F-00865,2026A,2026-01-27,2026-09-30,2928000,351360,3279360
O-01711,F-00865,2025A,2025-02-19,2025-09-30,4303000,516360,4819360
O-01712,F-00866,2025A,2025-01-30,2025-09-30,744000,89280,833280
O-01713,F-00866,2025B,2025-07-21,2026-02-28,1600000,192000,1792000
O-01714,F-00867,2025A,2025-02-12,2025-09-30,1150000,138000,1288000
O-01715,F-00867,2025B,2025-07-16,2026-02-28,1226000,147120,1373120
O-01716,F-00868,2026A,2026-01-22,2026-09-30,1885000,226200,2111200
O-01717,F-00868,2025A,2025-01-19,2025-09-30,1862000,223440,2085440
O-01718,F-00869,2026A,2026-01-23,2026-09-30,702500,84300,786800
O-01719,F-00870,2025B,2025-07-05,2026-02-28,282000,33840,315840
O-01720,F-00870,2025A,2025-02-13,2025-09-30,327000,39240,366240
O-01721,F-00870,2026A,2026-01-18,2026-09-30,1850000,222000,2072000
O-01722,F-00871,2025B,2025-08-02,2026-02-28,1197000,143640,1340640
O-01723,F-00872,2025A,2025-02-23,2025-09-30,2242000,269040,2511040
O-01724,F-00872,2025B,2025-07-02,2026-02-28,604000,72480,676480
O-01725,F-00872,2026A,2026-01-18,2026-09-30,156000,18720,174720
O-01726,F-00873,2026A,2026-01-14,2026-09-30,1197000,143640,1340640
O-01727,F-00874,2025A,2025-01-16,2025-09-30,251000,30120,281120
O-01728,F-00875,2026A,2026-02-03,2026-09-30,279500,33540,313040
O-01729,F-00875,2025A,2025-02-16,2025-09-30,1948500,233820,2182320
O-01730,F-00875,2025B,2025-07-16,2026-02-28,1156000,138720,1294720
O-01731,F-00876,2025B,2025-07-05,2026-02-28,1790500,214860,2005360
O-01732,F-00877,2025A,2025-02-11,2025-09-30,1151000,138120,1289120
O-01733,F-00877,2025B,2025-07-24,2026-02-28,2061000,247320,2308320
O-01734,F-00878,2025B,2025-07-26,2026-02-28,556000,66720,622720
O-01735,F-00879,2026A,2026-02-07,2026-09-30,476000,57120,533120
O-01736,F-00879,2025A,2025-01-15,2025-09-30,2650000,318000,2968000
O-01737,F-00879,2025B,2025-07-05,2026-02-28,1222000,146640,1368640
O-01738,F-00880,2026A,2026-01-21,2026-09-30,616000,73920,689920
O-01739,F-00880,2025B,2025-08-07,2026-02-28,1096000,131520,1227520
O-01740,F-00880,2025A,2025-01-27,2025-09-30,761000,91320,852320
O-01741,F-00881,2026A,2026-02-17,2026-09-30,2322000,278640,2600640
O-01742,F-00881,2025A,2025-01-26,2025-09-30,2063000,247560,2310560
O-01743,F-00881,2025B,2025-07-03,2026-02-28,2898000,347760,3245760
O-01744,F-00882,2025B,2025-08-10,2026-02-28,2817000,338040,3155040
O-01745,F-00882,2025A,2025-02-15,2025-09-30,2449000,293880,2742880
O-01746,F-00883,2025A,2025-01-18,2025-09-30,1863000,223560,2086560
O-01747,F-00883,2025B,2025-07-30,2026-02-28,1298000,155760,1453760
O-01748,F-00883,2026A,2026-01-22,2026-09-30,2583000,309960,2892960
O-01749,F-00884,2026A,2026-02-01,2026-09-30,1308000,156960,1464960
O-01750,F-00885,2025A,2025-01-22,2025-09-30,214500,25740,240240
O-01751,F-00886,2025B,2025-08-05,2026-02-28,1250000,150000,1400000
O-01752,F-00886,2026A,2026-02-20,2026-09-30,2517000,302040,2819040
O-01753,F-00886,2025A,2025-02-21,2025-09-30,854000,102480,956480
O-01754,F-00887,2026A,2026-01-26,2026-09-30,2172000,260640,2432640
O-01755,F-00888,2026A,2026-01-24,2026-09-30,2043500,245220,2288720
O-01756,F-00889,2026A,2026-02-08,2026-09-30,3691500,442980,4134480
O-01757,F-00889,2025B,2025-07-27,2026-02-28,835000,100200,935200
O-01758,F-00889,2025A,2025-01-21,2025-09-30,976000,117120,1093120
O-01759,F-00890,2026A,2026-02-17,2026-09-30,224000,26880,250880
O-01760,F-00890,2025B,2025-07-27,2026-02-28,1916000,229920,2145920
O-01761,F-00891,2025B,2025-07-16,2026-02-28,761000,91320,852320
O-01762,F-00891,2025A,2025-01-30,2025-09-30,1937000,232440,2169440
O-01763,F-00892,2026A,2026-01-12,2026-09-30,1950500,234060,2184560
O-01764,F-00892,2025B,2025-07-27,2026-02-28,963000,115560,1078560
O-01765,F-00893,2025B,2025-07-01,2026-02-28,2563500,307620,2871120
O-01766,F-00893,2025A,2025-02-09,2025-09-30,700000,84000,784000
O-01767,F-00894,2025B,2025-07-09,2026-02-28,2075000,249000,2324000
O-01768,F-00894,2025A,2025-02-07,2025-09-30,3102000,372240,3474240
O-01769,F-00895,2025B,2025-07-04,2026-02-28,1655000,198600,1853600
O-01770,F-00896,2026A,2026-01-14,2026-09-30,1511000,181320,1692320
O-01771,F-00897,2026A,2026-01-25,2026-09-30,703000,84360,787360
O-01772,F-00898,2026A,2026-02-17,2026-09-30,562500,67500,630000
O-01773,F-00898,2025A,2025-01-28,2025-09-30,1068000,128160,1196160
O-01774,F-00899,2026A,2026-01-14,2026-09-30,1112000,133440,1245440
O-01775,F-00899,2025A,2025-02-20,2025-09-30,2421500,290580,2712080
O-01776,F-00900,2026A,2026-02-02,2026-09-30,1403000,168360,1571360
O-01777,F-00900,2025A,2025-02-12,2025-09-30,1132500,135900,1268400
O-01778,F-00900,2025B,2025-08-07,2026-02-28,1052000,126240,1178240
O-01779,F-00901,2026A,2026-01-15,2026-09-30,1848000,221760,2069760
O-01780,F-00901,2025B,2025-07-21,2026-02-28,465000,55800,520800
O-01781,F-00901,2025A,2025-02-11,2025-09-30,949500,113940,1063440
O-01782,F-00902,2025A,2025-01-30,2025-09-30,1243000,149160,1392160
O-01783,F-00903,2025B,2025-07-07,2026-02-28,2262000,271440,2533440
O-01784,F-00903,2025A,2025-01-26,2025-09-30,1845000,221400,2066400
O-01785,F-00904,2025B,2025-07-18,2026-02-28,1169000,140280,1309280
O-01786,F-00904,2026A,2026-01-26,2026-09-30,3112000,373440,3485440
O-01787,F-00905,2025B,2025-07-04,2026-02-28,1816500,217980,2034480
O-01788,F-00905,2025A,2025-02-08,2025-09-30,2567000,308040,2875040
O-01789,F-00905,2026A,2026-02-16,2026-09-30,435500,52260,487760
O-01790,F-00906,2025B,2025-07-01,2026-02-28,1465000,175800,1640800
O-01791,F-00907,2026A,2026-01-25,2026-09-30,2061000,247320,2308320
O-01792,F-00908,2025A,2025-02-13,2025-09-30,414000,49680,463680
O-01793,F-00909,2026A,2026-02-02,2026-09-30,498500,59820,558320
O-01794,F-00910,2025B,2025-07-03,2026-02-28,1374000,164880,1538880
O-01795,F-00910,2026A,2026-02-04,2026-09-30,1186000,142320,1328320
O-01796,F-00911,2025A,2025-02-21,2025-09-30,170500,20460,190960
O-01797,F-00911,2025B,2025-08-06,2026-02-28,3783000,453960,4236960
O-01798,F-00911,2026A,2026-01-30,2026-09-30,925500,111060,1036560
O-01799,F-00912,2026A,2026-01-24,2026-09-30,1479500,177540,1657040
O-01800,F-00912,2025B,2025-07-17,2026-02-28,1365000,163800,1528800
O-01801,F-00913,2026A,2026-02-10,2026-09-30,2436000,292320,2728320
O-01802,F-00913,2025A,2025-02-16,2025-09-30,2865000,343800,3208800
O-01803,F-00914,2025B,2025-07-11,2026-02-28,167000,20040,187040
O-01804,F-00914,2026A,2026-02-13,2026-09-30,851000,102120,953120
O-01805,F-00915,2025A,2025-01-25,2025-09-30,489500,58740,548240
O-01806,F-00915,2025B,2025-07-11,2026-02-28,694500,83340,777840
O-01807,F-00916,2025A,2025-01-26,2025-09-30,974000,116880,1090880
O-01808,F-00917,2026A,2026-02-19,2026-09-30,1691000,202920,1893920
O-01809,F-00917,2025B,2025-07-16,2026-02-28,83500,10020,93520
O-01810,F-00917,2025A,2025-01-28,2025-09-30,3056000,366720,3422720
O-01811,F-00918,2026A,2026-02-21,2026-09-30,2625000,315000,2940000
O-01812,F-00918,2025B,2025-07-18,2026-02-28,2627000,315240,2942240
O-01813,F-00919,2025A,2025-01-26,2025-09-30,1120500,134460,1254960
O-01814,F-00920,2025A,2025-02-07,2025-09-30,825000,99000,924000
O-01815,F-00920,2026A,2026-01-31,2026-09-30,3345000,401400,3746400
O-01816,F-00921,2026A,2026-01-15,2026-09-30,2600500,312060,2912560
O-01817,F-00921,2025A,2025-01-18,2025-09-30,1538000,184560,1722560
O-01818,F-00921,2025B,2025-08-01,2026-02-28,1553000,186360,1739360
O-01819,F-00922,2025A,2025-01-18,2025-09-30,2850000,342000,3192000
O-01820,F-00922,2026A,2026-01-16,2026-09-30,944000,113280,1057280
O-01821,F-00922,2025B,2025-07-29,2026-02-28,2678500,321420,2999920
O-01822,F-00923,2026A,2026-01-13,2026-09-30,662500,79500,742000
O-01823,F-00923,2025B,2025-07-17,2026-02-28,1818500,218220,2036720
O-01824,F-00924,2025A,2025-01-22,2025-09-30,1157000,138840,1295840
O-01825,F-00924,2025B,2025-08-10,2026-02-28,185000,22200,207200
O-01826,F-00924,2026A,2026-01-23,2026-09-30,1924000,230880,2154880
O-01827,F-00925,2025A,2025-01-19,2025-09-30,714000,85680,799680
O-01828,F-00925,2025B,2025-07-05,2026-02-28,164000,19680,183680
O-01829,F-00925,2026A,2026-02-07,2026-09-30,2315000,277800,2592800
O-01830,F-00926,2025A,2025-02-14,2025-09-30,388500,46620,435120
O-01831,F-00927,2025B,2025-07-24,2026-02-28,1989000,238680,2227680
O-01832,F-00927,2025A,2025-02-21,2025-09-30,1872000,224640,2096640
O-01833,F-00927,2026A,2026-01-25,2026-09-30,859500,103140,962640
O-01834,F-00928,2025B,2025-07-07,2026-02-28,157000,18840,175840
O-01835,F-00928,2025A,2025-02-13,2025-09-30,2573500,308820,2882320
O-01836,F-00928,2026A,2026-01-21,2026-09-30,822500,98700,921200
O-01837,F-00929,2026A,2026-02-21,2026-09-30,1351000,162120,1513120
O-01838,F-00929,2025B,2025-07-26,2026-02-28,2184000,262080,2446080
O-01839,F-00930,2025B,2025-07-10,2026-02-28,1182500,141900,1324400
O-01840,F-00930,2026A,2026-01-17,2026-09-30,1431000,171720,1602720
O-01841,F-00931,2026A,2026-01-29,2026-09-30,286000,34320,320320
O-01842,F-00932,2026A,2026-01-16,2026-09-30,3628000,435360,4063360
O-01843,F-00932,2025A,2025-02-23,2025-09-30,493000,59160,552160
O-01844,F-00933,2025B,2025-07-26,2026-02-28,257000,30840,287840
O-01845,F-00934,2025A,2025-02-18,2025-09-30,3349000,401880,3750880
O-01846,F-00934,2025B,2025-07-31,2026-02-28,651000,78120,729120
O-01847,F-00934,2026A,2026-01-20,2026-09-30,1953000,234360,2187360
O-01848,F-00935,2025B,2025-07-23,2026-02-28,1078000,129360,1207360
O-01849,F-00936,2025A,2025-02-02,2025-09-30,1760000,211200,1971200
O-01850,F-00937,2025A,2025-01-31,2025-09-30,644000,77280,721280
O-01851,F-00937,2025B,2025-07-30,2026-02-28,2226000,267120,2493120
O-01852,F-00938,2025A,2025-02-07,2025-09-30,1970000,236400,2206400
O-01853,F-00939,2025B,2025-08-06,2026-02-28,1571000,188520,1759520
O-01854,F-00940,2026A,2026-02-12,2026-09-30,858000,102960,960960
O-01855,F-00940,2025B,2025-07-02,2026-02-28,1683000,201960,1884960
O-01856,F-00941,2026A,2026-01-16,2026-09-30,2805000,336600,3141600
O-01857,F-00941,2025B,2025-07-15,2026-02-28,3300000,396000,3696000
O-01858,F-00941,2025A,2025-01-16,2025-09-30,1208500,145020,1353520
O-01859,F-00942,2026A,2026-02-06,2026-09-30,1695000,203400,1898400
O-01860,F-00942,2025A,2025-02-12,2025-09-30,1397000,167640,1564640
O-01861,F-00942,2025B,2025-07-14,2026-02-28,2151000,258120,2409120
O-01862,F-00943,2025B,2025-08-04,2026-02-28,2072500,248700,2321200
O-01863,F-00944,2025A,2025-02-14,2025-09-30,1872000,224640,2096640
O-01864,F-00944,2026A,2026-02-19,2026-09-30,972500,116700,1089200
O-01865,F-00945,2026A,2026-01-23,2026-09-30,767500,92100,859600
O-01866,F-00945,2025B,2025-07-30,2026-02-28,1712500,205500,1918000
O-01867,F-00945,2025A,2025-02-19,2025-09-30,3435000,412200,3847200
O-01868,F-00946,2025A,2025-01-23,2025-09-30,472500,56700,529200
O-01869,F-00946,2026A,2026-02-17,2026-09-30,1650000,198000,1848000
O-01870,F-00946,2025B,2025-08-01,2026-02-28,1122000,134640,1256640
O-01871,F-00947,2025A,2025-02-17,2025-09-30,1327000,159240,1486240
O-01872,F-00948,2025A,2025-02-23,2025-09-30,2908500,349020,3257520
O-01873,F-00948,2026A,2026-01-23,2026-09-30,392500,47100,439600
O-01874,F-00948,2025B,2025-08-07,2026-02-28,308000,36960,344960
O-01875,F-00949,2025B,2025-07-21,2026-02-28,2198000,263760,2461760
O-01876,F-00949,2026A,2026-02-02,2026-09-30,681000,81720,762720
O-01877,F-00950,2026A,2026-01-15,2026-09-30,345000,41400,386400
O-01878,F-00951,2026A,2026-01-27,2026-09-30,2071000,248520,2319520
O-01879,F-00952,2026A,2026-02-07,2026-09-30,1306000,156720,1462720
O-01880,F-00952,2025B,2025-08-01,2026-02-28,308000,36960,344960
O-01881,F-00953,2026A,2026-02-08,2026-09-30,1275000,153000,1428000
O-01882,F-00954,2025B,2025-07-08,2026-02-28,828500,99420,927920
O-01883,F-00954,2025A,2025-02-23,2025-09-30,835000,100200,935200
O-01884,F-00954,2026A,2026-01-31,2026-09-30,1140000,136800,1276800
O-01885,F-00955,2025A,2025-02-15,2025-09-30,3718000,446160,4164160
O-01886,F-00956,2026A,2026-02-21,2026-09-30,1277000,153240,1430240
O-01887,F-00957,2026A,2026-01-27,2026-09-30,702500,84300,786800
O-01888,F-00957,2025A,2025-02-13,2025-09-30,868000,104160,972160
O-01889,F-00958,2026A,2026-02-03,2026-09-30,885000,106200,991200
O-01890,F-00958,2025A,2025-02-24,2025-09-30,2306000,276720,2582720
O-01891,F-00958,2025B,2025-07-12,2026-02-28,2613500,313620,2927120
O-01892,F-00959,2025B,2025-07-18,2026-02-28,899000,107880,1006880
O-01893,F-00960,2026A,2026-02-13,2026-09-30,1132500,135900,1268400
O-01894,F-00960,2025B,2025-08-08,2026-02-28,1226000,147120,1373120
O-01895,F-00961,2025A,2025-02-05,2025-09-30,610000,73200,683200
O-01896,F-00961,2025B,2025-07-04,2026-02-28,622000,74640,696640
O-01897,F-00962,2026A,2026-02-01,2026-09-30,397000,47640,444640
O-01898,F-00963,2025A,2025-02-14,2025-09-30,443500,53220,496720
O-01899,F-00964,2025A,2025-02-03,2025-09-30,580000,69600,649600
O-01900,F-00964,2025B,2025-08-03,2026-02-28,3636000,436320,4072320
O-01901,F-00965,2025B,2025-07-19,2026-02-28,527000,63240,590240
O-01902,F-00965,2025A,2025-02-11,2025-09-30,1758000,210960,1968960
O-01903,F-00966,2026A,2026-01-13,2026-09-30,783000,93960,876960
O-01904,F-00966,2025B,2025-07-31,2026-02-28,2829000,339480,3168480
O-01905,F-00966,2025A,2025-01-27,2025-09-30,1212000,145440,1357440
O-01906,F-00967,2025A,2025-02-01,2025-09-30,1161000,139320,1300320
O-01907,F-00967,2026A,2026-02-11,2026-09-30,1591000,190920,1781920
O-01908,F-00968,2026A,2026-01-22,2026-09-30,752500,90300,842800
O-01909,F-00969,2025A,2025-01-24,2025-09-30,433500,52020,485520
O-01910,F-00969,2025B,2025-07-29,2026-02-28,3543000,425160,3968160
O-01911,F-00970,2025A,2025-02-07,2025-09-30,865000,103800,968800
O-01912,F-00971,2025B,2025-08-10,2026-02-28,282000,33840,315840
O-01913,F-00971,2026A,2026-01-28,2026-09-30,2056000,246720,2302720
O-01914,F-00971,2025A,2025-02-24,2025-09-30,2146500,257580,2404080
O-01915,F-00972,2025A,2025-01-29,2025-09-30,718000,86160,804160
O-01916,F-00973,2026A,2026-01-23,2026-09-30,3953000,474360,4427360
O-01917,F-00973,2025B,2025-07-06,2026-02-28,1561500,187380,1748880
O-01918,F-00974,2025A,2025-02-18,2025-09-30,1507500,180900,1688400
O-01919,F-00974,2026A,2026-02-01,2026-09-30,300000,36000,336000
O-01920,F-00974,2025B,2025-07-01,2026-02-28,1096000,131520,1227520
O-01921,F-00975,2025A,2025-01-18,2025-09-30,272000,32640,304640
O-01922,F-00976,2025A,2025-01-25,2025-09-30,1421000,170520,1591520
O-01923,F-00976,2025B,2025-07-14,2026-02-28,1299000,155880,1454880
O-01924,F-00976,2026A,2026-02-04,2026-09-30,180000,21600,201600
O-01925,F-00977,2025A,2025-02-24,2025-09-30,2810000,337200,3147200
O-01926,F-00978,2026A,2026-02-18,2026-09-30,1224000,146880,1370880
O-01927,F-00978,2025A,2025-02-03,2025-09-30,1947000,233640,2180640
O-01928,F-00978,2025B,2025-07-06,2026-02-28,1932500,231900,2164400
O-01929,F-00979,2025A,2025-02-09,2025-09-30,1770000,212400,1982400
O-01930,F-00979,2025B,2025-07-13,2026-02-28,109500,13140,122640
O-01931,F-00980,2025A,2025-01-17,2025-09-30,585000,70200,655200
O-01932,F-00980,2026A,2026-02-19,2026-09-30,808500,97020,905520
O-01933,F-00981,2026A,2026-02-17,2026-09-30,1280000,153600,1433600
O-01934,F-00981,2025B,2025-08-10,2026-02-28,2035000,244200,2279200
O-01935,F-00982,2025A,2025-02-23,2025-09-30,2894500,347340,3241840
O-01936,F-00982,2025B,2025-07-23,2026-02-28,75500,9060,84560
O-01937,F-00983,2025B,2025-08-08,2026-02-28,1236000,148320,1384320
O-01938,F-00983,2026A,2026-02-04,2026-09-30,3707000,444840,4151840
O-01939,F-00983,2025A,2025-01-27,2025-09-30,618000,74160,692160
O-01940,F-00984,2025B,2025-08-03,2026-02-28,1862000,223440,2085440
O-01941,F-00984,2026A,2026-01-15,2026-09-30,1444000,173280,1617280
O-01942,F-00985,2025A,2025-01-29,2025-09-30,1202000,144240,1346240
O-01943,F-00986,2025A,2025-02-12,2025-09-30,588000,70560,658560
O-01944,F-00986,2025B,2025-07-10,2026-02-28,1431000,171720,1602720
O-01945,F-00987,2026A,2026-01-27,2026-09-30,1455000,174600,1629600
O-01946,F-00987,2025B,2025-07-04,2026-02-28,2460000,295200,2755200
O-01947,F-00988,2026A,2026-02-01,2026-09-30,2094000,251280,2345280
O-01948,F-00988,2025A,2025-02-11,2025-09-30,1225000,147000,1372000
O-01949,F-00988,2025B,2025-07-27,2026-02-28,227000,27240,254240
O-01950,F-00989,2026A,2026-01-17,2026-09-30,2058500,247020,2305520
O-01951,F-00989,2025B,2025-07-25,2026-02-28,644000,77280,721280
O-01952,F-00989,2025A,2025-01-19,2025-09-30,422500,50700,473200
O-01953,F-00990,2026A,2026-02-08,2026-09-30,276500,33180,309680
O-01954,F-00991,2025A,2025-02-02,2025-09-30,266000,31920,297920
O-01955,F-00991,2025B,2025-07-28,2026-02-28,1180000,141600,1321600
O-01956,F-00991,2026A,2026-01-21,2026-09-30,526000,63120,589120
O-01957,F-00992,2025B,2025-08-02,2026-02-28,1735000,208200,1943200
O-01958,F-00992,2025A,2025-02-09,2025-09-30,799000,95880,894880
O-01959,F-00992,2026A,2026-01-15,2026-09-30,1408500,169020,1577520
O-01960,F-00993,2026A,2026-01-21,2026-09-30,1533000,183960,1716960
O-01961,F-00993,2025A,2025-02-16,2025-09-30,2630500,315660,2946160
O-01962,F-00993,2025B,2025-08-02,2026-02-28,1777000,213240,1990240
O-01963,F-00994,2026A,2026-01-29,2026-09-30,2158500,259020,2417520
O-01964,F-00994,2025B,2025-07-27,2026-02-28,300000,36000,336000
O-01965,F-00994,2025A,2025-01-17,2025-09-30,3373000,404760,3777760
O-01966,F-00995,2026A,2026-01-14,2026-09-30,1068000,128160,1196160
O-01967,F-00995,2025A,2025-02-23,2025-09-30,573000,68760,641760
O-01968,F-00995,2025B,2025-07-04,2026-02-28,259000,31080,290080
O-01969,F-00996,2025B,2025-07-24,2026-02-28,303000,36360,339360
O-01970,F-00996,2026A,2026-01-14,2026-09-30,1314000,157680,1471680
O-01971,F-00997,2025A,2025-02-21,2025-09-30,1585000,190200,1775200
O-01972,F-00997,2025B,2025-08-06,2026-02-28,1201000,144120,1345120
O-01973,F-00998,2025A,2025-02-03,2025-09-30,198500,23820,222320
O-01974,F-00998,2026A,2026-02-20,2026-09-30,1361000,163320,1524320
O-01975,F-00998,2025B,2025-07-07,2026-02-28,2720500,326460,3046960
O-01976,F-00999,2026A,2026-01-15,2026-09-30,798000,95760,893760
O-01977,F-01000,2025A,2025-01-16,2025-09-30,2024500,242940,2267440
O-01978,F-01001,2025A,2025-02-20,2025-09-30,658000,78960,736960
O-01979,F-01001,2026A,2026-01-30,2026-09-30,1607500,192900,1800400
O-01980,F-01001,2025B,2025-07-27,2026-02-28,872500,104700,977200
O-01981,F-01002,2025A,2025-02-15,2025-09-30,1134000,136080,1270080
O-01982,F-01003,2025B,2025-07-31,2026-02-28,824500,98940,923440
O-01983,F-01004,2025A,2025-02-11,2025-09-30,2481000,297720,2778720
O-01984,F-01004,2025B,2025-08-09,2026-02-28,2482000,297840,2779840
O-01985,F-01005,2026A,2026-01-31,2026-09-30,2318500,278220,2596720
O-01986,F-01005,2025B,2025-07-12,2026-02-28,2197000,263640,2460640
O-01987,F-01005,2025A,2025-02-02,2025-09-30,750000,90000,840000
O-01988,F-01006,2026A,2026-02-17,2026-09-30,1089500,130740,1220240
O-01989,F-01006,2025A,2025-01-30,2025-09-30,3181500,381780,3563280
O-01990,F-01006,2025B,2025-07-08,2026-02-28,2966000,355920,3321920
O-01991,F-01007,2025A,2025-02-19,2025-09-30,2318000,278160,2596160
O-01992,F-01008,2025B,2025-07-04,2026-02-28,1436000,172320,1608320
O-01993,F-01008,2025A,2025-02-22,2025-09-30,1448000,173760,1621760
O-01994,F-01008,2026A,2026-01-25,2026-09-30,2557000,306840,2863840
O-01995,F-01009,2025A,2025-02-18,2025-09-30,668500,80220,748720
O-01996,F-01010,2025A,2025-01-26,2025-09-30,3822000,458640,4280640
O-01997,F-01011,2026A,2026-01-24,2026-09-30,214000,25680,239680
O-01998,F-01011,2025A,2025-01-23,2025-09-30,2100000,252000,2352000
O-01999,F-01011,2025B,2025-08-05,2026-02-28,2839000,340680,3179680
O-02000,F-01012,2025A,2025-02-22,2025-09-30,413000,49560,462560
O-02001,F-01012,2025B,2025-08-10,2026-02-28,2997500,359700,3357200
O-02002,F-01012,2026A,2026-01-12,2026-09-30,902000,108240,1010240
O-02003,F-01013,2025A,2025-01-18,2025-09-30,202000,24240,226240
O-02004,F-01013,2025B,2025-08-09,2026-02-28,1862500,223500,2086000
O-02005,F-01014,2025A,2025-01-23,2025-09-30,1386000,166320,1552320
O-02006,F-01015,2025B,2025-07-30,2026-02-28,738000,88560,826560
O-02007,F-01015,2026A,2026-01-12,2026-09-30,2161500,259380,2420880
O-02008,F-01015,2025A,2025-02-01,2025-09-30,995500,119460,1114960
O-02009,F-01016,2025B,2025-08-02,2026-02-28,3654500,438540,4093040
O-02010,F-01017,2025B,2025-07-07,2026-02-28,544000,65280,609280
O-02011,F-01017,2026A,2026-01-23,2026-09-30,1334500,160140,1494640
O-02012,F-01018,2025B,2025-07-19,2026-02-28,3205000,384600,3589600
O-02013,F-01019,2025A,2025-01-27,2025-09-30,2112000,253440,2365440
O-02014,F-01020,2026A,2026-02-03,2026-09-30,2006000,240720,2246720
O-02015,F-01020,2025B,2025-07-27,2026-02-28,2505500,300660,2806160
O-02016,F-01020,2025A,2025-02-19,2025-09-30,700000,84000,784000
O-02017,F-01021,2025B,2025-07-12,2026-02-28,644000,77280,721280
O-02018,F-01021,2026A,2026-01-12,2026-09-30,2033000,243960,2276960
O-02019,F-01022,2026A,2026-01-25,2026-09-30,308500,37020,345520
O-02020,F-01023,2025A,2025-01-27,2025-09-30,1770000,212400,1982400
O-02021,F-01023,2025B,2025-07-11,2026-02-28,795500,95460,890960
O-02022,F-01024,2025A,2025-01-30,2025-09-30,2508000,300960,2808960
O-02023,F-01024,2026A,2026-02-04,2026-09-30,1489000,178680,1667680
O-02024,F-01024,2025B,2025-07-22,2026-02-28,752000,90240,842240
O-02025,F-01025,2026A,2026-01-30,2026-09-30,902000,108240,1010240
O-02026,F-01025,2025A,2025-02-22,2025-09-30,2943500,353220,3296720
O-02027,F-01026,2025A,2025-01-19,2025-09-30,556000,66720,622720
O-02028,F-01026,2025B,2025-07-25,2026-02-28,2759000,331080,3090080
O-02029,F-01027,2025A,2025-01-15,2025-09-30,3129000,375480,3504480
O-02030,F-01027,2025B,2025-08-08,2026-02-28,109000,13080,122080
O-02031,F-01027,2026A,2026-01-21,2026-09-30,476000,57120,533120
O-02032,F-01028,2026A,2026-01-22,2026-09-30,2923000,350760,3273760
O-02033,F-01029,2025B,2025-07-28,2026-02-28,2760000,331200,3091200
O-02034,F-01029,2025A,2025-01-19,2025-09-30,955000,114600,1069600
O-02035,F-01029,2026A,2026-02-11,2026-09-30,327500,39300,366800
O-02036,F-01030,2025B,2025-07-10,2026-02-28,966000,115920,1081920
O-02037,F-01030,2026A,2026-01-12,2026-09-30,1488000,178560,1666560
O-02038,F-01031,2025A,2025-01-25,2025-09-30,1580000,189600,1769600
O-02039,F-01031,2025B,2025-08-07,2026-02-28,1863000,223560,2086560
O-02040,F-01031,2026A,2026-02-09,2026-09-30,294000,35280,329280
O-02041,F-01032,2025A,2025-01-30,2025-09-30,1534500,184140,1718640
O-02042,F-01032,2026A,2026-02-16,2026-09-30,618000,74160,692160
O-02043,F-01033,2025B,2025-07-14,2026-02-28,294000,35280,329280
O-02044,F-01034,2025B,2025-07-21,2026-02-28,607500,72900,680400
O-02045,F-01034,2025A,2025-01-31,2025-09-30,1428500,171420,1599920
O-02046,F-01034,2026A,2026-02-13,2026-09-30,1742000,209040,1951040
O-02047,F-01035,2026A,2026-01-18,2026-09-30,772000,92640,864640
O-02048,F-01035,2025A,2025-02-17,2025-09-30,3635500,436260,4071760
O-02049,F-01036,2025A,2025-02-02,2025-09-30,152000,18240,170240
O-02050,F-01036,2026A,2026-01-19,2026-09-30,1498000,179760,1677760
O-02051,F-01036,2025B,2025-08-09,2026-02-28,204500,24540,229040
O-02052,F-01037,2025A,2025-02-17,2025-09-30,1072500,128700,1201200
O-02053,F-01038,2025A,2025-02-13,2025-09-30,4142500,497100,4639600
O-02054,F-01038,2025B,2025-08-06,2026-02-28,1722000,206640,1928640
O-02055,F-01039,2025B,2025-07-21,2026-02-28,1881500,225780,2107280
O-02056,F-01039,2025A,2025-02-07,2025-09-30,989000,118680,1107680
O-02057,F-01039,2026A,2026-01-13,2026-09-30,291000,34920,325920
O-02058,F-01040,2025A,2025-01-29,2025-09-30,2184000,262080,2446080
O-02059,F-01041,2025A,2025-02-09,2025-09-30,1965000,235800,2200800
O-02060,F-01041,2025B,2025-07-25,2026-02-28,2035000,244200,2279200
O-02061,F-01041,2026A,2026-01-31,2026-09-30,845500,101460,946960
O-02062,F-01042,2025B,2025-07-30,2026-02-28,1779500,213540,1993040
O-02063,F-01043,2026A,2026-02-04,2026-09-30,2632000,315840,2947840
O-02064,F-01043,2025A,2025-02-16,2025-09-30,1102000,132240,1234240
O-02065,F-01044,2025A,2025-02-08,2025-09-30,688000,82560,770560
O-02066,F-01045,2025B,2025-08-07,2026-02-28,1400000,168000,1568000
O-02067,F-01045,2026A,2026-01-28,2026-09-30,2024000,242880,2266880
O-02068,F-01046,2026A,2026-02-18,2026-09-30,467500,56100,523600
O-02069,F-01046,2025A,2025-01-21,2025-09-30,562500,67500,630000
O-02070,F-01047,2025A,2025-02-11,2025-09-30,872000,104640,976640
O-02071,F-01048,2026A,2026-02-09,2026-09-30,2434500,292140,2726640
O-02072,F-01048,2025B,2025-07-17,2026-02-28,2393000,287160,2680160
O-02073,F-01048,2025A,2025-02-15,2025-09-30,1678000,201360,1879360
O-02074,F-01049,2025A,2025-02-18,2025-09-30,905000,108600,1013600
O-02075,F-01050,2025A,2025-02-20,2025-09-30,2127000,255240,2382240
O-02076,F-01050,2026A,2026-01-16,2026-09-30,761000,91320,852320
O-02077,F-01051,2026A,2026-02-15,2026-09-30,822000,98640,920640
O-02078,F-01051,2025B,2025-07-11,2026-02-28,1699000,203880,1902880
O-02079,F-01052,2025A,2025-01-21,2025-09-30,1760000,211200,1971200
O-02080,F-01053,2026A,2026-02-01,2026-09-30,1465000,175800,1640800
O-02081,F-01053,2025A,2025-02-01,2025-09-30,2832000,339840,3171840
O-02082,F-01054,2025B,2025-07-08,2026-02-28,1928000,231360,2159360
O-02083,F-01054,2026A,2026-01-26,2026-09-30,167000,20040,187040
O-02084,F-01055,2025B,2025-07-06,2026-02-28,1379000,165480,1544480
O-02085,F-01055,2025A,2025-02-13,2025-09-30,1769500,212340,1981840
O-02086,F-01056,2025B,2025-07-22,2026-02-28,1112000,133440,1245440
O-02087,F-01056,2026A,2026-02-17,2026-09-30,978000,117360,1095360
O-02088,F-01057,2025B,2025-07-30,2026-02-28,2472000,296640,2768640
O-02089,F-01058,2025A,2025-02-17,2025-09-30,2361500,283380,2644880
O-02090,F-01059,2026A,2026-01-26,2026-09-30,1374000,164880,1538880
O-02091,F-01060,2026A,2026-02-12,2026-09-30,2172000,260640,2432640
O-02092,F-01060,2025A,2025-01-30,2025-09-30,1932000,231840,2163840
O-02093,F-01061,2025B,2025-07-23,2026-02-28,308000,36960,344960
O-02094,F-01062,2025B,2025-07-20,2026-02-28,996000,119520,1115520
O-02095,F-01062,2025A,2025-02-12,2025-09-30,1970000,236400,2206400
O-02096,F-01062,2026A,2026-02-17,2026-09-30,1436000,172320,1608320
O-02097,F-01063,2026A,2026-01-13,2026-09-30,2866000,343920,3209920
O-02098,F-01063,2025B,2025-07-21,2026-02-28,853500,102420,955920
O-02099,F-01063,2025A,2025-01-28,2025-09-30,631500,75780,707280
O-02100,F-01064,2025B,2025-08-10,2026-02-28,2894000,347280,3241280
O-02101,F-01065,2025A,2025-02-04,2025-09-30,1245000,149400,1394400
O-02102,F-01066,2025A,2025-02-11,2025-09-30,877500,105300,982800
O-02103,F-01066,2026A,2026-02-01,2026-09-30,3406000,408720,3814720
O-02104,F-01067,2025A,2025-01-20,2025-09-30,2217000,266040,2483040
O-02105,F-01068,2026A,2026-02-21,2026-09-30,2367500,284100,2651600
O-02106,F-01068,2025B,2025-07-14,2026-02-28,2043500,245220,2288720
O-02107,F-01069,2025A,2025-01-17,2025-09-30,819500,98340,917840
O-02108,F-01069,2026A,2026-01-31,2026-09-30,203500,24420,227920
O-02109,F-01070,2026A,2026-02-10,2026-09-30,203000,24360,227360
O-02110,F-01070,2025B,2025-07-29,2026-02-28,1800000,216000,2016000
O-02111,F-01070,2025A,2025-01-24,2025-09-30,2872000,344640,3216640
O-02112,F-01071,2026A,2026-02-11,2026-09-30,355500,42660,398160
O-02113,F-01072,2026A,2026-02-10,2026-09-30,1443000,173160,1616160
O-02114,F-01072,2025A,2025-01-30,2025-09-30,92000,11040,103040
O-02115,F-01072,2025B,2025-07-09,2026-02-28,3316000,397920,3713920
O-02116,F-01073,2025A,2025-01-28,2025-09-30,1910000,229200,2139200
O-02117,F-01073,2026A,2026-02-10,2026-09-30,2447000,293640,2740640
O-02118,F-01074,2025B,2025-07-07,2026-02-28,1547000,185640,1732640
O-02119,F-01074,2025A,2025-02-14,2025-09-30,572000,68640,640640
O-02120,F-01075,2025B,2025-07-23,2026-02-28,1298000,155760,1453760
O-02121,F-01076,2026A,2026-02-21,2026-09-30,906000,108720,1014720
O-02122,F-01076,2025A,2025-01-17,2025-09-30,1232500,147900,1380400
O-02123,F-01076,2025B,2025-08-08,2026-02-28,636000,76320,712320
O-02124,F-01077,2025B,2025-08-02,2026-02-28,3241000,388920,3629920
O-02125,F-01077,2026A,2026-01-29,2026-09-30,985000,118200,1103200
O-02126,F-01077,2025A,2025-02-13,2025-09-30,100000,12000,112000
O-02127,F-01078,2025A,2025-02-03,2025-09-30,788000,94560,882560
O-02128,F-01078,2026A,2026-02-18,2026-09-30,599000,71880,670880
O-02129,F-01079,2025B,2025-07-09,2026-02-28,754000,90480,844480
O-02130,F-01079,2025A,2025-01-21,2025-09-30,152000,18240,170240
O-02131,F-01079,2026A,2026-02-15,2026-09-30,1018500,122220,1140720
O-02132,F-01080,2025B,2025-08-06,2026-02-28,2408500,289020,2697520
O-02133,F-01080,2025A,2025-01-27,2025-09-30,1307000,156840,1463840
O-02134,F-01081,2025A,2025-01-20,2025-09-30,2433000,291960,2724960
O-02135,F-01081,2025B,2025-07-25,2026-02-28,2553000,306360,2859360
O-02136,F-01081,2026A,2026-02-02,2026-09-30,1718000,206160,1924160
O-02137,F-01082,2025A,2025-02-16,2025-09-30,1980000,237600,2217600
O-02138,F-01083,2025A,2025-01-21,2025-09-30,2758000,330960,3088960
O-02139,F-01083,2025B,2025-07-25,2026-02-28,3106000,372720,3478720
O-02140,F-01083,2026A,2026-02-16,2026-09-30,1358000,162960,1520960
O-02141,F-01084,2025A,2025-02-02,2025-09-30,1648000,197760,1845760
O-02142,F-01085,2025A,2025-02-14,2025-09-30,1762000,211440,1973440
O-02143,F-01085,2026A,2026-01-17,2026-09-30,2933500,352020,3285520
O-02144,F-01086,2025B,2025-08-01,2026-02-28,1358000,162960,1520960
O-02145,F-01086,2026A,2026-02-03,2026-09-30,937500,112500,1050000
O-02146,F-01087,2026A,2026-02-14,2026-09-30,643000,77160,720160
O-02147,F-01087,2025B,2025-07-23,2026-02-28,940000,112800,1052800
O-02148,F-01088,2025A,2025-02-10,2025-09-30,1616000,193920,1809920
O-02149,F-01089,2026A,2026-01-24,2026-09-30,2589000,310680,2899680
O-02150,F-01089,2025B,2025-07-28,2026-02-28,1358000,162960,1520960
O-02151,F-01090,2026A,2026-01-25,2026-09-30,3776000,453120,4229120
O-02152,F-01090,2025A,2025-02-13,2025-09-30,1135000,136200,1271200
O-02153,F-01090,2025B,2025-07-09,2026-02-28,422500,50700,473200
O-02154,F-01091,2026A,2026-02-16,2026-09-30,2214000,265680,2479680
O-02155,F-01091,2025A,2025-01-21,2025-09-30,1371000,164520,1535520
O-02156,F-01092,2026A,2026-02-11,2026-09-30,2297500,275700,2573200
O-02157,F-01092,2025A,2025-01-20,2025-09-30,2053000,246360,2299360
O-02158,F-01093,2025A,2025-02-08,2025-09-30,1313500,157620,1471120
O-02159,F-01093,2025B,2025-07-24,2026-02-28,1722000,206640,1928640
O-02160,F-01093,2026A,2026-02-20,2026-09-30,1197000,143640,1340640
O-02161,F-01094,2025A,2025-02-10,2025-09-30,2132000,255840,2387840
O-02162,F-01094,2026A,2026-02-16,2026-09-30,1532000,183840,1715840
O-02163,F-01094,2025B,2025-07-20,2026-02-28,98000,11760,109760
O-02164,F-01095,2025B,2025-07-30,2026-02-28,2144500,257340,2401840
O-02165,F-01096,2025A,2025-02-02,2025-09-30,3024000,362880,3386880
O-02166,F-01096,2025B,2025-08-08,2026-02-28,1650000,198000,1848000
O-02167,F-01097,2025B,2025-07-08,2026-02-28,1854500,222540,2077040
O-02168,F-01097,2026A,2026-02-04,2026-09-30,1602500,192300,1794800
O-02169,F-01097,2025A,2025-02-24,2025-09-30,1978500,237420,2215920
O-02170,F-01098,2025A,2025-02-12,2025-09-30,2988500,358620,3347120
O-02171,F-01099,2025A,2025-02-22,2025-09-30,1840000,220800,2060800
O-02172,F-01099,2025B,2025-07-20,2026-02-28,370000,44400,414400
O-02173,F-01100,2025B,2025-07-16,2026-02-28,416500,49980,466480
O-02174,F-01100,2026A,2026-01-14,2026-09-30,1131000,135720,1266720
O-02175,F-01101,2025A,2025-01-30,2025-09-30,1407500,168900,1576400
O-02176,F-01102,2025A,2025-02-05,2025-09-30,3123000,374760,3497760
O-02177,F-01102,2025B,2025-07-18,2026-02-28,510000,61200,571200
O-02178,F-01103,2025B,2025-08-01,2026-02-28,456000,54720,510720
O-02179,F-01104,2025B,2025-08-08,2026-02-28,1275000,153000,1428000
O-02180,F-01104,2025A,2025-02-19,2025-09-30,1269000,152280,1421280
O-02181,F-01105,2025A,2025-01-25,2025-09-30,3141000,376920,3517920
O-02182,F-01105,2026A,2026-02-06,2026-09-30,179000,21480,200480
O-02183,F-01106,2025B,2025-08-08,2026-02-28,1340000,160800,1500800
O-02184,F-01107,2025A,2025-02-05,2025-09-30,266500,31980,298480
O-02185,F-01107,2025B,2025-07-25,2026-02-28,315000,37800,352800
O-02186,F-01108,2025B,2025-07-05,2026-02-28,3505000,420600,3925600
O-02187,F-01108,2026A,2026-01-20,2026-09-30,1232000,147840,1379840
O-02188,F-01109,2025A,2025-02-10,2025-09-30,2530000,303600,2833600
O-02189,F-01110,2025A,2025-02-14,2025-09-30,1132000,135840,1267840
O-02190,F-01110,2025B,2025-07-07,2026-02-28,1457000,174840,1631840
O-02191,F-01111,2025A,2025-02-04,2025-09-30,73000,8760,81760
O-02192,F-01111,2026A,2026-02-09,2026-09-30,838000,100560,938560
O-02193,F-01111,2025B,2025-07-30,2026-02-28,2975000,357000,3332000
O-02194,F-01112,2025A,2025-02-08,2025-09-30,1846000,221520,2067520
O-02195,F-01113,2026A,2026-01-29,2026-09-30,2253000,270360,2523360
O-02196,F-01114,2026A,2026-01-17,2026-09-30,1775500,213060,1988560
O-02197,F-01114,2025B,2025-07-20,2026-02-28,3222000,386640,3608640
O-02198,F-01114,2025A,2025-02-22,2025-09-30,1024500,122940,1147440
O-02199,F-01115,2025B,2025-07-14,2026-02-28,710000,85200,795200
O-02200,F-01116,2025A,2025-01-29,2025-09-30,174000,20880,194880
O-02201,F-01117,2025B,2025-07-22,2026-02-28,171500,20580,192080
O-02202,F-01117,2026A,2026-01-14,2026-09-30,1258000,150960,1408960
O-02203,F-01118,2026A,2026-02-11,2026-09-30,2850000,342000,3192000
O-02204,F-01118,2025B,2025-07-21,2026-02-28,2907000,348840,3255840
O-02205,F-01119,2025B,2025-07-04,2026-02-28,1665000,199800,1864800
O-02206,F-01119,2026A,2026-01-13,2026-09-30,815000,97800,912800
O-02207,F-01120,2026A,2026-01-16,2026-09-30,1087000,130440,1217440
O-02208,F-01120,2025B,2025-08-05,2026-02-28,1271000,152520,1423520
O-02209,F-01120,2025A,2025-01-20,2025-09-30,1462500,175500,1638000
O-02210,F-01121,2025A,2025-01-19,2025-09-30,583000,69960,652960
O-02211,F-01121,2026A,2026-01-28,2026-09-30,1175000,141000,1316000
O-02212,F-01122,2025A,2025-02-16,2025-09-30,170500,20460,190960
O-02213,F-01122,2025B,2025-08-04,2026-02-28,231000,27720,258720
O-02214,F-01122,2026A,2026-01-23,2026-09-30,1862000,223440,2085440
O-02215,F-01123,2026A,2026-01-21,2026-09-30,2492000,299040,2791040
O-02216,F-01123,2025A,2025-02-16,2025-09-30,1452500,174300,1626800
O-02217,F-01123,2025B,2025-08-01,2026-02-28,134000,16080,150080
O-02218,F-01124,2025A,2025-01-27,2025-09-30,1758500,211020,1969520
O-02219,F-01124,2026A,2026-01-25,2026-09-30,828000,99360,927360
O-02220,F-01125,2026A,2026-01-26,2026-09-30,729500,87540,817040
O-02221,F-01125,2025B,2025-07-24,2026-02-28,2862500,343500,3206000
O-02222,F-01126,2025A,2025-01-29,2025-09-30,802000,96240,898240
O-02223,F-01126,2025B,2025-07-10,2026-02-28,140000,16800,156800
O-02224,F-01126,2026A,2026-02-20,2026-09-30,2745000,329400,3074400
O-02225,F-01127,2026A,2026-01-20,2026-09-30,454500,54540,509040
O-02226,F-01127,2025A,2025-01-15,2025-09-30,3591000,430920,4021920
O-02227,F-01128,2025B,2025-07-08,2026-02-28,1948500,233820,2182320
O-02228,F-01128,2026A,2026-02-16,2026-09-30,1095000,131400,1226400
O-02229,F-01128,2025A,2025-01-22,2025-09-30,1965000,235800,2200800
O-02230,F-01129,2026A,2026-02-11,2026-09-30,806500,96780,903280
O-02231,F-01129,2025A,2025-02-13,2025-09-30,650000,78000,728000
O-02232,F-01130,2025A,2025-02-03,2025-09-30,2123500,254820,2378320
O-02233,F-01131,2025B,2025-08-07,2026-02-28,1441000,172920,1613920
O-02234,F-01132,2025A,2025-02-08,2025-09-30,964000,115680,1079680
O-02235,F-01133,2025A,2025-01-15,2025-09-30,2631000,315720,2946720
O-02236,F-01133,2026A,2026-02-14,2026-09-30,2580000,309600,2889600
O-02237,F-01133,2025B,2025-07-05,2026-02-28,342000,41040,383040
O-02238,F-01134,2025A,2025-02-17,2025-09-30,2114000,253680,2367680
O-02239,F-01135,2025A,2025-01-31,2025-09-30,1670000,200400,1870400
O-02240,F-01135,2026A,2026-02-15,2026-09-30,3712000,445440,4157440
O-02241,F-01135,2025B,2025-07-24,2026-02-28,856000,102720,958720
O-02242,F-01136,2025B,2025-08-04,2026-02-28,388500,46620,435120
O-02243,F-01136,2026A,2026-02-04,2026-09-30,152000,18240,170240
O-02244,F-01137,2025B,2025-07-13,2026-02-28,2798000,335760,3133760
O-02245,F-01137,2025A,2025-01-17,2025-09-30,2106500,252780,2359280
O-02246,F-01138,2025A,2025-01-29,2025-09-30,191000,22920,213920
O-02247,F-01138,2026A,2026-01-30,2026-09-30,352500,42300,394800
O-02248,F-01139,2026A,2026-01-12,2026-09-30,1312000,157440,1469440
O-02249,F-01139,2025B,2025-07-29,2026-02-28,1405000,168600,1573600
O-02250,F-01139,2025A,2025-02-18,2025-09-30,208000,24960,232960
O-02251,F-01140,2025A,2025-01-27,2025-09-30,3202000,384240,3586240
O-02252,F-01141,2025B,2025-07-11,2026-02-28,1712000,205440,1917440
O-02253,F-01141,2026A,2026-02-02,2026-09-30,2099000,251880,2350880
O-02254,F-01142,2025A,2025-01-23,2025-09-30,164000,19680,183680
O-02255,F-01142,2025B,2025-08-10,2026-02-28,770000,92400,862400
O-02256,F-01143,2025A,2025-01-19,2025-09-30,1719500,206340,1925840
O-02257,F-01143,2025B,2025-07-19,2026-02-28,2491000,298920,2789920
O-02258,F-01144,2025B,2025-07-05,2026-02-28,1331000,159720,1490720
O-02259,F-01145,2025B,2025-07-24,2026-02-28,2308500,277020,2585520
O-02260,F-01146,2025A,2025-02-11,2025-09-30,1927000,231240,2158240
O-02261,F-01147,2025B,2025-07-02,2026-02-28,1527000,183240,1710240
O-02262,F-01147,2025A,2025-02-24,2025-09-30,926000,111120,1037120
O-02263,F-01147,2026A,2026-02-17,2026-09-30,1643500,197220,1840720
O-02264,F-01148,2025B,2025-07-26,2026-02-28,2120000,254400,2374400
O-02265,F-01148,2026A,2026-01-27,2026-09-30,1261000,151320,1412320
O-02266,F-01149,2025B,2025-07-05,2026-02-28,418500,50220,468720
O-02267,F-01149,2025A,2025-02-07,2025-09-30,1648000,197760,1845760
O-02268,F-01149,2026A,2026-01-16,2026-09-30,250500,30060,280560
O-02269,F-01150,2026A,2026-01-12,2026-09-30,510000,61200,571200
O-02270,F-01150,2025B,2025-07-24,2026-02-28,2010000,241200,2251200
O-02271,F-01151,2025B,2025-07-15,2026-02-28,2702000,324240,3026240
O-02272,F-01151,2026A,2026-02-02,2026-09-30,2701500,324180,3025680
O-02273,F-01152,2025A,2025-02-21,2025-09-30,2078000,249360,2327360
O-02274,F-01152,2026A,2026-02-19,2026-09-30,631500,75780,707280
O-02275,F-01152,2025B,2025-08-01,2026-02-28,2295000,275400,2570400
O-02276,F-01153,2025A,2025-02-24,2025-09-30,854000,102480,956480
O-02277,F-01153,2026A,2026-02-14,2026-09-30,2009000,241080,2250080
O-02278,F-01153,2025B,2025-08-04,2026-02-28,2421000,290520,2711520
O-02279,F-01154,2026A,2026-02-20,2026-09-30,2704500,324540,3029040
O-02280,F-01155,2025A,2025-02-10,2025-09-30,1786500,214380,2000880
O-02281,F-01156,2025A,2025-01-21,2025-09-30,1177000,141240,1318240
O-02282,F-01156,2026A,2026-02-10,2026-09-30,453000,54360,507360
O-02283,F-01156,2025B,2025-07-28,2026-02-28,2330000,279600,2609600
O-02284,F-01157,2026A,2026-02-05,2026-09-30,527000,63240,590240
O-02285,F-01158,2025B,2025-08-08,2026-02-28,169000,20280,189280
O-02286,F-01159,2025B,2025-08-08,2026-02-28,490000,58800,548800
O-02287,F-01159,2026A,2026-02-18,2026-09-30,467500,56100,523600
O-02288,F-01159,2025A,2025-02-04,2025-09-30,1080000,129600,1209600
O-02289,F-01160,2026A,2026-02-21,2026-09-30,720000,86400,806400
O-02290,F-01160,2025A,2025-01-20,2025-09-30,1074000,128880,1202880
O-02291,F-01160,2025B,2025-07-08,2026-02-28,3676000,441120,4117120
O-02292,F-01161,2026A,2026-02-07,2026-09-30,1402000,168240,1570240
O-02293,F-01161,2025A,2025-02-11,2025-09-30,596000,71520,667520
O-02294,F-01162,2026A,2026-02-11,2026-09-30,3287000,394440,3681440
O-02295,F-01163,2026A,2026-02-08,2026-09-30,1357000,162840,1519840
O-02296,F-01163,2025A,2025-02-10,2025-09-30,327500,39300,366800
O-02297,F-01163,2025B,2025-07-14,2026-02-28,397000,47640,444640
O-02298,F-01164,2025A,2025-01-15,2025-09-30,1633500,196020,1829520
O-02299,F-01164,2025B,2025-07-12,2026-02-28,1050000,126000,1176000
O-02300,F-01165,2025A,2025-01-22,2025-09-30,1307000,156840,1463840
O-02301,F-01166,2026A,2026-01-24,2026-09-30,576000,69120,645120
O-02302,F-01166,2025A,2025-02-06,2025-09-30,1785000,214200,1999200
O-02303,F-01167,2025B,2025-07-07,2026-02-28,1288000,154560,1442560
O-02304,F-01168,2026A,2026-01-24,2026-09-30,1341000,160920,1501920
O-02305,F-01168,2025B,2025-07-30,2026-02-28,1996000,239520,2235520
O-02306,F-01168,2025A,2025-02-01,2025-09-30,622000,74640,696640
O-02307,F-01169,2025B,2025-07-14,2026-02-28,738000,88560,826560
O-02308,F-01169,2025A,2025-02-09,2025-09-30,966500,115980,1082480
O-02309,F-01170,2025B,2025-07-18,2026-02-28,1712500,205500,1918000
O-02310,F-01170,2025A,2025-02-14,2025-09-30,2353000,282360,2635360
O-02311,F-01171,2025B,2025-08-01,2026-02-28,1176000,141120,1317120
O-02312,F-01172,2025B,2025-07-16,2026-02-28,1627000,195240,1822240
O-02313,F-01172,2026A,2026-02-15,2026-09-30,1418000,170160,1588160
O-02314,F-01173,2025B,2025-07-02,2026-02-28,1912500,229500,2142000
O-02315,F-01174,2026A,2026-01-29,2026-09-30,1927000,231240,2158240
O-02316,F-01174,2025A,2025-02-07,2025-09-30,2566500,307980,2874480
O-02317,F-01175,2025A,2025-02-20,2025-09-30,2061000,247320,2308320
O-02318,F-01176,2025A,2025-01-24,2025-09-30,1876000,225120,2101120
O-02319,F-01176,2026A,2026-01-26,2026-09-30,1096000,131520,1227520
O-02320,F-01177,2026A,2026-02-01,2026-09-30,1264000,151680,1415680
O-02321,F-01177,2025A,2025-02-03,2025-09-30,1780000,213600,1993600
O-02322,F-01177,2025B,2025-07-31,2026-02-28,345000,41400,386400
O-02323,F-01178,2026A,2026-02-17,2026-09-30,2073500,248820,2322320
O-02324,F-01179,2026A,2026-01-16,2026-09-30,1721000,206520,1927520
O-02325,F-01180,2025B,2025-07-19,2026-02-28,2564500,307740,2872240
O-02326,F-01181,2025A,2025-02-15,2025-09-30,3463000,415560,3878560
O-02327,F-01182,2025A,2025-02-07,2025-09-30,413000,49560,462560
O-02328,F-01183,2025A,2025-02-13,2025-09-30,422000,50640,472640
O-02329,F-01183,2026A,2026-01-20,2026-09-30,675000,81000,756000
O-02330,F-01183,2025B,2025-08-06,2026-02-28,3417500,410100,3827600
O-02331,F-01184,2025A,2025-01-27,2025-09-30,879500,105540,985040
O-02332,F-01184,2025B,2025-07-02,2026-02-28,1300000,156000,1456000
O-02333,F-01185,2025B,2025-07-15,2026-02-28,2997000,359640,3356640
O-02334,F-01185,2026A,2026-01-16,2026-09-30,721000,86520,807520
O-02335,F-01186,2025A,2025-01-29,2025-09-30,1447000,173640,1620640
O-02336,F-01186,2025B,2025-07-06,2026-02-28,308000,36960,344960
O-02337,F-01187,2025A,2025-02-16,2025-09-30,2363500,283620,2647120
O-02338,F-01187,2025B,2025-07-04,2026-02-28,1511000,181320,1692320
O-02339,F-01187,2026A,2026-01-24,2026-09-30,2152000,258240,2410240
O-02340,F-01188,2026A,2026-01-19,2026-09-30,1350500,162060,1512560
O-02341,F-01189,2026A,2026-01-18,2026-09-30,300000,36000,336000
O-02342,F-01189,2025A,2025-02-10,2025-09-30,3560500,427260,3987760
O-02343,F-01190,2025B,2025-07-12,2026-02-28,483500,58020,541520
O-02344,F-01190,2025A,2025-02-20,2025-09-30,2962000,355440,3317440
O-02345,F-01191,2025A,2025-01-31,2025-09-30,1626000,195120,1821120
O-02346,F-01192,2025B,2025-08-02,2026-02-28,696000,83520,779520
O-02347,F-01192,2026A,2026-02-08,2026-09-30,2491000,298920,2789920
O-02348,F-01193,2025B,2025-08-03,2026-02-28,758000,90960,848960
O-02349,F-01194,2025A,2025-01-26,2025-09-30,798000,95760,893760
O-02350,F-01194,2026A,2026-02-01,2026-09-30,2315000,277800,2592800
O-02351,F-01194,2025B,2025-07-29,2026-02-28,272000,32640,304640
O-02352,F-01195,2025B,2025-07-24,2026-02-28,2422000,290640,2712640
O-02353,F-01195,2025A,2025-02-09,2025-09-30,136000,16320,152320
O-02354,F-01196,2025B,2025-07-26,2026-02-28,1507500,180900,1688400
O-02355,F-01196,2026A,2026-02-12,2026-09-30,2428000,291360,2719360
O-02356,F-01197,2025B,2025-07-30,2026-02-28,2101000,252120,2353120
O-02357,F-01198,2026A,2026-02-07,2026-09-30,2370500,284460,2654960
O-02358,F-01198,2025A,2025-02-21,2025-09-30,1159500,139140,1298640
O-02359,F-01199,2025A,2025-01-25,2025-09-30,1391000,166920,1557920
O-02360,F-01200,2025A,2025-02-20,2025-09-30,3467000,416040,3883040
O-02361,F-01201,2026A,2026-01-27,2026-09-30,3895000,467400,4362400
O-02362,F-01201,2025B,2025-07-21,2026-02-28,606000,72720,678720
O-02363,F-01201,2025A,2025-01-26,2025-09-30,2255500,270660,2526160
O-02364,F-01202,2026A,2026-01-23,2026-09-30,845500,101460,946960
O-02365,F-01203,2025A,2025-01-18,2025-09-30,1901000,228120,2129120
O-02366,F-01204,2025A,2025-02-20,2025-09-30,1235000,148200,1383200
O-02367,F-01204,2026A,2026-01-14,2026-09-30,396000,47520,443520
O-02368,F-01205,2025B,2025-08-06,2026-02-28,3850000,462000,4312000
O-02369,F-01206,2026A,2026-01-20,2026-09-30,2523000,302760,2825760
O-02370,F-01206,2025B,2025-07-10,2026-02-28,1706000,204720,1910720
O-02371,F-01207,2025A,2025-01-16,2025-09-30,2941000,352920,3293920
O-02372,F-01208,2025A,2025-02-06,2025-09-30,2455000,294600,2749600
O-02373,F-01209,2025A,2025-01-27,2025-09-30,633000,75960,708960
O-02374,F-01210,2025B,2025-08-04,2026-02-28,1112000,133440,1245440
O-02375,F-01210,2026A,2026-02-14,2026-09-30,2331500,279780,2611280
O-02376,F-01210,2025A,2025-02-08,2025-09-30,1270000,152400,1422400
O-02377,F-01211,2025A,2025-01-19,2025-09-30,992000,119040,1111040
O-02378,F-01211,2025B,2025-07-01,2026-02-28,966000,115920,1081920
O-02379,F-01212,2025A,2025-01-16,2025-09-30,2253500,270420,2523920
O-02380,F-01212,2025B,2025-07-10,2026-02-28,1468000,176160,1644160
O-02381,F-01213,2026A,2026-01-30,2026-09-30,3400000,408000,3808000
O-02382,F-01214,2026A,2026-02-10,2026-09-30,1653000,198360,1851360
O-02383,F-01214,2025A,2025-02-23,2025-09-30,1582500,189900,1772400
O-02384,F-01214,2025B,2025-07-08,2026-02-28,1799000,215880,2014880
O-02385,F-01215,2026A,2026-02-03,2026-09-30,2118000,254160,2372160
O-02386,F-01216,2025A,2025-02-22,2025-09-30,1175000,141000,1316000
O-02387,F-01216,2025B,2025-08-02,2026-02-28,2230000,267600,2497600
O-02388,F-01216,2026A,2026-02-05,2026-09-30,3327000,399240,3726240
O-02389,F-01217,2025A,2025-02-03,2025-09-30,787000,94440,881440
O-02390,F-01217,2025B,2025-07-25,2026-02-28,576000,69120,645120
O-02391,F-01217,2026A,2026-02-07,2026-09-30,692000,83040,775040
O-02392,F-01218,2025A,2025-01-20,2025-09-30,2955000,354600,3309600
O-02393,F-01218,2025B,2025-07-05,2026-02-28,515000,61800,576800
O-02394,F-01219,2025B,2025-07-02,2026-02-28,2624000,314880,2938880
O-02395,F-01219,2025A,2025-02-21,2025-09-30,2918000,350160,3268160
O-02396,F-01220,2026A,2026-02-05,2026-09-30,1458000,174960,1632960
O-02397,F-01220,2025B,2025-07-29,2026-02-28,1679500,201540,1881040
O-02398,F-01220,2025A,2025-01-22,2025-09-30,2655000,318600,2973600
O-02399,F-01221,2025A,2025-01-19,2025-09-30,3038000,364560,3402560
O-02400,F-01221,2026A,2026-01-17,2026-09-30,408500,49020,457520
O-02401,F-01222,2025B,2025-07-31,2026-02-28,1175000,141000,1316000
O-02402,F-01222,2025A,2025-02-15,2025-09-30,221500,26580,248080
O-02403,F-01223,2025A,2025-02-05,2025-09-30,1046000,125520,1171520
O-02404,F-01224,2026A,2026-02-15,2026-09-30,1340000,160800,1500800
O-02405,F-01224,2025B,2025-07-20,2026-02-28,1653000,198360,1851360
O-02406,F-01225,2025B,2025-07-13,2026-02-28,926000,111120,1037120
O-02407,F-01225,2026A,2026-01-23,2026-09-30,1419000,170280,1589280
O-02408,F-01226,2025A,2025-02-04,2025-09-30,2118500,254220,2372720
O-02409,F-01227,2026A,2026-01-28,2026-09-30,3156000,378720,3534720
O-02410,F-01227,2025A,2025-01-24,2025-09-30,448000,53760,501760
O-02411,F-01227,2025B,2025-08-07,2026-02-28,838000,100560,938560
O-02412,F-01228,2026A,2026-01-23,2026-09-30,616000,73920,689920
O-02413,F-01228,2025B,2025-08-03,2026-02-28,1795000,215400,2010400
O-02414,F-01229,2025B,2025-07-12,2026-02-28,182500,21900,204400
O-02415,F-01229,2025A,2025-02-11,2025-09-30,1460000,175200,1635200
O-02416,F-01229,2026A,2026-02-04,2026-09-30,1154500,138540,1293040
O-02417,F-01230,2025A,2025-02-23,2025-09-30,1085000,130200,1215200
O-02418,F-01230,2026A,2026-02-02,2026-09-30,3463000,415560,3878560
O-02419,F-01231,2026A,2026-02-20,2026-09-30,2190000,262800,2452800
O-02420,F-01231,2025B,2025-07-12,2026-02-28,2434000,292080,2726080
O-02421,F-01231,2025A,2025-02-05,2025-09-30,2573000,308760,2881760
O-02422,F-01232,2026A,2026-01-16,2026-09-30,270000,32400,302400
O-02423,F-01233,2025A,2025-02-17,2025-09-30,426000,51120,477120
O-02424,F-01233,2025B,2025-07-27,2026-02-28,196000,23520,219520
O-02425,F-01234,2025A,2025-01-24,2025-09-30,2684000,322080,3006080
O-02426,F-01235,2026A,2026-02-10,2026-09-30,1788000,214560,2002560
O-02427,F-01235,2025B,2025-07-26,2026-02-28,3843000,461160,4304160
O-02428,F-01236,2025A,2025-01-26,2025-09-30,683000,81960,764960
O-02429,F-01236,2026A,2026-02-03,2026-09-30,1185000,142200,1327200
O-02430,F-01236,2025B,2025-07-27,2026-02-28,1444000,173280,1617280
O-02431,F-01237,2025B,2025-07-11,2026-02-28,1465000,175800,1640800
O-02432,F-01237,2026A,2026-01-27,2026-09-30,1695000,203400,1898400
O-02433,F-01237,2025A,2025-01-22,2025-09-30,1181500,141780,1323280
O-02434,F-01238,2025B,2025-07-07,2026-02-28,1203000,144360,1347360
O-02435,F-01238,2025A,2025-01-19,2025-09-30,1226500,147180,1373680
O-02436,F-01238,2026A,2026-02-10,2026-09-30,1484000,178080,1662080
O-02437,F-01239,2026A,2026-02-01,2026-09-30,293000,35160,328160
O-02438,F-01240,2025A,2025-01-24,2025-09-30,2141000,256920,2397920
O-02439,F-01240,2026A,2026-01-16,2026-09-30,733000,87960,820960
O-02440,F-01241,2025A,2025-01-26,2025-09-30,510000,61200,571200
O-02441,F-01242,2025B,2025-07-22,2026-02-28,372500,44700,417200
O-02442,F-01242,2025A,2025-01-31,2025-09-30,1517500,182100,1699600
O-02443,F-01243,2025A,2025-01-23,2025-09-30,3393500,407220,3800720
O-02444,F-01244,2026A,2026-01-18,2026-09-30,680500,81660,762160
O-02445,F-01244,2025B,2025-07-21,2026-02-28,938000,112560,1050560
O-02446,F-01245,2025A,2025-02-09,2025-09-30,2693000,323160,3016160
O-02447,F-01245,2025B,2025-07-26,2026-02-28,3120000,374400,3494400
O-02448,F-01245,2026A,2026-02-01,2026-09-30,3379000,405480,3784480
O-02449,F-01246,2025B,2025-07-28,2026-02-28,2810000,337200,3147200
O-02450,F-01247,2026A,2026-02-06,2026-09-30,2522000,302640,2824640
O-02451,F-01247,2025B,2025-07-10,2026-02-28,1821000,218520,2039520
O-02452,F-01247,2025A,2025-02-23,2025-09-30,949500,113940,1063440
O-02453,F-01248,2025A,2025-02-17,2025-09-30,1505000,180600,1685600
O-02454,F-01248,2025B,2025-07-28,2026-02-28,676000,81120,757120
O-02455,F-01249,2025A,2025-01-22,2025-09-30,361000,43320,404320
O-02456,F-01249,2026A,2026-02-14,2026-09-30,782000,93840,875840
O-02457,F-01249,2025B,2025-07-23,2026-02-28,2292000,275040,2567040
O-02458,F-01250,2025B,2025-07-26,2026-02-28,174000,20880,194880
O-02459,F-01250,2025A,2025-01-17,2025-09-30,1986000,238320,2224320
O-02460,F-01250,2026A,2026-02-20,2026-09-30,3974500,476940,4451440
O-02461,F-01251,2025B,2025-07-08,2026-02-28,238000,28560,266560
O-02462,F-01252,2025A,2025-01-31,2025-09-30,2366000,283920,2649920
O-02463,F-01253,2025A,2025-01-25,2025-09-30,1839000,220680,2059680
O-02464,F-01253,2025B,2025-07-08,2026-02-28,1330000,159600,1489600
O-02465,F-01254,2025B,2025-07-28,2026-02-28,1738500,208620,1947120
O-02466,F-01254,2026A,2026-01-23,2026-09-30,975000,117000,1092000
O-02467,F-01254,2025A,2025-01-28,2025-09-30,2793000,335160,3128160
O-02468,F-01255,2026A,2026-01-28,2026-09-30,1284000,154080,1438080
O-02469,F-01255,2025A,2025-02-01,2025-09-30,1947000,233640,2180640
O-02470,F-01255,2025B,2025-07-23,2026-02-28,3222500,386700,3609200
O-02471,F-01256,2025B,2025-07-17,2026-02-28,3542000,425040,3967040
O-02472,F-01256,2025A,2025-02-19,2025-09-30,4644000,557280,5201280
O-02473,F-01256,2026A,2026-02-04,2026-09-30,844000,101280,945280
O-02474,F-01257,2025A,2025-02-18,2025-09-30,1812000,217440,2029440
O-02475,F-01258,2025A,2025-02-07,2025-09-30,2562500,307500,2870000
O-02476,F-01258,2025B,2025-07-29,2026-02-28,2160000,259200,2419200
O-02477,F-01259,2025B,2025-07-25,2026-02-28,1550000,186000,1736000
O-02478,F-01260,2025A,2025-02-06,2025-09-30,964000,115680,1079680
O-02479,F-01260,2025B,2025-08-08,2026-02-28,702000,84240,786240
O-02480,F-01260,2026A,2026-01-22,2026-09-30,270000,32400,302400
O-02481,F-01261,2025B,2025-07-02,2026-02-28,988000,118560,1106560
O-02482,F-01261,2025A,2025-02-23,2025-09-30,259000,31080,290080
O-02483,F-01261,2026A,2026-01-13,2026-09-30,123000,14760,137760
O-02484,F-01262,2025A,2025-02-21,2025-09-30,2504000,300480,2804480
O-02485,F-01262,2026A,2026-02-02,2026-09-30,1595000,191400,1786400
O-02486,F-01262,2025B,2025-07-20,2026-02-28,3914000,469680,4383680
O-02487,F-01263,2025A,2025-02-11,2025-09-30,1137000,136440,1273440
O-02488,F-01264,2025B,2025-08-07,2026-02-28,2325000,279000,2604000
O-02489,F-01264,2025A,2025-02-22,2025-09-30,2577000,309240,2886240
O-02490,F-01264,2026A,2026-01-17,2026-09-30,2898000,347760,3245760
O-02491,F-01265,2025B,2025-07-08,2026-02-28,1730000,207600,1937600
O-02492,F-01266,2026A,2026-02-11,2026-09-30,1392500,167100,1559600
O-02493,F-01266,2025A,2025-02-17,2025-09-30,612000,73440,685440
O-02494,F-01267,2026A,2026-01-17,2026-09-30,667000,80040,747040
O-02495,F-01268,2025A,2025-02-16,2025-09-30,145500,17460,162960
O-02496,F-01269,2025A,2025-01-28,2025-09-30,436000,52320,488320
O-02497,F-01269,2025B,2025-07-01,2026-02-28,137500,16500,154000
O-02498,F-01269,2026A,2026-01-18,2026-09-30,336000,40320,376320
O-02499,F-01270,2026A,2026-01-15,2026-09-30,510000,61200,571200
O-02500,F-01271,2025A,2025-01-27,2025-09-30,969000,116280,1085280
O-02501,F-01271,2026A,2026-01-30,2026-09-30,504000,60480,564480
O-02502,F-01272,2025A,2025-02-10,2025-09-30,386000,46320,432320
O-02503,F-01272,2025B,2025-08-08,2026-02-28,623500,74820,698320
O-02504,F-01272,2026A,2026-02-01,2026-09-30,628000,75360,703360
O-02505,F-01273,2025A,2025-01-23,2025-09-30,723000,86760,809760
O-02506,F-01274,2025B,2025-07-01,2026-02-28,1327000,159240,1486240
O-02507,F-01275,2025B,2025-07-10,2026-02-28,1517000,182040,1699040
O-02508,F-01276,2025B,2025-07-23,2026-02-28,1431000,171720,1602720
O-02509,F-01276,2025A,2025-02-17,2025-09-30,1051000,126120,1177120
O-02510,F-01277,2025A,2025-02-22,2025-09-30,3176000,381120,3557120
O-02511,F-01277,2026A,2026-01-25,2026-09-30,249000,29880,278880
O-02512,F-01278,2025A,2025-02-15,2025-09-30,2435000,292200,2727200
O-02513,F-01278,2026A,2026-01-12,2026-09-30,2972000,356640,3328640
O-02514,F-01278,2025B,2025-07-23,2026-02-28,1089500,130740,1220240
O-02515,F-01279,2025A,2025-02-21,2025-09-30,1448000,173760,1621760
O-02516,F-01279,2026A,2026-02-17,2026-09-30,476000,57120,533120
O-02517,F-01279,2025B,2025-07-02,2026-02-28,1260000,151200,1411200
O-02518,F-01280,2026A,2026-02-15,2026-09-30,2502000,300240,2802240
O-02519,F-01280,2025A,2025-02-06,2025-09-30,2240000,268800,2508800
O-02520,F-01281,2026A,2026-01-19,2026-09-30,2910000,349200,3259200
O-02521,F-01282,2025B,2025-07-12,2026-02-28,2572500,308700,2881200
O-02522,F-01282,2026A,2026-01-15,2026-09-30,1113500,133620,1247120
O-02523,F-01282,2025A,2025-01-26,2025-09-30,670000,80400,750400
O-02524,F-01283,2025B,2025-07-30,2026-02-28,615000,73800,688800
O-02525,F-01283,2025A,2025-02-15,2025-09-30,3021000,362520,3383520
O-02526,F-01284,2025B,2025-08-04,2026-02-28,350000,42000,392000
O-02527,F-01284,2025A,2025-02-15,2025-09-30,1376000,165120,1541120
O-02528,F-01285,2025A,2025-02-07,2025-09-30,388000,46560,434560
O-02529,F-01285,2026A,2026-02-02,2026-09-30,1362500,163500,1526000
O-02530,F-01286,2026A,2026-01-17,2026-09-30,2058500,247020,2305520
O-02531,F-01287,2025A,2025-02-09,2025-09-30,1770000,212400,1982400
O-02532,F-01287,2025B,2025-08-09,2026-02-28,2833500,340020,3173520
O-02533,F-01288,2025B,2025-07-10,2026-02-28,1367000,164040,1531040
O-02534,F-01289,2025B,2025-07-24,2026-02-28,2106500,252780,2359280
O-02535,F-01289,2025A,2025-02-12,2025-09-30,3693000,443160,4136160
O-02536,F-01290,2025B,2025-07-12,2026-02-28,2755000,330600,3085600
O-02537,F-01291,2025A,2025-02-02,2025-09-30,1392000,167040,1559040
O-02538,F-01291,2026A,2026-01-17,2026-09-30,1758000,210960,1968960
O-02539,F-01291,2025B,2025-07-10,2026-02-28,1936500,232380,2168880
O-02540,F-01292,2025A,2025-02-07,2025-09-30,1041000,124920,1165920
O-02541,F-01292,2026A,2026-01-27,2026-09-30,1150000,138000,1288000
O-02542,F-01293,2025B,2025-07-23,2026-02-28,985000,118200,1103200
O-02543,F-01293,2026A,2026-02-06,2026-09-30,2842000,341040,3183040
O-02544,F-01294,2026A,2026-01-22,2026-09-30,1965000,235800,2200800
O-02545,F-01295,2025B,2025-07-07,2026-02-28,1050000,126000,1176000
O-02546,F-01296,2026A,2026-01-25,2026-09-30,1548000,185760,1733760
O-02547,F-01297,2025A,2025-01-24,2025-09-30,716000,85920,801920
O-02548,F-01298,2026A,2026-02-02,2026-09-30,1392500,167100,1559600
O-02549,F-01298,2025B,2025-07-17,2026-02-28,1717500,206100,1923600
O-02550,F-01298,2025A,2025-02-16,2025-09-30,203000,24360,227360
O-02551,F-01299,2025A,2025-01-23,2025-09-30,702000,84240,786240
O-02552,F-01299,2026A,2026-01-23,2026-09-30,1810500,217260,2027760
O-02553,F-01300,2026A,2026-02-10,2026-09-30,397500,47700,445200
O-02554,F-01300,2025B,2025-07-17,2026-02-28,1237000,148440,1385440
O-02555,F-01300,2025A,2025-02-20,2025-09-30,131500,15780,147280
O-02556,F-01301,2026A,2026-02-14,2026-09-30,1997500,239700,2237200
O-02557,F-01302,2026A,2026-02-19,2026-09-30,447000,53640,500640
O-02558,F-01302,2025A,2025-01-19,2025-09-30,1668000,200160,1868160
O-02559,F-01302,2025B,2025-07-01,2026-02-28,2962500,355500,3318000
O-02560,F-01303,2026A,2026-01-31,2026-09-30,1553000,186360,1739360
O-02561,F-01303,2025A,2025-01-27,2025-09-30,2182000,261840,2443840
O-02562,F-01304,2026A,2026-01-16,2026-09-30,1950500,234060,2184560
O-02563,F-01304,2025A,2025-02-11,2025-09-30,2097500,251700,2349200
O-02564,F-01304,2025B,2025-07-14,2026-02-28,898000,107760,1005760
O-02565,F-01305,2026A,2026-02-17,2026-09-30,2553000,306360,2859360
O-02566,F-01305,2025A,2025-01-28,2025-09-30,2320000,278400,2598400
O-02567,F-01305,2025B,2025-07-21,2026-02-28,1862000,223440,2085440
O-02568,F-01306,2025B,2025-08-10,2026-02-28,1229000,147480,1376480
O-02569,F-01306,2026A,2026-02-13,2026-09-30,1265000,151800,1416800
O-02570,F-01307,2025A,2025-02-12,2025-09-30,2557000,306840,2863840
O-02571,F-01308,2026A,2026-01-20,2026-09-30,2027500,243300,2270800
O-02572,F-01309,2025A,2025-02-03,2025-09-30,1163000,139560,1302560
O-02573,F-01309,2026A,2026-01-19,2026-09-30,2225000,267000,2492000
O-02574,F-01309,2025B,2025-08-02,2026-02-28,1896000,227520,2123520
O-02575,F-01310,2025A,2025-01-23,2025-09-30,1320000,158400,1478400
O-02576,F-01310,2025B,2025-07-17,2026-02-28,1635000,196200,1831200
O-02577,F-01310,2026A,2026-01-20,2026-09-30,2566500,307980,2874480
O-02578,F-01311,2025B,2025-07-20,2026-02-28,90000,10800,100800
O-02579,F-01311,2025A,2025-02-23,2025-09-30,2163000,259560,2422560
O-02580,F-01312,2026A,2026-01-22,2026-09-30,661000,79320,740320
O-02581,F-01313,2026A,2026-02-02,2026-09-30,1229000,147480,1376480
O-02582,F-01314,2025A,2025-01-24,2025-09-30,1068000,128160,1196160
O-02583,F-01314,2025B,2025-07-13,2026-02-28,4460000,535200,4995200
O-02584,F-01315,2026A,2026-02-03,2026-09-30,823000,98760,921760
O-02585,F-01315,2025B,2025-07-24,2026-02-28,1226000,147120,1373120
O-02586,F-01315,2025A,2025-01-23,2025-09-30,1695500,203460,1898960
O-02587,F-01316,2025A,2025-01-31,2025-09-30,1080000,129600,1209600
O-02588,F-01316,2025B,2025-07-10,2026-02-28,1585000,190200,1775200
O-02589,F-01317,2025B,2025-08-10,2026-02-28,2026000,243120,2269120
O-02590,F-01317,2025A,2025-01-21,2025-09-30,377000,45240,422240
O-02591,F-01317,2026A,2026-01-12,2026-09-30,2397000,287640,2684640
O-02592,F-01318,2025B,2025-08-03,2026-02-28,2287000,274440,2561440
O-02593,F-01319,2025B,2025-08-02,2026-02-28,708500,85020,793520
O-02594,F-01319,2025A,2025-02-09,2025-09-30,940000,112800,1052800
O-02595,F-01320,2025A,2025-01-25,2025-09-30,434500,52140,486640
O-02596,F-01320,2026A,2026-01-23,2026-09-30,1303000,156360,1459360
O-02597,F-01321,2025B,2025-07-20,2026-02-28,1249500,149940,1399440
O-02598,F-01322,2025A,2025-01-16,2025-09-30,222000,26640,248640
O-02599,F-01322,2026A,2026-01-14,2026-09-30,2208000,264960,2472960
O-02600,F-01323,2026A,2026-01-21,2026-09-30,3175000,381000,3556000
O-02601,F-01323,2025B,2025-08-01,2026-02-28,1118000,134160,1252160
O-02602,F-01324,2025B,2025-07-06,2026-02-28,1550000,186000,1736000
O-02603,F-01325,2025B,2025-07-02,2026-02-28,1919000,230280,2149280
O-02604,F-01325,2025A,2025-01-17,2025-09-30,2147000,257640,2404640
O-02605,F-01325,2026A,2026-01-27,2026-09-30,2690000,322800,3012800
O-02606,F-01326,2025A,2025-02-19,2025-09-30,1172500,140700,1313200
O-02607,F-01326,2026A,2026-02-14,2026-09-30,1400000,168000,1568000
O-02608,F-01327,2025B,2025-07-23,2026-02-28,770000,92400,862400
O-02609,F-01327,2026A,2026-02-09,2026-09-30,100000,12000,112000
O-02610,F-01328,2025B,2025-08-10,2026-02-28,1154500,138540,1293040
O-02611,F-01328,2025A,2025-01-30,2025-09-30,1646000,197520,1843520
O-02612,F-01328,2026A,2026-02-08,2026-09-30,3141000,376920,3517920
O-02613,F-01329,2025A,2025-02-21,2025-09-30,878000,105360,983360
O-02614,F-01329,2025B,2025-08-03,2026-02-28,956500,114780,1071280
O-02615,F-01329,2026A,2026-02-16,2026-09-30,1425000,171000,1596000
O-02616,F-01330,2026A,2026-02-06,2026-09-30,2080000,249600,2329600
O-02617,F-01330,2025A,2025-02-20,2025-09-30,384000,46080,430080
O-02618,F-01331,2025A,2025-02-14,2025-09-30,825000,99000,924000
O-02619,F-01331,2025B,2025-07-01,2026-02-28,2017500,242100,2259600
O-02620,F-01331,2026A,2026-01-12,2026-09-30,2284000,274080,2558080
O-02621,F-01332,2025B,2025-07-06,2026-02-28,2300000,276000,2576000
O-02622,F-01333,2025B,2025-07-08,2026-02-28,508500,61020,569520
O-02623,F-01333,2025A,2025-02-12,2025-09-30,733000,87960,820960
O-02624,F-01334,2025B,2025-08-09,2026-02-28,2343000,281160,2624160
O-02625,F-01334,2026A,2026-01-15,2026-09-30,2999000,359880,3358880
O-02626,F-01334,2025A,2025-02-09,2025-09-30,219000,26280,245280
O-02627,F-01335,2025A,2025-01-28,2025-09-30,417000,50040,467040
O-02628,F-01336,2026A,2026-02-12,2026-09-30,1411500,169380,1580880
O-02629,F-01336,2025B,2025-08-02,2026-02-28,1861500,223380,2084880
O-02630,F-01336,2025A,2025-02-23,2025-09-30,2981500,357780,3339280
O-02631,F-01337,2025A,2025-02-06,2025-09-30,3872000,464640,4336640
O-02632,F-01337,2026A,2026-02-14,2026-09-30,660500,79260,739760
O-02633,F-01338,2026A,2026-01-20,2026-09-30,2202500,264300,2466800
O-02634,F-01339,2025A,2025-02-24,2025-09-30,744000,89280,833280
O-02635,F-01339,2025B,2025-07-30,2026-02-28,1422000,170640,1592640
O-02636,F-01340,2025A,2025-02-14,2025-09-30,1401500,168180,1569680
O-02637,F-01340,2026A,2026-01-23,2026-09-30,935000,112200,1047200
O-02638,F-01340,2025B,2025-07-10,2026-02-28,2332000,279840,2611840
O-02639,F-01341,2026A,2026-01-30,2026-09-30,398000,47760,445760
O-02640,F-01341,2025A,2025-02-15,2025-09-30,871500,104580,976080
O-02641,F-01342,2026A,2026-01-28,2026-09-30,2004000,240480,2244480
O-02642,F-01342,2025B,2025-08-04,2026-02-28,1595500,191460,1786960
O-02643,F-01342,2025A,2025-02-08,2025-09-30,1482500,177900,1660400
O-02644,F-01343,2025A,2025-01-17,2025-09-30,1432500,171900,1604400
O-02645,F-01343,2026A,2026-02-05,2026-09-30,2474000,296880,2770880
O-02646,F-01344,2026A,2026-02-03,2026-09-30,1102000,132240,1234240
O-02647,F-01344,2025A,2025-02-17,2025-09-30,459000,55080,514080
O-02648,F-01345,2025B,2025-08-09,2026-02-28,2915000,349800,3264800
O-02649,F-01345,2025A,2025-02-08,2025-09-30,1554000,186480,1740480
O-02650,F-01345,2026A,2026-01-18,2026-09-30,64000,7680,71680
O-02651,F-01346,2025B,2025-07-14,2026-02-28,657000,78840,735840
O-02652,F-01347,2026A,2026-02-09,2026-09-30,702000,84240,786240
O-02653,F-01348,2026A,2026-02-03,2026-09-30,1530000,183600,1713600
O-02654,F-01348,2025B,2025-08-09,2026-02-28,1204000,144480,1348480
O-02655,F-01349,2025A,2025-02-08,2025-09-30,635500,76260,711760
O-02656,F-01349,2025B,2025-07-19,2026-02-28,1749500,209940,1959440
O-02657,F-01349,2026A,2026-02-04,2026-09-30,275000,33000,308000
O-02658,F-01350,2025B,2025-07-17,2026-02-28,1402500,168300,1570800
O-02659,F-01351,2025B,2025-07-24,2026-02-28,3731000,447720,4178720
O-02660,F-01351,2026A,2026-02-03,2026-09-30,1852500,222300,2074800
O-02661,F-01352,2025A,2025-01-31,2025-09-30,681000,81720,762720
O-02662,F-01352,2026A,2026-02-15,2026-09-30,1478000,177360,1655360
O-02663,F-01353,2026A,2026-01-23,2026-09-30,171500,20580,192080
O-02664,F-01353,2025B,2025-07-22,2026-02-28,325000,39000,364000
O-02665,F-01354,2025B,2025-07-18,2026-02-28,2247000,269640,2516640
O-02666,F-01355,2025A,2025-02-24,2025-09-30,3181000,381720,3562720
O-02667,F-01356,2026A,2026-02-09,2026-09-30,2434500,292140,2726640
O-02668,F-01356,2025A,2025-02-02,2025-09-30,109500,13140,122640
O-02669,F-01356,2025B,2025-07-31,2026-02-28,2514500,301740,2816240
O-02670,F-01357,2026A,2026-02-17,2026-09-30,157000,18840,175840
O-02671,F-01357,2025A,2025-01-23,2025-09-30,987000,118440,1105440
O-02672,F-01358,2025A,2025-02-18,2025-09-30,997000,119640,1116640
O-02673,F-01358,2025B,2025-08-05,2026-02-28,751000,90120,841120
O-02674,F-01359,2025A,2025-01-22,2025-09-30,1400500,168060,1568560
O-02675,F-01359,2025B,2025-07-04,2026-02-28,1597000,191640,1788640
O-02676,F-01360,2026A,2026-01-24,2026-09-30,864500,103740,968240
O-02677,F-01361,2025A,2025-01-26,2025-09-30,2569500,308340,2877840
O-02678,F-01362,2025B,2025-07-23,2026-02-28,1443000,173160,1616160
O-02679,F-01362,2025A,2025-02-02,2025-09-30,1525000,183000,1708000
O-02680,F-01363,2026A,2026-01-22,2026-09-30,327500,39300,366800
O-02681,F-01363,2025B,2025-07-19,2026-02-28,1150000,138000,1288000
O-02682,F-01363,2025A,2025-02-24,2025-09-30,948000,113760,1061760
O-02683,F-01364,2025A,2025-02-04,2025-09-30,2111500,253380,2364880
O-02684,F-01364,2026A,2026-01-17,2026-09-30,266000,31920,297920
O-02685,F-01364,2025B,2025-07-30,2026-02-28,1221000,146520,1367520
O-02686,F-01365,2026A,2026-01-21,2026-09-30,255000,30600,285600
O-02687,F-01365,2025A,2025-02-01,2025-09-30,156000,18720,174720
O-02688,F-01366,2025A,2025-02-05,2025-09-30,1681000,201720,1882720
O-02689,F-01366,2026A,2026-01-26,2026-09-30,338500,40620,379120
O-02690,F-01366,2025B,2025-07-17,2026-02-28,2032000,243840,2275840
O-02691,F-01367,2026A,2026-01-26,2026-09-30,1141000,136920,1277920
O-02692,F-01367,2025A,2025-02-15,2025-09-30,892000,107040,999040
O-02693,F-01368,2025A,2025-01-25,2025-09-30,1651000,198120,1849120
O-02694,F-01368,2026A,2026-01-22,2026-09-30,709000,85080,794080
O-02695,F-01368,2025B,2025-08-05,2026-02-28,2871000,344520,3215520
O-02696,F-01369,2025B,2025-07-31,2026-02-28,1710000,205200,1915200
O-02697,F-01370,2026A,2026-01-15,2026-09-30,1746500,209580,1956080
O-02698,F-01370,2025B,2025-08-10,2026-02-28,2862500,343500,3206000
O-02699,F-01371,2025A,2025-01-29,2025-09-30,1142500,137100,1279600
O-02700,F-01372,2025B,2025-07-03,2026-02-28,1828000,219360,2047360
O-02701,F-01372,2025A,2025-02-14,2025-09-30,4229000,507480,4736480
O-02702,F-01372,2026A,2026-02-10,2026-09-30,2544000,305280,2849280
O-02703,F-01373,2025A,2025-01-16,2025-09-30,1691500,202980,1894480
O-02704,F-01373,2026A,2026-02-13,2026-09-30,2491000,298920,2789920
O-02705,F-01373,2025B,2025-07-07,2026-02-28,425000,51000,476000
O-02706,F-01374,2025B,2025-07-03,2026-02-28,1122500,134700,1257200
O-02707,F-01374,2026A,2026-01-22,2026-09-30,1145000,137400,1282400
O-02708,F-01374,2025A,2025-02-21,2025-09-30,370000,44400,414400
O-02709,F-01375,2025A,2025-02-15,2025-09-30,3051000,366120,3417120
O-02710,F-01375,2025B,2025-07-30,2026-02-28,1983000,237960,2220960
O-02711,F-01375,2026A,2026-02-10,2026-09-30,1124000,134880,1258880
O-02712,F-01376,2026A,2026-01-13,2026-09-30,1625000,195000,1820000
O-02713,F-01377,2025A,2025-02-01,2025-09-30,1911000,229320,2140320
O-02714,F-01377,2025B,2025-07-07,2026-02-28,1087500,130500,1218000
O-02715,F-01378,2025A,2025-02-19,2025-09-30,119500,14340,133840
O-02716,F-01378,2026A,2026-01-13,2026-09-30,2865000,343800,3208800
O-02717,F-01379,2025A,2025-01-26,2025-09-30,649000,77880,726880
O-02718,F-01380,2025A,2025-02-23,2025-09-30,2155000,258600,2413600
O-02719,F-01380,2026A,2026-01-18,2026-09-30,276000,33120,309120
O-02720,F-01381,2025B,2025-07-17,2026-02-28,1443000,173160,1616160
O-02721,F-01381,2025A,2025-02-13,2025-09-30,1249000,149880,1398880
O-02722,F-01381,2026A,2026-01-21,2026-09-30,2006500,240780,2247280
O-02723,F-01382,2025B,2025-08-10,2026-02-28,146000,17520,163520
O-02724,F-01382,2025A,2025-02-17,2025-09-30,2307500,276900,2584400
O-02725,F-01383,2025A,2025-02-18,2025-09-30,1853500,222420,2075920
O-02726,F-01383,2026A,2026-02-15,2026-09-30,1053000,126360,1179360
O-02727,F-01383,2025B,2025-08-09,2026-02-28,2689000,322680,3011680
O-02728,F-01384,2026A,2026-02-18,2026-09-30,895000,107400,1002400
O-02729,F-01384,2025B,2025-08-02,2026-02-28,2029500,243540,2273040
O-02730,F-01385,2026A,2026-02-21,2026-09-30,731500,87780,819280
O-02731,F-01386,2026A,2026-01-18,2026-09-30,815000,97800,912800
O-02732,F-01387,2026A,2026-01-23,2026-09-30,2575000,309000,2884000
O-02733,F-01388,2025A,2025-01-26,2025-09-30,1450000,174000,1624000
O-02734,F-01389,2025A,2025-02-03,2025-09-30,1823500,218820,2042320
O-02735,F-01389,2026A,2026-02-11,2026-09-30,1966500,235980,2202480
O-02736,F-01390,2026A,2026-02-19,2026-09-30,1371000,164520,1535520
O-02737,F-01391,2025B,2025-07-10,2026-02-28,1424500,170940,1595440
O-02738,F-01391,2025A,2025-02-07,2025-09-30,1647500,197700,1845200
O-02739,F-01391,2026A,2026-02-15,2026-09-30,715000,85800,800800
O-02740,F-01392,2025B,2025-08-04,2026-02-28,1636000,196320,1832320
O-02741,F-01392,2025A,2025-02-17,2025-09-30,3471000,416520,3887520
O-02742,F-01393,2026A,2026-02-18,2026-09-30,230000,27600,257600
O-02743,F-01394,2025A,2025-01-16,2025-09-30,558500,67020,625520
O-02744,F-01395,2026A,2026-02-01,2026-09-30,1670000,200400,1870400
O-02745,F-01396,2025A,2025-01-24,2025-09-30,126000,15120,141120
O-02746,F-01396,2025B,2025-07-04,2026-02-28,2830000,339600,3169600
O-02747,F-01397,2025B,2025-07-11,2026-02-28,1573000,188760,1761760
O-02748,F-01397,2025A,2025-02-15,2025-09-30,1688500,202620,1891120
O-02749,F-01397,2026A,2026-01-14,2026-09-30,1412000,169440,1581440
O-02750,F-01398,2025B,2025-07-31,2026-02-28,2774000,332880,3106880
O-02751,F-01399,2025A,2025-01-26,2025-09-30,1351000,162120,1513120
O-02752,F-01399,2025B,2025-07-30,2026-02-28,790000,94800,884800
O-02753,F-01400,2026A,2026-02-05,2026-09-30,874500,104940,979440
O-02754,F-01401,2025A,2025-02-01,2025-09-30,1102000,132240,1234240
O-02755,F-01401,2026A,2026-02-21,2026-09-30,911000,109320,1020320
O-02756,F-01401,2025B,2025-07-04,2026-02-28,2934500,352140,3286640
O-02757,F-01402,2025B,2025-07-08,2026-02-28,409000,49080,458080
O-02758,F-01403,2025A,2025-02-24,2025-09-30,1162000,139440,1301440
O-02759,F-01404,2026A,2026-02-01,2026-09-30,2045000,245400,2290400
O-02760,F-01404,2025A,2025-01-17,2025-09-30,1762500,211500,1974000
O-02761,F-01405,2026A,2026-02-11,2026-09-30,151000,18120,169120
O-02762,F-01406,2026A,2026-02-04,2026-09-30,1527000,183240,1710240
O-02763,F-01406,2025B,2025-08-09,2026-02-28,1327000,159240,1486240
O-02764,F-01407,2025A,2025-01-28,2025-09-30,2172500,260700,2433200
O-02765,F-01407,2025B,2025-07-19,2026-02-28,2050000,246000,2296000
O-02766,F-01407,2026A,2026-02-10,2026-09-30,1992500,239100,2231600
O-02767,F-01408,2025A,2025-02-13,2025-09-30,919000,110280,1029280
O-02768,F-01409,2025A,2025-02-18,2025-09-30,153000,18360,171360
O-02769,F-01410,2025A,2025-02-05,2025-09-30,325000,39000,364000
O-02770,F-01411,2025B,2025-07-05,2026-02-28,1532000,183840,1715840
O-02771,F-01411,2025A,2025-02-07,2025-09-30,796000,95520,891520
O-02772,F-01411,2026A,2026-01-25,2026-09-30,1947000,233640,2180640
O-02773,F-01412,2025B,2025-08-02,2026-02-28,1531500,183780,1715280
O-02774,F-01412,2025A,2025-02-23,2025-09-30,449000,53880,502880
O-02775,F-01413,2025A,2025-02-09,2025-09-30,907000,108840,1015840
O-02776,F-01413,2026A,2026-01-26,2026-09-30,308000,36960,344960
O-02777,F-01414,2025A,2025-02-22,2025-09-30,689000,82680,771680
O-02778,F-01414,2026A,2026-02-09,2026-09-30,467500,56100,523600
O-02779,F-01415,2025B,2025-07-10,2026-02-28,2273000,272760,2545760
O-02780,F-01416,2025B,2025-08-06,2026-02-28,2151500,258180,2409680
O-02781,F-01416,2026A,2026-02-07,2026-09-30,2132000,255840,2387840
O-02782,F-01416,2025A,2025-02-14,2025-09-30,608500,73020,681520
O-02783,F-01417,2026A,2026-02-12,2026-09-30,2146500,257580,2404080
O-02784,F-01418,2026A,2026-01-21,2026-09-30,2169000,260280,2429280
O-02785,F-01418,2025B,2025-07-06,2026-02-28,119500,14340,133840
O-02786,F-01419,2025A,2025-01-15,2025-09-30,580000,69600,649600
O-02787,F-01419,2026A,2026-02-20,2026-09-30,2681500,321780,3003280
O-02788,F-01419,2025B,2025-07-20,2026-02-28,713500,85620,799120
O-02789,F-01420,2025A,2025-01-28,2025-09-30,2520000,302400,2822400
O-02790,F-01420,2025B,2025-07-21,2026-02-28,2017500,242100,2259600
O-02791,F-01421,2025A,2025-02-10,2025-09-30,1045000,125400,1170400
O-02792,F-01421,2026A,2026-02-01,2026-09-30,2008500,241020,2249520
O-02793,F-01422,2026A,2026-02-05,2026-09-30,744000,89280,833280
O-02794,F-01422,2025B,2025-07-30,2026-02-28,1406000,168720,1574720
O-02795,F-01422,2025A,2025-02-19,2025-09-30,2011000,241320,2252320
O-02796,F-01423,2026A,2026-01-13,2026-09-30,3242000,389040,3631040
O-02797,F-01423,2025B,2025-07-11,2026-02-28,1652500,198300,1850800
O-02798,F-01424,2025A,2025-02-09,2025-09-30,2260500,271260,2531760
O-02799,F-01425,2025A,2025-02-15,2025-09-30,1498000,179760,1677760
O-02800,F-01425,2026A,2026-02-15,2026-09-30,1860500,223260,2083760
O-02801,F-01426,2025B,2025-08-01,2026-02-28,461500,55380,516880
O-02802,F-01426,2026A,2026-02-02,2026-09-30,2184000,262080,2446080
O-02803,F-01427,2025B,2025-07-12,2026-02-28,980000,117600,1097600
O-02804,F-01428,2025A,2025-02-08,2025-09-30,892000,107040,999040
O-02805,F-01428,2025B,2025-07-07,2026-02-28,1362000,163440,1525440
O-02806,F-01429,2026A,2026-02-21,2026-09-30,2187000,262440,2449440
O-02807,F-01429,2025A,2025-02-04,2025-09-30,2377000,285240,2662240
O-02808,F-01429,2025B,2025-07-03,2026-02-28,3177000,381240,3558240
O-02809,F-01430,2025A,2025-02-01,2025-09-30,1742000,209040,1951040
O-02810,F-01430,2026A,2026-01-26,2026-09-30,1206500,144780,1351280
O-02811,F-01430,2025B,2025-07-15,2026-02-28,548000,65760,613760
O-02812,F-01431,2025B,2025-07-26,2026-02-28,2216000,265920,2481920
O-02813,F-01432,2025A,2025-01-22,2025-09-30,745000,89400,834400
O-02814,F-01432,2025B,2025-07-03,2026-02-28,1305000,156600,1461600
O-02815,F-01432,2026A,2026-02-14,2026-09-30,2141500,256980,2398480
O-02816,F-01433,2025A,2025-02-14,2025-09-30,2182500,261900,2444400
O-02817,F-01433,2026A,2026-02-14,2026-09-30,878000,105360,983360
O-02818,F-01433,2025B,2025-07-21,2026-02-28,2432500,291900,2724400
O-02819,F-01434,2025A,2025-01-27,2025-09-30,1722000,206640,1928640
O-02820,F-01434,2025B,2025-07-23,2026-02-28,1350500,162060,1512560
O-02821,F-01435,2026A,2026-02-12,2026-09-30,2360000,283200,2643200
O-02822,F-01435,2025A,2025-01-18,2025-09-30,855000,102600,957600
O-02823,F-01436,2025A,2025-02-21,2025-09-30,4021500,482580,4504080
O-02824,F-01436,2026A,2026-02-08,2026-09-30,1220500,146460,1366960
O-02825,F-01437,2026A,2026-02-07,2026-09-30,1447500,173700,1621200
O-02826,F-01438,2025B,2025-08-06,2026-02-28,1605000,192600,1797600
O-02827,F-01438,2025A,2025-01-24,2025-09-30,945000,113400,1058400
O-02828,F-01439,2025B,2025-07-24,2026-02-28,593000,71160,664160
O-02829,F-01440,2025A,2025-01-21,2025-09-30,835000,100200,935200
O-02830,F-01440,2026A,2026-01-19,2026-09-30,1412000,169440,1581440
O-02831,F-01441,2025A,2025-02-15,2025-09-30,1578000,189360,1767360
O-02832,F-01442,2026A,2026-01-23,2026-09-30,966000,115920,1081920
O-02833,F-01442,2025A,2025-02-06,2025-09-30,3983000,477960,4460960
O-02834,F-01442,2025B,2025-07-18,2026-02-28,2375500,285060,2660560
O-02835,F-01443,2026A,2026-02-10,2026-09-30,1856000,222720,2078720
O-02836,F-01444,2025A,2025-02-14,2025-09-30,1550500,186060,1736560
O-02837,F-01444,2026A,2026-01-12,2026-09-30,714000,85680,799680
O-02838,F-01445,2025B,2025-07-18,2026-02-28,1149000,137880,1286880
O-02839,F-01445,2025A,2025-02-13,2025-09-30,1207500,144900,1352400
O-02840,F-01445,2026A,2026-02-08,2026-09-30,1903000,228360,2131360
O-02841,F-01446,2025A,2025-01-30,2025-09-30,781000,93720,874720
O-02842,F-01446,2025B,2025-08-07,2026-02-28,1595000,191400,1786400
O-02843,F-01446,2026A,2026-02-02,2026-09-30,1226000,147120,1373120
O-02844,F-01447,2025A,2025-02-11,2025-09-30,4087000,490440,4577440
O-02845,F-01448,2025A,2025-01-21,2025-09-30,231000,27720,258720
O-02846,F-01448,2025B,2025-07-15,2026-02-28,3251000,390120,3641120
O-02847,F-01448,2026A,2026-01-26,2026-09-30,1840000,220800,2060800
O-02848,F-01449,2025B,2025-07-06,2026-02-28,1980000,237600,2217600
O-02849,F-01450,2025A,2025-02-09,2025-09-30,2505000,300600,2805600
O-02850,F-01451,2025B,2025-08-01,2026-02-28,3432000,411840,3843840
O-02851,F-01452,2025A,2025-02-09,2025-09-30,585500,70260,655760
O-02852,F-01452,2025B,2025-08-04,2026-02-28,3288500,394620,3683120
O-02853,F-01453,2026A,2026-02-09,2026-09-30,722000,86640,808640
O-02854,F-01453,2025B,2025-07-19,2026-02-28,1613500,193620,1807120
O-02855,F-01454,2025A,2025-02-22,2025-09-30,2167500,260100,2427600
O-02856,F-01454,2026A,2026-02-14,2026-09-30,1545000,185400,1730400
O-02857,F-01454,2025B,2025-07-02,2026-02-28,1585500,190260,1775760
O-02858,F-01455,2025A,2025-01-25,2025-09-30,1624500,194940,1819440
O-02859,F-01455,2026A,2026-01-16,2026-09-30,1444500,173340,1617840
O-02860,F-01456,2025A,2025-02-04,2025-09-30,909000,109080,1018080
O-02861,F-01456,2025B,2025-07-16,2026-02-28,3082000,369840,3451840
O-02862,F-01456,2026A,2026-02-21,2026-09-30,1838000,220560,2058560
O-02863,F-01457,2025B,2025-08-05,2026-02-28,1068000,128160,1196160
O-02864,F-01457,2026A,2026-01-18,2026-09-30,2347000,281640,2628640
O-02865,F-01457,2025A,2025-02-10,2025-09-30,800000,96000,896000
O-02866,F-01458,2026A,2026-01-16,2026-09-30,1057000,126840,1183840
O-02867,F-01458,2025B,2025-07-25,2026-02-28,1175000,141000,1316000
O-02868,F-01458,2025A,2025-02-06,2025-09-30,3419000,410280,3829280
O-02869,F-01459,2026A,2026-02-16,2026-09-30,235000,28200,263200
O-02870,F-01459,2025B,2025-08-02,2026-02-28,1397500,167700,1565200
O-02871,F-01460,2025B,2025-08-07,2026-02-28,1122000,134640,1256640
O-02872,F-01460,2026A,2026-02-06,2026-09-30,2870500,344460,3214960
O-02873,F-01460,2025A,2025-02-22,2025-09-30,2142000,257040,2399040
O-02874,F-01461,2025B,2025-07-22,2026-02-28,2808000,336960,3144960
O-02875,F-01461,2025A,2025-02-23,2025-09-30,733500,88020,821520
O-02876,F-01462,2026A,2026-01-17,2026-09-30,1312000,157440,1469440
O-02877,F-01463,2025A,2025-02-19,2025-09-30,1443500,173220,1616720
O-02878,F-01464,2025B,2025-07-17,2026-02-28,300000,36000,336000
O-02879,F-01465,2025A,2025-02-13,2025-09-30,1817000,218040,2035040
O-02880,F-01465,2026A,2026-01-30,2026-09-30,877000,105240,982240
O-02881,F-01465,2025B,2025-07-24,2026-02-28,4160000,499200,4659200
O-02882,F-01466,2026A,2026-01-13,2026-09-30,784000,94080,878080
O-02883,F-01466,2025A,2025-02-20,2025-09-30,1016500,121980,1138480
O-02884,F-01466,2025B,2025-07-01,2026-02-28,2101500,252180,2353680
O-02885,F-01467,2025A,2025-01-27,2025-09-30,3828000,459360,4287360
O-02886,F-01467,2025B,2025-07-02,2026-02-28,816000,97920,913920
O-02887,F-01467,2026A,2026-02-18,2026-09-30,360000,43200,403200
O-02888,F-01468,2025A,2025-01-25,2025-09-30,1964000,235680,2199680
O-02889,F-01469,2025A,2025-02-16,2025-09-30,2958000,354960,3312960
O-02890,F-01469,2026A,2026-01-29,2026-09-30,1491500,178980,1670480
O-02891,F-01469,2025B,2025-07-15,2026-02-28,1513500,181620,1695120
O-02892,F-01470,2025B,2025-07-15,2026-02-28,1059000,127080,1186080
O-02893,F-01471,2026A,2026-01-26,2026-09-30,180000,21600,201600
O-02894,F-01472,2025A,2025-01-17,2025-09-30,1045000,125400,1170400
O-02895,F-01472,2026A,2026-01-12,2026-09-30,1130000,135600,1265600
O-02896,F-01472,2025B,2025-07-17,2026-02-28,1605500,192660,1798160
O-02897,F-01473,2026A,2026-01-16,2026-09-30,1091000,130920,1221920
O-02898,F-01473,2025A,2025-02-05,2025-09-30,2145000,257400,2402400
O-02899,F-01474,2025A,2025-01-24,2025-09-30,1652500,198300,1850800
O-02900,F-01474,2025B,2025-07-26,2026-02-28,744000,89280,833280
O-02901,F-01474,2026A,2026-02-17,2026-09-30,1096000,131520,1227520
O-02902,F-01475,2025B,2025-07-02,2026-02-28,616000,73920,689920
O-02903,F-01475,2026A,2026-02-17,2026-09-30,2073000,248760,2321760
O-02904,F-01475,2025A,2025-02-05,2025-09-30,2169500,260340,2429840
O-02905,F-01476,2026A,2026-01-12,2026-09-30,3637000,436440,4073440
O-02906,F-01477,2025A,2025-02-14,2025-09-30,1656000,198720,1854720
O-02907,F-01477,2026A,2026-02-09,2026-09-30,816000,97920,913920
O-02908,F-01478,2026A,2026-01-25,2026-09-30,1114000,133680,1247680
O-02909,F-01479,2026A,2026-01-18,2026-09-30,539000,64680,603680
O-02910,F-01479,2025A,2025-02-02,2025-09-30,1060000,127200,1187200
O-02911,F-01479,2025B,2025-07-01,2026-02-28,1849000,221880,2070880
O-02912,F-01480,2025A,2025-02-21,2025-09-30,2028000,243360,2271360
O-02913,F-01481,2025B,2025-07-30,2026-02-28,2372500,284700,2657200
O-02914,F-01482,2025A,2025-02-18,2025-09-30,467500,56100,523600
O-02915,F-01482,2025B,2025-07-20,2026-02-28,718000,86160,804160
O-02916,F-01482,2026A,2026-01-27,2026-09-30,887500,106500,994000
O-02917,F-01483,2026A,2026-02-16,2026-09-30,493000,59160,552160
O-02918,F-01483,2025A,2025-01-16,2025-09-30,182500,21900,204400
O-02919,F-01483,2025B,2025-08-03,2026-02-28,1882500,225900,2108400
O-02920,F-01484,2025A,2025-02-14,2025-09-30,1210000,145200,1355200
O-02921,F-01485,2026A,2026-01-12,2026-09-30,880500,105660,986160
O-02922,F-01485,2025A,2025-02-13,2025-09-30,2421000,290520,2711520
O-02923,F-01486,2025A,2025-02-21,2025-09-30,966000,115920,1081920
O-02924,F-01486,2025B,2025-07-07,2026-02-28,1632000,195840,1827840
O-02925,F-01486,2026A,2026-01-22,2026-09-30,2092000,251040,2343040
O-02926,F-01487,2025A,2025-01-19,2025-09-30,1509000,181080,1690080
O-02927,F-01487,2025B,2025-07-22,2026-02-28,1190000,142800,1332800
O-02928,F-01487,2026A,2026-01-12,2026-09-30,731000,87720,818720
O-02929,F-01488,2025A,2025-01-31,2025-09-30,1312000,157440,1469440
O-02930,F-01489,2025B,2025-07-08,2026-02-28,757000,90840,847840
O-02931,F-01489,2026A,2026-02-01,2026-09-30,668000,80160,748160
O-02932,F-01490,2025A,2025-02-02,2025-09-30,1443000,173160,1616160
O-02933,F-01491,2025A,2025-01-23,2025-09-30,897000,107640,1004640
O-02934,F-01491,2026A,2026-02-02,2026-09-30,276000,33120,309120
O-02935,F-01491,2025B,2025-07-29,2026-02-28,1710500,205260,1915760
O-02936,F-01492,2025B,2025-07-30,2026-02-28,988500,118620,1107120
O-02937,F-01492,2026A,2026-01-21,2026-09-30,192000,23040,215040
O-02938,F-01493,2025A,2025-01-18,2025-09-30,2225000,267000,2492000
O-02939,F-01493,2025B,2025-07-29,2026-02-28,2802000,336240,3138240
O-02940,F-01494,2026A,2026-01-23,2026-09-30,565000,67800,632800
O-02941,F-01494,2025B,2025-07-23,2026-02-28,3020000,362400,3382400
O-02942,F-01495,2026A,2026-01-30,2026-09-30,1181000,141720,1322720
O-02943,F-01495,2025A,2025-01-27,2025-09-30,2091000,250920,2341920
O-02944,F-01495,2025B,2025-07-31,2026-02-28,2081000,249720,2330720
O-02945,F-01496,2026A,2026-02-17,2026-09-30,1044000,125280,1169280
O-02946,F-01496,2025B,2025-08-04,2026-02-28,2890500,346860,3237360
O-02947,F-01496,2025A,2025-02-10,2025-09-30,722000,86640,808640
O-02948,F-01497,2025B,2025-07-27,2026-02-28,466000,55920,521920
O-02949,F-01498,2026A,2026-01-24,2026-09-30,1528000,183360,1711360
O-02950,F-01499,2025B,2025-07-27,2026-02-28,277500,33300,310800
O-02951,F-01500,2025B,2025-07-10,2026-02-28,1288500,154620,1443120
O-02952,F-01500,2025A,2025-01-16,2025-09-30,2548000,305760,2853760
O-02953,F-01500,2026A,2026-02-04,2026-09-30,1340000,160800,1500800
O-02954,F-01501,2026A,2026-02-20,2026-09-30,1840000,220800,2060800
O-02955,F-01501,2025B,2025-07-03,2026-02-28,152000,18240,170240
O-02956,F-01501,2025A,2025-01-24,2025-09-30,813500,97620,911120
O-02957,F-01502,2026A,2026-02-10,2026-09-30,803500,96420,899920
O-02958,F-01503,2026A,2026-02-16,2026-09-30,1848500,221820,2070320
O-02959,F-01503,2025B,2025-07-22,2026-02-28,352000,42240,394240
O-02960,F-01503,2025A,2025-02-20,2025-09-30,896000,107520,1003520
O-02961,F-01504,2025A,2025-01-27,2025-09-30,3881000,465720,4346720
O-02962,F-01504,2025B,2025-07-06,2026-02-28,1406500,168780,1575280
O-02963,F-01505,2026A,2026-01-26,2026-09-30,2142000,257040,2399040
O-02964,F-01505,2025A,2025-02-03,2025-09-30,2779000,333480,3112480
O-02965,F-01505,2025B,2025-07-13,2026-02-28,1354500,162540,1517040
O-02966,F-01506,2026A,2026-01-22,2026-09-30,1714000,205680,1919680
O-02967,F-01506,2025B,2025-07-08,2026-02-28,1358000,162960,1520960
O-02968,F-01506,2025A,2025-02-21,2025-09-30,1465000,175800,1640800
O-02969,F-01507,2025B,2025-08-05,2026-02-28,804000,96480,900480
O-02970,F-01507,2026A,2026-02-18,2026-09-30,1786500,214380,2000880
O-02971,F-01507,2025A,2025-02-02,2025-09-30,2073000,248760,2321760
O-02972,F-01508,2026A,2026-01-28,2026-09-30,731500,87780,819280
O-02973,F-01508,2025B,2025-07-16,2026-02-28,2664000,319680,2983680
O-02974,F-01508,2025A,2025-01-22,2025-09-30,1926000,231120,2157120
O-02975,F-01509,2025B,2025-07-04,2026-02-28,2542000,305040,2847040
O-02976,F-01509,2025A,2025-02-03,2025-09-30,368500,44220,412720
O-02977,F-01510,2025A,2025-01-17,2025-09-30,1686000,202320,1888320
O-02978,F-01511,2026A,2026-02-12,2026-09-30,1244500,149340,1393840
O-02979,F-01511,2025B,2025-07-06,2026-02-28,1515000,181800,1696800
O-02980,F-01511,2025A,2025-01-21,2025-09-30,571500,68580,640080
O-02981,F-01512,2025A,2025-01-26,2025-09-30,848500,101820,950320
O-02982,F-01512,2026A,2026-01-22,2026-09-30,3186000,382320,3568320
O-02983,F-01513,2026A,2026-02-10,2026-09-30,2717000,326040,3043040
O-02984,F-01513,2025B,2025-07-23,2026-02-28,1815000,217800,2032800
O-02985,F-01514,2025A,2025-02-14,2025-09-30,681000,81720,762720
O-02986,F-01514,2025B,2025-08-06,2026-02-28,1273000,152760,1425760
O-02987,F-01514,2026A,2026-02-05,2026-09-30,2606500,312780,2919280
O-02988,F-01515,2025A,2025-01-30,2025-09-30,1155500,138660,1294160
O-02989,F-01515,2025B,2025-07-03,2026-02-28,1688000,202560,1890560
O-02990,F-01515,2026A,2026-02-14,2026-09-30,1422000,170640,1592640
O-02991,F-01516,2025A,2025-02-16,2025-09-30,1202000,144240,1346240
O-02992,F-01516,2026A,2026-01-28,2026-09-30,1865000,223800,2088800
O-02993,F-01516,2025B,2025-07-01,2026-02-28,2917000,350040,3267040
O-02994,F-01517,2025B,2025-07-02,2026-02-28,1826000,219120,2045120
O-02995,F-01517,2025A,2025-01-16,2025-09-30,1312000,157440,1469440
O-02996,F-01518,2025B,2025-07-13,2026-02-28,1470000,176400,1646400
O-02997,F-01518,2026A,2026-01-19,2026-09-30,1353000,162360,1515360
O-02998,F-01519,2025B,2025-07-10,2026-02-28,1085000,130200,1215200
O-02999,F-01519,2025A,2025-02-12,2025-09-30,925000,111000,1036000
O-03000,F-01520,2026A,2026-02-15,2026-09-30,645000,77400,722400
O-03001,F-01521,2025A,2025-01-29,2025-09-30,1793500,215220,2008720
O-03002,F-01521,2026A,2026-01-16,2026-09-30,730000,87600,817600
O-03003,F-01521,2025B,2025-07-07,2026-02-28,527000,63240,590240
O-03004,F-01522,2025B,2025-08-06,2026-02-28,2061000,247320,2308320
O-03005,F-01523,2026A,2026-01-26,2026-09-30,3334500,400140,3734640
O-03006,F-01524,2025B,2025-07-05,2026-02-28,1555000,186600,1741600
O-03007,F-01524,2025A,2025-02-12,2025-09-30,1158000,138960,1296960
O-03008,F-01525,2025B,2025-08-02,2026-02-28,164000,19680,183680
O-03009,F-01525,2025A,2025-01-17,2025-09-30,1260000,151200,1411200
O-03010,F-01525,2026A,2026-02-07,2026-09-30,3471000,416520,3887520
O-03011,F-01526,2025B,2025-07-26,2026-02-28,1146500,137580,1284080
O-03012,F-01527,2025A,2025-01-20,2025-09-30,413000,49560,462560
O-03013,F-01527,2026A,2026-02-18,2026-09-30,2926500,351180,3277680
O-03014,F-01527,2025B,2025-08-02,2026-02-28,1102000,132240,1234240
O-03015,F-01528,2026A,2026-02-18,2026-09-30,1726000,207120,1933120
O-03016,F-01528,2025B,2025-07-31,2026-02-28,788000,94560,882560
O-03017,F-01529,2025A,2025-02-17,2025-09-30,2343000,281160,2624160
O-03018,F-01529,2026A,2026-02-03,2026-09-30,884500,106140,990640
O-03019,F-01529,2025B,2025-08-03,2026-02-28,1932000,231840,2163840
O-03020,F-01530,2026A,2026-02-12,2026-09-30,1147000,137640,1284640
O-03021,F-01530,2025B,2025-07-08,2026-02-28,1077000,129240,1206240
O-03022,F-01531,2025B,2025-08-09,2026-02-28,1122000,134640,1256640
O-03023,F-01532,2025B,2025-07-15,2026-02-28,1210500,145260,1355760
O-03024,F-01532,2026A,2026-01-31,2026-09-30,1781500,213780,1995280
O-03025,F-01532,2025A,2025-02-12,2025-09-30,596000,71520,667520
O-03026,F-01533,2025A,2025-01-29,2025-09-30,196000,23520,219520
O-03027,F-01533,2025B,2025-07-23,2026-02-28,1076000,129120,1205120
O-03028,F-01534,2026A,2026-02-07,2026-09-30,1278500,153420,1431920
O-03029,F-01535,2026A,2026-02-05,2026-09-30,334000,40080,374080
O-03030,F-01536,2026A,2026-01-21,2026-09-30,1921000,230520,2151520
O-03031,F-01536,2025B,2025-07-18,2026-02-28,1794000,215280,2009280
O-03032,F-01537,2025B,2025-08-09,2026-02-28,422500,50700,473200
O-03033,F-01538,2025A,2025-02-20,2025-09-30,947000,113640,1060640
O-03034,F-01538,2025B,2025-07-09,2026-02-28,325000,39000,364000
O-03035,F-01538,2026A,2026-02-10,2026-09-30,2077500,249300,2326800
O-03036,F-01539,2025B,2025-08-03,2026-02-28,1335000,160200,1495200
O-03037,F-01540,2026A,2026-01-13,2026-09-30,971000,116520,1087520
O-03038,F-01541,2026A,2026-02-13,2026-09-30,1107000,132840,1239840
O-03039,F-01542,2025A,2025-02-05,2025-09-30,2039500,244740,2284240
O-03040,F-01543,2025A,2025-02-17,2025-09-30,1695000,203400,1898400
O-03041,F-01544,2025A,2025-02-24,2025-09-30,1530000,183600,1713600
O-03042,F-01544,2025B,2025-07-01,2026-02-28,937000,112440,1049440
O-03043,F-01544,2026A,2026-02-20,2026-09-30,3094000,371280,3465280
O-03044,F-01545,2025B,2025-07-10,2026-02-28,3105500,372660,3478160
O-03045,F-01546,2025A,2025-02-10,2025-09-30,3175000,381000,3556000
O-03046,F-01546,2026A,2026-01-23,2026-09-30,467500,56100,523600
O-03047,F-01547,2025B,2025-07-24,2026-02-28,1457500,174900,1632400
O-03048,F-01548,2026A,2026-02-02,2026-09-30,4618000,554160,5172160
O-03049,F-01549,2025A,2025-02-04,2025-09-30,1260000,151200,1411200
O-03050,F-01549,2025B,2025-07-03,2026-02-28,1756500,210780,1967280
O-03051,F-01549,2026A,2026-01-13,2026-09-30,118000,14160,132160
O-03052,F-01550,2026A,2026-02-14,2026-09-30,3163000,379560,3542560
O-03053,F-01550,2025A,2025-02-24,2025-09-30,1999000,239880,2238880
O-03054,F-01551,2026A,2026-01-31,2026-09-30,2143000,257160,2400160
O-03055,F-01552,2026A,2026-02-01,2026-09-30,208000,24960,232960
O-03056,F-01553,2025A,2025-02-01,2025-09-30,2020000,242400,2262400
O-03057,F-01553,2026A,2026-01-28,2026-09-30,1890000,226800,2116800
O-03058,F-01553,2025B,2025-08-10,2026-02-28,1215000,145800,1360800
O-03059,F-01554,2026A,2026-01-14,2026-09-30,2363000,283560,2646560
O-03060,F-01555,2025A,2025-02-08,2025-09-30,4155000,498600,4653600
O-03061,F-01556,2026A,2026-01-17,2026-09-30,659500,79140,738640
O-03062,F-01556,2025A,2025-01-27,2025-09-30,1684000,202080,1886080
O-03063,F-01557,2025A,2025-02-19,2025-09-30,305000,36600,341600
O-03064,F-01557,2026A,2026-02-15,2026-09-30,3351000,402120,3753120
O-03065,F-01557,2025B,2025-07-23,2026-02-28,3281000,393720,3674720
O-03066,F-01558,2025B,2025-07-15,2026-02-28,2368000,284160,2652160
O-03067,F-01558,2025A,2025-02-18,2025-09-30,693000,83160,776160
O-03068,F-01558,2026A,2026-02-21,2026-09-30,1381000,165720,1546720
O-03069,F-01559,2025A,2025-01-27,2025-09-30,1269500,152340,1421840
O-03070,F-01559,2025B,2025-08-06,2026-02-28,1983000,237960,2220960
O-03071,F-01559,2026A,2026-02-15,2026-09-30,2793000,335160,3128160
O-03072,F-01560,2025B,2025-07-24,2026-02-28,2030500,243660,2274160
O-03073,F-01560,2025A,2025-01-30,2025-09-30,2263000,271560,2534560
O-03074,F-01561,2025A,2025-01-18,2025-09-30,1237000,148440,1385440
O-03075,F-01562,2025B,2025-08-05,2026-02-28,1098500,131820,1230320
O-03076,F-01562,2026A,2026-02-19,2026-09-30,2187000,262440,2449440
O-03077,F-01562,2025A,2025-02-13,2025-09-30,3253500,390420,3643920
O-03078,F-01563,2026A,2026-01-29,2026-09-30,1597000,191640,1788640
O-03079,F-01563,2025B,2025-07-16,2026-02-28,2269000,272280,2541280
O-03080,F-01564,2026A,2026-01-20,2026-09-30,2500000,300000,2800000
O-03081,F-01564,2025A,2025-02-03,2025-09-30,940000,112800,1052800
O-03082,F-01564,2025B,2025-08-02,2026-02-28,2619000,314280,2933280
O-03083,F-01565,2025A,2025-02-12,2025-09-30,1434500,172140,1606640
O-03084,F-01565,2026A,2026-02-21,2026-09-30,1227500,147300,1374800
O-03085,F-01566,2025B,2025-07-02,2026-02-28,1565500,187860,1753360
O-03086,F-01566,2025A,2025-01-25,2025-09-30,3122000,374640,3496640
O-03087,F-01567,2025B,2025-07-10,2026-02-28,1256500,150780,1407280
O-03088,F-01568,2026A,2026-01-18,2026-09-30,1321000,158520,1479520
O-03089,F-01568,2025B,2025-07-23,2026-02-28,741000,88920,829920
O-03090,F-01569,2026A,2026-01-18,2026-09-30,935000,112200,1047200
O-03091,F-01570,2026A,2026-02-21,2026-09-30,741500,88980,830480
O-03092,F-01571,2025A,2025-01-30,2025-09-30,2585000,310200,2895200
O-03093,F-01572,2025B,2025-07-23,2026-02-28,2455000,294600,2749600
O-03094,F-01572,2026A,2026-01-15,2026-09-30,759000,91080,850080
O-03095,F-01573,2026A,2026-01-18,2026-09-30,901500,108180,1009680
O-03096,F-01574,2025B,2025-07-14,2026-02-28,1242000,149040,1391040
O-03097,F-01574,2025A,2025-01-15,2025-09-30,715000,85800,800800
O-03098,F-01575,2025A,2025-01-30,2025-09-30,2898000,347760,3245760
O-03099,F-01575,2026A,2026-02-01,2026-09-30,2665000,319800,2984800
O-03100,F-01575,2025B,2025-07-29,2026-02-28,397000,47640,444640
O-03101,F-01576,2026A,2026-02-10,2026-09-30,1648000,197760,1845760
O-03102,F-01576,2025B,2025-08-05,2026-02-28,2319000,278280,2597280
O-03103,F-01577,2025A,2025-01-25,2025-09-30,2212000,265440,2477440
O-03104,F-01577,2026A,2026-02-19,2026-09-30,2850000,342000,3192000
O-03105,F-01578,2026A,2026-02-15,2026-09-30,2176000,261120,2437120
O-03106,F-01578,2025B,2025-07-14,2026-02-28,551000,66120,617120
O-03107,F-01578,2025A,2025-01-18,2025-09-30,1120500,134460,1254960
O-03108,F-01579,2025A,2025-01-30,2025-09-30,291000,34920,325920
O-03109,F-01579,2025B,2025-08-10,2026-02-28,1381000,165720,1546720
O-03110,F-01580,2026A,2026-02-11,2026-09-30,1298000,155760,1453760
O-03111,F-01581,2026A,2026-01-24,2026-09-30,2366500,283980,2650480
O-03112,F-01582,2026A,2026-01-18,2026-09-30,2332000,279840,2611840
O-03113,F-01582,2025B,2025-07-04,2026-02-28,1864000,223680,2087680
O-03114,F-01583,2025A,2025-02-18,2025-09-30,260000,31200,291200
O-03115,F-01583,2025B,2025-08-05,2026-02-28,423000,50760,473760
O-03116,F-01583,2026A,2026-02-13,2026-09-30,281000,33720,314720
O-03117,F-01584,2026A,2026-01-26,2026-09-30,1985000,238200,2223200
O-03118,F-01584,2025A,2025-02-08,2025-09-30,1361000,163320,1524320
O-03119,F-01584,2025B,2025-07-04,2026-02-28,409000,49080,458080
O-03120,F-01585,2025A,2025-02-15,2025-09-30,504000,60480,564480
O-03121,F-01585,2025B,2025-07-20,2026-02-28,487500,58500,546000
O-03122,F-01585,2026A,2026-02-09,2026-09-30,1402500,168300,1570800
O-03123,F-01586,2025B,2025-07-19,2026-02-28,718000,86160,804160
O-03124,F-01586,2025A,2025-02-08,2025-09-30,355500,42660,398160
O-03125,F-01586,2026A,2026-02-20,2026-09-30,2456000,294720,2750720
O-03126,F-01587,2025B,2025-07-29,2026-02-28,1175000,141000,1316000
O-03127,F-01588,2025A,2025-02-20,2025-09-30,818000,98160,916160
O-03128,F-01588,2025B,2025-07-12,2026-02-28,770000,92400,862400
O-03129,F-01589,2025A,2025-02-18,2025-09-30,259000,31080,290080
O-03130,F-01589,2026A,2026-01-12,2026-09-30,1555000,186600,1741600
O-03131,F-01590,2025A,2025-02-09,2025-09-30,328500,39420,367920
O-03132,F-01591,2025B,2025-07-10,2026-02-28,1911000,229320,2140320
O-03133,F-01591,2025A,2025-02-10,2025-09-30,935000,112200,1047200
O-03134,F-01592,2025B,2025-07-25,2026-02-28,766000,91920,857920
O-03135,F-01593,2025A,2025-02-22,2025-09-30,1758500,211020,1969520
O-03136,F-01593,2026A,2026-01-15,2026-09-30,1635500,196260,1831760
O-03137,F-01594,2026A,2026-01-14,2026-09-30,1519000,182280,1701280
O-03138,F-01595,2026A,2026-01-26,2026-09-30,1842000,221040,2063040
O-03139,F-01596,2025A,2025-02-21,2025-09-30,1445500,173460,1618960
O-03140,F-01597,2026A,2026-01-16,2026-09-30,2426000,291120,2717120
O-03141,F-01597,2025A,2025-02-09,2025-09-30,3194000,383280,3577280
O-03142,F-01598,2025B,2025-07-11,2026-02-28,3304000,396480,3700480
O-03143,F-01598,2025A,2025-01-28,2025-09-30,4029000,483480,4512480
O-03144,F-01598,2026A,2026-02-07,2026-09-30,1610000,193200,1803200
O-03145,F-01599,2026A,2026-01-20,2026-09-30,1436000,172320,1608320
O-03146,F-01599,2025B,2025-07-28,2026-02-28,752500,90300,842800
O-03147,F-01600,2026A,2026-01-30,2026-09-30,1147000,137640,1284640
O-03148,F-01601,2025A,2025-02-04,2025-09-30,806000,96720,902720
O-03149,F-01601,2026A,2026-01-15,2026-09-30,2031000,243720,2274720
O-03150,F-01601,2025B,2025-07-06,2026-02-28,2929000,351480,3280480
O-03151,F-01602,2025A,2025-01-17,2025-09-30,2010000,241200,2251200
O-03152,F-01602,2025B,2025-07-13,2026-02-28,2304000,276480,2580480
O-03153,F-01603,2025A,2025-02-04,2025-09-30,2198000,263760,2461760
O-03154,F-01603,2025B,2025-07-23,2026-02-28,958000,114960,1072960
O-03155,F-01603,2026A,2026-02-10,2026-09-30,3252500,390300,3642800
O-03156,F-01604,2025B,2025-07-22,2026-02-28,152000,18240,170240
O-03157,F-01604,2025A,2025-01-21,2025-09-30,1843000,221160,2064160
O-03158,F-01604,2026A,2026-01-13,2026-09-30,2540500,304860,2845360
O-03159,F-01605,2025A,2025-02-03,2025-09-30,1588000,190560,1778560
O-03160,F-01606,2026A,2026-02-21,2026-09-30,2295000,275400,2570400
O-03161,F-01606,2025A,2025-02-14,2025-09-30,549000,65880,614880
O-03162,F-01606,2025B,2025-07-30,2026-02-28,2526000,303120,2829120
O-03163,F-01607,2025A,2025-01-18,2025-09-30,431000,51720,482720
O-03164,F-01607,2026A,2026-01-13,2026-09-30,171000,20520,191520
O-03165,F-01607,2025B,2025-07-03,2026-02-28,266500,31980,298480
O-03166,F-01608,2025B,2025-07-20,2026-02-28,1437500,172500,1610000
O-03167,F-01608,2026A,2026-02-07,2026-09-30,751000,90120,841120
O-03168,F-01609,2026A,2026-02-18,2026-09-30,717000,86040,803040
O-03169,F-01609,2025A,2025-01-25,2025-09-30,668000,80160,748160
O-03170,F-01609,2025B,2025-07-26,2026-02-28,3847500,461700,4309200
O-03171,F-01610,2026A,2026-02-07,2026-09-30,2626500,315180,2941680
O-03172,F-01611,2025B,2025-07-06,2026-02-28,1733000,207960,1940960
O-03173,F-01611,2026A,2026-01-25,2026-09-30,1102000,132240,1234240
O-03174,F-01611,2025A,2025-02-09,2025-09-30,1433000,171960,1604960
O-03175,F-01612,2025A,2025-02-16,2025-09-30,431000,51720,482720
O-03176,F-01613,2026A,2026-01-31,2026-09-30,1871500,224580,2096080
O-03177,F-01613,2025A,2025-02-22,2025-09-30,281000,33720,314720
O-03178,F-01614,2025A,2025-02-12,2025-09-30,531000,63720,594720
O-03179,F-01614,2026A,2026-02-04,2026-09-30,1350000,162000,1512000
O-03180,F-01615,2025A,2025-01-15,2025-09-30,2049000,245880,2294880
O-03181,F-01615,2026A,2026-01-27,2026-09-30,2386000,286320,2672320
O-03182,F-01615,2025B,2025-07-13,2026-02-28,460000,55200,515200
O-03183,F-01616,2025B,2025-07-03,2026-02-28,3258000,390960,3648960
O-03184,F-01616,2025A,2025-02-02,2025-09-30,1376000,165120,1541120
O-03185,F-01616,2026A,2026-02-01,2026-09-30,573000,68760,641760
O-03186,F-01617,2026A,2026-02-08,2026-09-30,466000,55920,521920
O-03187,F-01617,2025B,2025-07-29,2026-02-28,230000,27600,257600
O-03188,F-01618,2025A,2025-02-07,2025-09-30,2902000,348240,3250240
O-03189,F-01618,2026A,2026-02-11,2026-09-30,409500,49140,458640
O-03190,F-01618,2025B,2025-07-18,2026-02-28,1185500,142260,1327760
O-03191,F-01619,2025A,2025-01-15,2025-09-30,1122500,134700,1257200
O-03192,F-01619,2025B,2025-07-18,2026-02-28,126000,15120,141120
O-03193,F-01620,2025A,2025-01-20,2025-09-30,3213000,385560,3598560
O-03194,F-01620,2026A,2026-01-20,2026-09-30,661000,79320,740320
O-03195,F-01620,2025B,2025-07-21,2026-02-28,198500,23820,222320
O-03196,F-01621,2026A,2026-01-20,2026-09-30,2365500,283860,2649360
O-03197,F-01622,2026A,2026-01-16,2026-09-30,2537500,304500,2842000
O-03198,F-01622,2025A,2025-02-18,2025-09-30,1412500,169500,1582000
O-03199,F-01622,2025B,2025-08-08,2026-02-28,3425000,411000,3836000
O-03200,F-01623,2026A,2026-01-24,2026-09-30,1366000,163920,1529920
O-03201,F-01624,2026A,2026-01-15,2026-09-30,1358000,162960,1520960
O-03202,F-01624,2025B,2025-07-02,2026-02-28,3039000,364680,3403680
O-03203,F-01625,2025B,2025-07-21,2026-02-28,571000,68520,639520
O-03204,F-01625,2026A,2026-02-17,2026-09-30,3628000,435360,4063360
O-03205,F-01625,2025A,2025-02-05,2025-09-30,1800000,216000,2016000
O-03206,F-01626,2025A,2025-02-20,2025-09-30,2010000,241200,2251200
O-03207,F-01626,2026A,2026-01-20,2026-09-30,1903500,228420,2131920
O-03208,F-01627,2025A,2025-02-11,2025-09-30,2655000,318600,2973600
O-03209,F-01628,2025B,2025-07-22,2026-02-28,154000,18480,172480
O-03210,F-01629,2026A,2026-02-07,2026-09-30,1095500,131460,1226960
O-03211,F-01629,2025A,2025-02-14,2025-09-30,1580500,189660,1770160
O-03212,F-01630,2025B,2025-07-27,2026-02-28,1363000,163560,1526560
O-03213,F-01630,2025A,2025-02-23,2025-09-30,1306000,156720,1462720
O-03214,F-01630,2026A,2026-02-13,2026-09-30,643500,77220,720720
O-03215,F-01631,2025A,2025-02-23,2025-09-30,2668000,320160,2988160
O-03216,F-01631,2026A,2026-01-23,2026-09-30,1592000,191040,1783040
O-03217,F-01631,2025B,2025-07-16,2026-02-28,92500,11100,103600
O-03218,F-01632,2026A,2026-02-20,2026-09-30,817000,98040,915040
O-03219,F-01632,2025B,2025-08-06,2026-02-28,973000,116760,1089760
O-03220,F-01633,2025A,2025-02-02,2025-09-30,2363000,283560,2646560
O-03221,F-01633,2026A,2026-02-21,2026-09-30,1226000,147120,1373120
O-03222,F-01633,2025B,2025-07-07,2026-02-28,1135000,136200,1271200
O-03223,F-01634,2025B,2025-07-15,2026-02-28,2934000,352080,3286080
O-03224,F-01634,2025A,2025-02-24,2025-09-30,2285500,274260,2559760
O-03225,F-01635,2026A,2026-01-24,2026-09-30,1280500,153660,1434160
O-03226,F-01635,2025A,2025-02-12,2025-09-30,927000,111240,1038240
O-03227,F-01636,2025A,2025-02-07,2025-09-30,576000,69120,645120
O-03228,F-01636,2026A,2026-02-21,2026-09-30,2180500,261660,2442160
O-03229,F-01637,2026A,2026-01-23,2026-09-30,2321000,278520,2599520
O-03230,F-01638,2025A,2025-02-23,2025-09-30,746000,89520,835520
O-03231,F-01639,2025B,2025-07-30,2026-02-28,1113000,133560,1246560
O-03232,F-01640,2025B,2025-07-25,2026-02-28,417000,50040,467040
O-03233,F-01640,2026A,2026-02-16,2026-09-30,2236500,268380,2504880
O-03234,F-01640,2025A,2025-01-24,2025-09-30,3246000,389520,3635520
O-03235,F-01641,2026A,2026-02-06,2026-09-30,1147000,137640,1284640
O-03236,F-01641,2025B,2025-07-10,2026-02-28,2264000,271680,2535680
O-03237,F-01642,2025A,2025-02-11,2025-09-30,2788000,334560,3122560
O-03238,F-01642,2026A,2026-01-14,2026-09-30,2015500,241860,2257360
O-03239,F-01642,2025B,2025-07-18,2026-02-28,2765000,331800,3096800
O-03240,F-01643,2025A,2025-02-01,2025-09-30,199500,23940,223440
O-03241,F-01643,2026A,2026-02-19,2026-09-30,1034000,124080,1158080
O-03242,F-01644,2026A,2026-01-12,2026-09-30,2810000,337200,3147200
O-03243,F-01644,2025B,2025-07-14,2026-02-28,2421000,290520,2711520
O-03244,F-01645,2026A,2026-02-14,2026-09-30,1966000,235920,2201920
O-03245,F-01646,2025B,2025-07-13,2026-02-28,1066000,127920,1193920
O-03246,F-01646,2025A,2025-02-02,2025-09-30,910000,109200,1019200
O-03247,F-01647,2025A,2025-02-23,2025-09-30,2821000,338520,3159520
O-03248,F-01647,2025B,2025-07-06,2026-02-28,1279500,153540,1433040
O-03249,F-01647,2026A,2026-02-18,2026-09-30,1052000,126240,1178240
O-03250,F-01648,2025B,2025-08-02,2026-02-28,779000,93480,872480
O-03251,F-01649,2025A,2025-02-07,2025-09-30,117000,14040,131040
O-03252,F-01649,2026A,2026-02-08,2026-09-30,1722500,206700,1929200
O-03253,F-01649,2025B,2025-07-09,2026-02-28,810500,97260,907760
O-03254,F-01650,2025B,2025-07-17,2026-02-28,702500,84300,786800
O-03255,F-01650,2026A,2026-02-15,2026-09-30,294000,35280,329280
O-03256,F-01651,2025B,2025-07-31,2026-02-28,793500,95220,888720
O-03257,F-01651,2025A,2025-01-15,2025-09-30,2887000,346440,3233440
O-03258,F-01652,2025B,2025-07-22,2026-02-28,2814500,337740,3152240
O-03259,F-01653,2025B,2025-08-07,2026-02-28,1009000,121080,1130080
O-03260,F-01654,2025B,2025-08-02,2026-02-28,1155500,138660,1294160
O-03261,F-01654,2026A,2026-02-15,2026-09-30,733000,87960,820960
O-03262,F-01654,2025A,2025-01-26,2025-09-30,243000,29160,272160
O-03263,F-01655,2025B,2025-07-24,2026-02-28,388500,46620,435120
O-03264,F-01655,2026A,2026-02-15,2026-09-30,1654000,198480,1852480
O-03265,F-01655,2025A,2025-02-12,2025-09-30,2060500,247260,2307760
O-03266,F-01656,2025B,2025-08-08,2026-02-28,2998500,359820,3358320
O-03267,F-01656,2026A,2026-01-29,2026-09-30,880000,105600,985600
O-03268,F-01656,2025A,2025-02-12,2025-09-30,2837000,340440,3177440
O-03269,F-01657,2026A,2026-01-28,2026-09-30,2505000,300600,2805600
O-03270,F-01658,2025B,2025-07-22,2026-02-28,1104000,132480,1236480
O-03271,F-01659,2026A,2026-02-06,2026-09-30,2350000,282000,2632000
O-03272,F-01660,2025A,2025-02-19,2025-09-30,723000,86760,809760
O-03273,F-01660,2025B,2025-07-23,2026-02-28,2169000,260280,2429280
O-03274,F-01661,2026A,2026-01-12,2026-09-30,3066000,367920,3433920
O-03275,F-01661,2025A,2025-01-26,2025-09-30,702500,84300,786800
O-03276,F-01661,2025B,2025-08-10,2026-02-28,1045000,125400,1170400
O-03277,F-01662,2026A,2026-01-27,2026-09-30,796000,95520,891520
O-03278,F-01662,2025B,2025-07-29,2026-02-28,2150500,258060,2408560
O-03279,F-01663,2026A,2026-02-21,2026-09-30,281000,33720,314720
O-03280,F-01663,2025A,2025-02-09,2025-09-30,860500,103260,963760
O-03281,F-01663,2025B,2025-07-14,2026-02-28,1810000,217200,2027200
O-03282,F-01664,2025B,2025-07-07,2026-02-28,1112000,133440,1245440
O-03283,F-01664,2026A,2026-01-28,2026-09-30,1965000,235800,2200800
O-03284,F-01664,2025A,2025-01-27,2025-09-30,811000,97320,908320
O-03285,F-01665,2025B,2025-07-13,2026-02-28,2985000,358200,3343200
O-03286,F-01665,2026A,2026-01-26,2026-09-30,2222000,266640,2488640
O-03287,F-01665,2025A,2025-02-05,2025-09-30,2021000,242520,2263520
O-03288,F-01666,2025A,2025-02-15,2025-09-30,2471500,296580,2768080
O-03289,F-01666,2025B,2025-08-02,2026-02-28,1360000,163200,1523200
O-03290,F-01667,2025B,2025-07-01,2026-02-28,483500,58020,541520
O-03291,F-01667,2026A,2026-01-18,2026-09-30,3241000,388920,3629920
O-03292,F-01668,2026A,2026-01-27,2026-09-30,2280000,273600,2553600
O-03293,F-01668,2025A,2025-01-30,2025-09-30,2900000,348000,3248000
O-03294,F-01669,2025A,2025-02-09,2025-09-30,361000,43320,404320
O-03295,F-01670,2025A,2025-01-21,2025-09-30,1903500,228420,2131920
O-03296,F-01670,2025B,2025-07-17,2026-02-28,1587000,190440,1777440
O-03297,F-01670,2026A,2026-01-16,2026-09-30,431000,51720,482720
O-03298,F-01671,2025B,2025-07-03,2026-02-28,1793500,215220,2008720
O-03299,F-01671,2025A,2025-02-03,2025-09-30,2745000,329400,3074400
O-03300,F-01671,2026A,2026-01-27,2026-09-30,606000,72720,678720
O-03301,F-01672,2025A,2025-02-05,2025-09-30,836500,100380,936880
O-03302,F-01673,2025A,2025-02-16,2025-09-30,2426000,291120,2717120
O-03303,F-01673,2025B,2025-07-27,2026-02-28,1070500,128460,1198960
O-03304,F-01674,2025A,2025-01-27,2025-09-30,1059000,127080,1186080
O-03305,F-01674,2025B,2025-07-16,2026-02-28,3140000,376800,3516800
O-03306,F-01675,2026A,2026-01-24,2026-09-30,3529000,423480,3952480
O-03307,F-01675,2025A,2025-02-24,2025-09-30,686000,82320,768320
O-03308,F-01675,2025B,2025-08-03,2026-02-28,2102000,252240,2354240
O-03309,F-01676,2025A,2025-01-23,2025-09-30,2345500,281460,2626960
O-03310,F-01676,2026A,2026-01-20,2026-09-30,1037500,124500,1162000
O-03311,F-01677,2025A,2025-02-21,2025-09-30,3657000,438840,4095840
O-03312,F-01678,2025B,2025-07-14,2026-02-28,163000,19560,182560
O-03313,F-01678,2025A,2025-02-08,2025-09-30,912000,109440,1021440
O-03314,F-01679,2026A,2026-01-13,2026-09-30,413000,49560,462560
O-03315,F-01679,2025A,2025-01-16,2025-09-30,2290000,274800,2564800
O-03316,F-01679,2025B,2025-07-18,2026-02-28,2755000,330600,3085600
O-03317,F-01680,2026A,2026-02-21,2026-09-30,1587500,190500,1778000
O-03318,F-01680,2025B,2025-08-03,2026-02-28,1998000,239760,2237760
O-03319,F-01680,2025A,2025-02-06,2025-09-30,1402000,168240,1570240
O-03320,F-01681,2025A,2025-02-03,2025-09-30,250500,30060,280560
O-03321,F-01681,2025B,2025-08-02,2026-02-28,1085000,130200,1215200
O-03322,F-01682,2025B,2025-07-14,2026-02-28,1374000,164880,1538880
O-03323,F-01682,2026A,2026-02-03,2026-09-30,2907000,348840,3255840
O-03324,F-01682,2025A,2025-02-03,2025-09-30,941000,112920,1053920
O-03325,F-01683,2026A,2026-02-05,2026-09-30,1917000,230040,2147040
O-03326,F-01684,2026A,2026-01-27,2026-09-30,1769000,212280,1981280
O-03327,F-01684,2025B,2025-07-10,2026-02-28,2223000,266760,2489760
O-03328,F-01684,2025A,2025-01-26,2025-09-30,400000,48000,448000
O-03329,F-01685,2025A,2025-02-11,2025-09-30,1006000,120720,1126720
O-03330,F-01685,2025B,2025-07-19,2026-02-28,1787000,214440,2001440
O-03331,F-01686,2025A,2025-01-26,2025-09-30,345000,41400,386400
O-03332,F-01687,2025A,2025-02-21,2025-09-30,2191500,262980,2454480
O-03333,F-01687,2026A,2026-01-29,2026-09-30,1235000,148200,1383200
O-03334,F-01688,2025B,2025-07-04,2026-02-28,3438000,412560,3850560
O-03335,F-01688,2026A,2026-01-16,2026-09-30,849000,101880,950880
O-03336,F-01689,2025A,2025-02-18,2025-09-30,3621000,434520,4055520
O-03337,F-01689,2026A,2026-02-08,2026-09-30,2319000,278280,2597280
O-03338,F-01690,2025B,2025-07-28,2026-02-28,3016000,361920,3377920
O-03339,F-01691,2026A,2026-01-17,2026-09-30,316000,37920,353920
O-03340,F-01691,2025B,2025-07-12,2026-02-28,370000,44400,414400
O-03341,F-01691,2025A,2025-01-22,2025-09-30,733000,87960,820960
O-03342,F-01692,2026A,2026-01-21,2026-09-30,1023000,122760,1145760
O-03343,F-01693,2025A,2025-01-26,2025-09-30,2072000,248640,2320640
O-03344,F-01694,2025B,2025-07-29,2026-02-28,2449500,293940,2743440
O-03345,F-01695,2025A,2025-02-21,2025-09-30,2760000,331200,3091200
O-03346,F-01695,2025B,2025-08-02,2026-02-28,2092000,251040,2343040
O-03347,F-01695,2026A,2026-02-13,2026-09-30,738000,88560,826560
O-03348,F-01696,2025A,2025-01-25,2025-09-30,1806000,216720,2022720
O-03349,F-01697,2025A,2025-02-22,2025-09-30,1516500,181980,1698480
O-03350,F-01697,2025B,2025-07-31,2026-02-28,729000,87480,816480
O-03351,F-01698,2025B,2025-08-07,2026-02-28,1860000,223200,2083200
O-03352,F-01698,2026A,2026-02-16,2026-09-30,2116000,253920,2369920
O-03353,F-01699,2025B,2025-07-12,2026-02-28,1435000,172200,1607200
O-03354,F-01699,2026A,2026-02-01,2026-09-30,443500,53220,496720
O-03355,F-01700,2025B,2025-07-28,2026-02-28,129000,15480,144480
O-03356,F-01701,2025B,2025-07-30,2026-02-28,815000,97800,912800
O-03357,F-01702,2025B,2025-08-07,2026-02-28,1643500,197220,1840720
O-03358,F-01702,2026A,2026-01-29,2026-09-30,210500,25260,235760
O-03359,F-01702,2025A,2025-02-22,2025-09-30,2125000,255000,2380000
O-03360,F-01703,2025B,2025-08-10,2026-02-28,3077000,369240,3446240
O-03361,F-01704,2025B,2025-07-16,2026-02-28,2427000,291240,2718240
O-03362,F-01704,2025A,2025-02-02,2025-09-30,2288000,274560,2562560
O-03363,F-01704,2026A,2026-02-10,2026-09-30,3911000,469320,4380320
O-03364,F-01705,2026A,2026-02-01,2026-09-30,3584000,430080,4014080
O-03365,F-01706,2025B,2025-08-08,2026-02-28,1516000,181920,1697920
O-03366,F-01707,2025A,2025-02-14,2025-09-30,623000,74760,697760
O-03367,F-01708,2025A,2025-01-16,2025-09-30,171000,20520,191520
O-03368,F-01708,2026A,2026-01-16,2026-09-30,2385000,286200,2671200
O-03369,F-01708,2025B,2025-07-31,2026-02-28,972000,116640,1088640
O-03370,F-01709,2025B,2025-07-18,2026-02-28,718000,86160,804160
O-03371,F-01709,2025A,2025-01-29,2025-09-30,1684000,202080,1886080
O-03372,F-01709,2026A,2026-01-20,2026-09-30,2415500,289860,2705360
O-03373,F-01710,2025B,2025-07-05,2026-02-28,1011500,121380,1132880
O-03374,F-01711,2025A,2025-02-12,2025-09-30,666000,79920,745920
O-03375,F-01712,2025A,2025-01-23,2025-09-30,2171000,260520,2431520
O-03376,F-01713,2025B,2025-07-16,2026-02-28,912000,109440,1021440
O-03377,F-01713,2025A,2025-01-21,2025-09-30,763000,91560,854560
O-03378,F-01713,2026A,2026-02-06,2026-09-30,1563500,187620,1751120
O-03379,F-01714,2026A,2026-01-25,2026-09-30,2325500,279060,2604560
O-03380,F-01715,2026A,2026-01-30,2026-09-30,162000,19440,181440
O-03381,F-01715,2025B,2025-08-08,2026-02-28,2680000,321600,3001600
O-03382,F-01715,2025A,2025-02-02,2025-09-30,1886500,226380,2112880
O-03383,F-01716,2026A,2026-02-11,2026-09-30,2149000,257880,2406880
O-03384,F-01717,2025B,2025-08-08,2026-02-28,466000,55920,521920
O-03385,F-01718,2025A,2025-02-22,2025-09-30,1191000,142920,1333920
O-03386,F-01718,2025B,2025-07-25,2026-02-28,2339000,280680,2619680
O-03387,F-01718,2026A,2026-02-17,2026-09-30,1913000,229560,2142560
O-03388,F-01719,2025B,2025-07-25,2026-02-28,868000,104160,972160
O-03389,F-01719,2025A,2025-02-01,2025-09-30,1720500,206460,1926960
O-03390,F-01720,2026A,2026-01-22,2026-09-30,3001000,360120,3361120
O-03391,F-01721,2025A,2025-02-02,2025-09-30,2379500,285540,2665040
O-03392,F-01721,2025B,2025-07-29,2026-02-28,1921000,230520,2151520
O-03393,F-01722,2025A,2025-01-31,2025-09-30,622000,74640,696640
O-03394,F-01722,2025B,2025-08-10,2026-02-28,2743000,329160,3072160
O-03395,F-01723,2025A,2025-01-16,2025-09-30,741000,88920,829920
O-03396,F-01724,2025B,2025-07-08,2026-02-28,2957000,354840,3311840
O-03397,F-01724,2025A,2025-02-09,2025-09-30,192000,23040,215040
O-03398,F-01724,2026A,2026-01-20,2026-09-30,792000,95040,887040
O-03399,F-01725,2025B,2025-07-24,2026-02-28,1580000,189600,1769600
O-03400,F-01726,2025B,2025-08-06,2026-02-28,2087500,250500,2338000
O-03401,F-01727,2025B,2025-08-10,2026-02-28,1350000,162000,1512000
O-03402,F-01728,2025B,2025-07-02,2026-02-28,2163000,259560,2422560
O-03403,F-01729,2025A,2025-01-23,2025-09-30,2498500,299820,2798320
O-03404,F-01729,2026A,2026-02-07,2026-09-30,2225000,267000,2492000
O-03405,F-01729,2025B,2025-07-04,2026-02-28,700000,84000,784000
O-03406,F-01730,2025B,2025-07-20,2026-02-28,1096000,131520,1227520
O-03407,F-01731,2026A,2026-02-02,2026-09-30,1602500,192300,1794800
O-03408,F-01731,2025B,2025-08-09,2026-02-28,2430500,291660,2722160
O-03409,F-01732,2026A,2026-01-31,2026-09-30,835000,100200,935200
O-03410,F-01732,2025A,2025-02-05,2025-09-30,1653500,198420,1851920
O-03411,F-01733,2025A,2025-01-18,2025-09-30,1694000,203280,1897280
O-03412,F-01733,2025B,2025-07-16,2026-02-28,2238000,268560,2506560
O-03413,F-01733,2026A,2026-02-19,2026-09-30,1280500,153660,1434160
O-03414,F-01734,2025A,2025-01-29,2025-09-30,2813000,337560,3150560
O-03415,F-01734,2025B,2025-07-08,2026-02-28,437000,52440,489440
O-03416,F-01734,2026A,2026-01-16,2026-09-30,422000,50640,472640
O-03417,F-01735,2026A,2026-01-27,2026-09-30,2196000,263520,2459520
O-03418,F-01736,2025B,2025-07-21,2026-02-28,2650000,318000,2968000
O-03419,F-01736,2025A,2025-02-11,2025-09-30,1953000,234360,2187360
O-03420,F-01736,2026A,2026-01-27,2026-09-30,243000,29160,272160
O-03421,F-01737,2025A,2025-01-31,2025-09-30,2715000,325800,3040800
O-03422,F-01738,2026A,2026-01-15,2026-09-30,1306000,156720,1462720
O-03423,F-01739,2025A,2025-01-18,2025-09-30,1979500,237540,2217040
O-03424,F-01739,2026A,2026-01-24,2026-09-30,2118000,254160,2372160
O-03425,F-01739,2025B,2025-08-02,2026-02-28,2491000,298920,2789920
O-03426,F-01740,2025A,2025-02-07,2025-09-30,2182000,261840,2443840
O-03427,F-01740,2025B,2025-07-26,2026-02-28,1749500,209940,1959440
O-03428,F-01741,2025B,2025-07-17,2026-02-28,902000,108240,1010240
O-03429,F-01741,2025A,2025-01-19,2025-09-30,990000,118800,1108800
O-03430,F-01741,2026A,2026-01-22,2026-09-30,2287500,274500,2562000
O-03431,F-01742,2025A,2025-02-15,2025-09-30,1204500,144540,1349040
O-03432,F-01743,2026A,2026-01-12,2026-09-30,3518500,422220,3940720
O-03433,F-01744,2025B,2025-07-11,2026-02-28,90000,10800,100800
O-03434,F-01744,2025A,2025-01-31,2025-09-30,2957000,354840,3311840
O-03435,F-01744,2026A,2026-01-19,2026-09-30,3145500,377460,3522960
O-03436,F-01745,2025B,2025-07-13,2026-02-28,1307000,156840,1463840
O-03437,F-01746,2026A,2026-02-16,2026-09-30,3291000,394920,3685920
O-03438,F-01746,2025B,2025-07-01,2026-02-28,1360000,163200,1523200
O-03439,F-01746,2025A,2025-02-13,2025-09-30,2971000,356520,3327520
O-03440,F-01747,2025B,2025-07-11,2026-02-28,306500,36780,343280
O-03441,F-01747,2025A,2025-01-21,2025-09-30,662500,79500,742000
O-03442,F-01748,2025A,2025-01-27,2025-09-30,1974000,236880,2210880
O-03443,F-01749,2026A,2026-02-09,2026-09-30,303000,36360,339360
O-03444,F-01750,2026A,2026-02-09,2026-09-30,1377000,165240,1542240
O-03445,F-01750,2025B,2025-07-05,2026-02-28,456000,54720,510720
O-03446,F-01751,2026A,2026-02-08,2026-09-30,2428000,291360,2719360
O-03447,F-01752,2026A,2026-01-25,2026-09-30,675000,81000,756000
O-03448,F-01753,2026A,2026-01-16,2026-09-30,1247000,149640,1396640
O-03449,F-01753,2025B,2025-08-03,2026-02-28,1813000,217560,2030560
O-03450,F-01753,2025A,2025-02-15,2025-09-30,917000,110040,1027040
O-03451,F-01754,2025B,2025-07-10,2026-02-28,2934000,352080,3286080
O-03452,F-01754,2026A,2026-02-03,2026-09-30,3390000,406800,3796800
O-03453,F-01754,2025A,2025-01-16,2025-09-30,1294500,155340,1449840
O-03454,F-01755,2025A,2025-01-15,2025-09-30,1121000,134520,1255520
O-03455,F-01755,2025B,2025-07-28,2026-02-28,214500,25740,240240
O-03456,F-01755,2026A,2026-01-29,2026-09-30,1880000,225600,2105600
O-03457,F-01756,2026A,2026-01-23,2026-09-30,1224000,146880,1370880
O-03458,F-01756,2025B,2025-07-27,2026-02-28,2148000,257760,2405760
O-03459,F-01756,2025A,2025-01-28,2025-09-30,1731000,207720,1938720
O-03460,F-01757,2025A,2025-01-17,2025-09-30,3163000,379560,3542560
O-03461,F-01757,2026A,2026-01-31,2026-09-30,1693000,203160,1896160
O-03462,F-01757,2025B,2025-07-30,2026-02-28,2086000,250320,2336320
O-03463,F-01758,2025A,2025-01-20,2025-09-30,1740000,208800,1948800
O-03464,F-01758,2026A,2026-01-26,2026-09-30,876000,105120,981120
O-03465,F-01759,2025B,2025-08-08,2026-02-28,75500,9060,84560
O-03466,F-01759,2025A,2025-01-23,2025-09-30,1693000,203160,1896160
O-03467,F-01759,2026A,2026-02-05,2026-09-30,3206000,384720,3590720
O-03468,F-01760,2025B,2025-08-01,2026-02-28,1600000,192000,1792000
O-03469,F-01760,2026A,2026-02-09,2026-09-30,567500,68100,635600
O-03470,F-01760,2025A,2025-02-10,2025-09-30,1385000,166200,1551200
O-03471,F-01761,2025A,2025-01-19,2025-09-30,520000,62400,582400
O-03472,F-01761,2026A,2026-01-31,2026-09-30,1145000,137400,1282400
O-03473,F-01761,2025B,2025-07-18,2026-02-28,212000,25440,237440
O-03474,F-01762,2025A,2025-02-06,2025-09-30,2530000,303600,2833600
O-03475,F-01763,2025B,2025-07-10,2026-02-28,1357500,162900,1520400
O-03476,F-01763,2026A,2026-01-28,2026-09-30,1931000,231720,2162720
O-03477,F-01764,2026A,2026-01-13,2026-09-30,1737000,208440,1945440
O-03478,F-01764,2025B,2025-07-25,2026-02-28,2106000,252720,2358720
O-03479,F-01765,2026A,2026-02-21,2026-09-30,311000,37320,348320
O-03480,F-01766,2025A,2025-02-16,2025-09-30,675000,81000,756000
O-03481,F-01766,2026A,2026-01-16,2026-09-30,607500,72900,680400
O-03482,F-01766,2025B,2025-07-20,2026-02-28,282000,33840,315840
O-03483,F-01767,2025A,2025-02-05,2025-09-30,2625000,315000,2940000
O-03484,F-01767,2026A,2026-02-08,2026-09-30,903500,108420,1011920
O-03485,F-01768,2025A,2025-02-10,2025-09-30,774000,92880,866880
O-03486,F-01768,2025B,2025-08-01,2026-02-28,1935000,232200,2167200
O-03487,F-01769,2025A,2025-02-01,2025-09-30,1947000,233640,2180640
O-03488,F-01769,2025B,2025-07-16,2026-02-28,416000,49920,465920
O-03489,F-01769,2026A,2026-02-13,2026-09-30,1846000,221520,2067520
O-03490,F-01770,2025B,2025-07-19,2026-02-28,2774000,332880,3106880
O-03491,F-01770,2026A,2026-01-23,2026-09-30,515000,61800,576800
O-03492,F-01770,2025A,2025-01-23,2025-09-30,1096000,131520,1227520
O-03493,F-01771,2025B,2025-07-12,2026-02-28,107000,12840,119840
O-03494,F-01771,2025A,2025-02-22,2025-09-30,1004000,120480,1124480
O-03495,F-01772,2025B,2025-08-08,2026-02-28,1696000,203520,1899520
O-03496,F-01772,2026A,2026-01-31,2026-09-30,885000,106200,991200
O-03497,F-01773,2025B,2025-07-13,2026-02-28,706000,84720,790720
O-03498,F-01773,2025A,2025-02-11,2025-09-30,1935000,232200,2167200
O-03499,F-01773,2026A,2026-01-23,2026-09-30,3448500,413820,3862320
O-03500,F-01774,2025B,2025-07-15,2026-02-28,2218000,266160,2484160
O-03501,F-01774,2025A,2025-02-20,2025-09-30,1092500,131100,1223600
O-03502,F-01775,2026A,2026-01-12,2026-09-30,467500,56100,523600
O-03503,F-01776,2025B,2025-07-29,2026-02-28,2641000,316920,2957920
O-03504,F-01777,2025B,2025-07-15,2026-02-28,1057500,126900,1184400
O-03505,F-01777,2025A,2025-02-21,2025-09-30,1270000,152400,1422400
O-03506,F-01778,2025B,2025-07-22,2026-02-28,629500,75540,705040
O-03507,F-01778,2026A,2026-02-15,2026-09-30,1130000,135600,1265600
O-03508,F-01778,2025A,2025-01-29,2025-09-30,1335000,160200,1495200
O-03509,F-01779,2025B,2025-08-10,2026-02-28,1480000,177600,1657600
O-03510,F-01779,2026A,2026-02-21,2026-09-30,236000,28320,264320
O-03511,F-01779,2025A,2025-01-26,2025-09-30,3146000,377520,3523520
O-03512,F-01780,2025A,2025-02-15,2025-09-30,1374000,164880,1538880
O-03513,F-01780,2026A,2026-01-18,2026-09-30,3423000,410760,3833760
O-03514,F-01780,2025B,2025-07-09,2026-02-28,3024500,362940,3387440
O-03515,F-01781,2025B,2025-07-03,2026-02-28,1516500,181980,1698480
O-03516,F-01781,2026A,2026-01-26,2026-09-30,346000,41520,387520
O-03517,F-01782,2025A,2025-01-15,2025-09-30,763000,91560,854560
O-03518,F-01782,2025B,2025-07-08,2026-02-28,1791000,214920,2005920
O-03519,F-01783,2025B,2025-08-03,2026-02-28,768000,92160,860160
O-03520,F-01783,2025A,2025-01-16,2025-09-30,887500,106500,994000
O-03521,F-01784,2026A,2026-02-05,2026-09-30,1160500,139260,1299760
O-03522,F-01784,2025B,2025-07-30,2026-02-28,797000,95640,892640
O-03523,F-01785,2025B,2025-07-07,2026-02-28,3341000,400920,3741920
O-03524,F-01785,2026A,2026-02-02,2026-09-30,1485000,178200,1663200
O-03525,F-01785,2025A,2025-02-21,2025-09-30,1395000,167400,1562400
O-03526,F-01786,2025A,2025-02-19,2025-09-30,885000,106200,991200
O-03527,F-01787,2025A,2025-02-12,2025-09-30,658000,78960,736960
O-03528,F-01788,2025A,2025-01-26,2025-09-30,1433500,172020,1605520
O-03529,F-01789,2025A,2025-01-26,2025-09-30,276000,33120,309120
O-03530,F-01789,2025B,2025-07-26,2026-02-28,657500,78900,736400
O-03531,F-01789,2026A,2026-01-12,2026-09-30,687000,82440,769440
O-03532,F-01790,2026A,2026-02-16,2026-09-30,2503000,300360,2803360
O-03533,F-01790,2025B,2025-07-02,2026-02-28,193000,23160,216160
O-03534,F-01790,2025A,2025-02-15,2025-09-30,1405000,168600,1573600
O-03535,F-01791,2025B,2025-07-05,2026-02-28,510000,61200,571200
O-03536,F-01791,2025A,2025-02-07,2025-09-30,902000,108240,1010240
O-03537,F-01792,2025B,2025-07-16,2026-02-28,2391500,286980,2678480
O-03538,F-01793,2025A,2025-02-18,2025-09-30,131500,15780,147280
O-03539,F-01794,2025A,2025-01-16,2025-09-30,1202000,144240,1346240
O-03540,F-01794,2025B,2025-08-09,2026-02-28,704000,84480,788480
O-03541,F-01794,2026A,2026-02-19,2026-09-30,321000,38520,359520
O-03542,F-01795,2026A,2026-02-17,2026-09-30,735500,88260,823760
O-03543,F-01795,2025A,2025-02-14,2025-09-30,1381000,165720,1546720
O-03544,F-01796,2025B,2025-07-23,2026-02-28,755000,90600,845600
O-03545,F-01797,2025A,2025-01-31,2025-09-30,2097000,251640,2348640
O-03546,F-01797,2026A,2026-01-27,2026-09-30,3526000,423120,3949120
O-03547,F-01797,2025B,2025-07-20,2026-02-28,1650000,198000,1848000
O-03548,F-01798,2025B,2025-07-05,2026-02-28,3491000,418920,3909920
O-03549,F-01798,2026A,2026-01-30,2026-09-30,738000,88560,826560
O-03550,F-01799,2026A,2026-02-06,2026-09-30,2407000,288840,2695840
O-03551,F-01799,2025A,2025-01-26,2025-09-30,3457000,414840,3871840
O-03552,F-01800,2025B,2025-07-31,2026-02-28,891000,106920,997920
O-03553,F-01800,2025A,2025-02-07,2025-09-30,1307500,156900,1464400
O-03554,F-01801,2025A,2025-02-14,2025-09-30,1233000,147960,1380960
O-03555,F-01802,2025B,2025-08-10,2026-02-28,3349000,401880,3750880
O-03556,F-01802,2026A,2026-01-21,2026-09-30,992000,119040,1111040
O-03557,F-01802,2025A,2025-02-19,2025-09-30,162000,19440,181440
O-03558,F-01803,2026A,2026-02-08,2026-09-30,2505000,300600,2805600
O-03559,F-01804,2026A,2026-01-28,2026-09-30,432000,51840,483840
O-03560,F-01804,2025A,2025-01-26,2025-09-30,1947000,233640,2180640
O-03561,F-01804,2025B,2025-07-29,2026-02-28,3411500,409380,3820880
O-03562,F-01805,2025A,2025-02-03,2025-09-30,1750000,210000,1960000
O-03563,F-01805,2026A,2026-02-18,2026-09-30,2449000,293880,2742880
O-03564,F-01805,2025B,2025-07-23,2026-02-28,1075000,129000,1204000
O-03565,F-01806,2026A,2026-01-29,2026-09-30,1972500,236700,2209200
O-03566,F-01806,2025A,2025-02-15,2025-09-30,935000,112200,1047200
O-03567,F-01806,2025B,2025-07-10,2026-02-28,2331500,279780,2611280
O-03568,F-01807,2026A,2026-01-28,2026-09-30,1408000,168960,1576960
O-03569,F-01807,2025B,2025-08-02,2026-02-28,321000,38520,359520
O-03570,F-01807,2025A,2025-01-28,2025-09-30,1465000,175800,1640800
O-03571,F-01808,2026A,2026-01-27,2026-09-30,1342000,161040,1503040
O-03572,F-01809,2025B,2025-07-28,2026-02-28,812000,97440,909440
O-03573,F-01809,2026A,2026-02-20,2026-09-30,2613000,313560,2926560
O-03574,F-01809,2025A,2025-02-06,2025-09-30,1250000,150000,1400000
O-03575,F-01810,2025B,2025-07-02,2026-02-28,151000,18120,169120
O-03576,F-01810,2026A,2026-01-24,2026-09-30,1581000,189720,1770720
O-03577,F-01810,2025A,2025-02-17,2025-09-30,1646000,197520,1843520
O-03578,F-01811,2025A,2025-02-16,2025-09-30,1088000,130560,1218560
O-03579,F-01812,2026A,2026-01-18,2026-09-30,1158500,139020,1297520
O-03580,F-01813,2026A,2026-01-24,2026-09-30,894000,107280,1001280
O-03581,F-01813,2025A,2025-01-31,2025-09-30,3433000,411960,3844960
O-03582,F-01814,2026A,2026-02-10,2026-09-30,607500,72900,680400
O-03583,F-01815,2026A,2026-01-15,2026-09-30,962000,115440,1077440
O-03584,F-01815,2025B,2025-08-06,2026-02-28,266000,31920,297920
O-03585,F-01815,2025A,2025-02-22,2025-09-30,2053000,246360,2299360
O-03586,F-01816,2026A,2026-01-22,2026-09-30,1726000,207120,1933120
O-03587,F-01816,2025B,2025-07-10,2026-02-28,2182500,261900,2444400
O-03588,F-01816,2025A,2025-01-28,2025-09-30,1264000,151680,1415680
O-03589,F-01817,2025A,2025-01-31,2025-09-30,1543000,185160,1728160
O-03590,F-01817,2026A,2026-02-17,2026-09-30,746000,89520,835520
O-03591,F-01818,2025A,2025-01-22,2025-09-30,565000,67800,632800
O-03592,F-01819,2025B,2025-07-11,2026-02-28,137500,16500,154000
O-03593,F-01819,2026A,2026-01-26,2026-09-30,1043000,125160,1168160
O-03594,F-01819,2025A,2025-02-22,2025-09-30,2052000,246240,2298240
O-03595,F-01820,2025B,2025-07-16,2026-02-28,644000,77280,721280
O-03596,F-01820,2025A,2025-02-18,2025-09-30,92500,11100,103600
O-03597,F-01821,2026A,2026-02-06,2026-09-30,2016500,241980,2258480
O-03598,F-01822,2025A,2025-02-05,2025-09-30,1101000,132120,1233120
O-03599,F-01822,2025B,2025-07-16,2026-02-28,1165500,139860,1305360
O-03600,F-01823,2025A,2025-01-25,2025-09-30,1947000,233640,2180640
O-03601,F-01823,2026A,2026-01-14,2026-09-30,1650500,198060,1848560
O-03602,F-01823,2025B,2025-08-05,2026-02-28,2747000,329640,3076640
O-03603,F-01824,2025A,2025-01-25,2025-09-30,2276000,273120,2549120
O-03604,F-01824,2026A,2026-02-16,2026-09-30,684000,82080,766080
O-03605,F-01825,2025B,2025-07-20,2026-02-28,765000,91800,856800
O-03606,F-01825,2025A,2025-02-24,2025-09-30,1974500,236940,2211440
O-03607,F-01825,2026A,2026-01-16,2026-09-30,800000,96000,896000
O-03608,F-01826,2025B,2025-08-04,2026-02-28,1530000,183600,1713600
O-03609,F-01826,2025A,2025-02-11,2025-09-30,1137000,136440,1273440
O-03610,F-01826,2026A,2026-01-24,2026-09-30,374000,44880,418880
O-03611,F-01827,2026A,2026-02-04,2026-09-30,2261000,271320,2532320
O-03612,F-01827,2025A,2025-02-16,2025-09-30,548500,65820,614320
O-03613,F-01828,2025B,2025-07-10,2026-02-28,861000,103320,964320
O-03614,F-01829,2025A,2025-02-03,2025-09-30,1689000,202680,1891680
O-03615,F-01830,2026A,2026-01-15,2026-09-30,1993500,239220,2232720
O-03616,F-01831,2025B,2025-08-06,2026-02-28,1480500,177660,1658160
O-03617,F-01832,2025A,2025-02-13,2025-09-30,991000,118920,1109920
O-03618,F-01832,2026A,2026-01-17,2026-09-30,1864000,223680,2087680
O-03619,F-01832,2025B,2025-07-04,2026-02-28,1407500,168900,1576400
O-03620,F-01833,2025B,2025-07-17,2026-02-28,174000,20880,194880
O-03621,F-01834,2025B,2025-07-02,2026-02-28,754000,90480,844480
O-03622,F-01834,2026A,2026-02-16,2026-09-30,2497000,299640,2796640
O-03623,F-01835,2025B,2025-07-30,2026-02-28,1131000,135720,1266720
O-03624,F-01835,2026A,2026-02-08,2026-09-30,2485000,298200,2783200
O-03625,F-01835,2025A,2025-01-29,2025-09-30,408000,48960,456960
O-03626,F-01836,2026A,2026-02-10,2026-09-30,777000,93240,870240
O-03627,F-01836,2025B,2025-07-01,2026-02-28,634000,76080,710080
O-03628,F-01836,2025A,2025-02-02,2025-09-30,1839000,220680,2059680
O-03629,F-01837,2025A,2025-01-29,2025-09-30,3077000,369240,3446240
O-03630,F-01838,2025A,2025-02-20,2025-09-30,1840000,220800,2060800
O-03631,F-01838,2025B,2025-07-24,2026-02-28,2530000,303600,2833600
O-03632,F-01838,2026A,2026-01-15,2026-09-30,1124000,134880,1258880
O-03633,F-01839,2026A,2026-01-18,2026-09-30,898500,107820,1006320
O-03634,F-01839,2025B,2025-07-06,2026-02-28,2190000,262800,2452800
O-03635,F-01840,2025B,2025-07-28,2026-02-28,748000,89760,837760
O-03636,F-01841,2025B,2025-07-09,2026-02-28,1585000,190200,1775200
O-03637,F-01841,2025A,2025-02-07,2025-09-30,3223000,386760,3609760
O-03638,F-01842,2025B,2025-07-17,2026-02-28,1102000,132240,1234240
O-03639,F-01842,2025A,2025-02-05,2025-09-30,1665000,199800,1864800
O-03640,F-01843,2025A,2025-01-20,2025-09-30,1944000,233280,2177280
O-03641,F-01843,2025B,2025-07-18,2026-02-28,2954000,354480,3308480
O-03642,F-01843,2026A,2026-02-19,2026-09-30,295500,35460,330960
O-03643,F-01844,2025A,2025-02-09,2025-09-30,717000,86040,803040
O-03644,F-01844,2026A,2026-02-05,2026-09-30,551000,66120,617120
O-03645,F-01845,2025B,2025-08-06,2026-02-28,2008000,240960,2248960
O-03646,F-01845,2026A,2026-01-26,2026-09-30,800000,96000,896000
O-03647,F-01845,2025A,2025-02-04,2025-09-30,325000,39000,364000
O-03648,F-01846,2026A,2026-02-04,2026-09-30,250500,30060,280560
O-03649,F-01846,2025A,2025-01-24,2025-09-30,2211000,265320,2476320
O-03650,F-01847,2025B,2025-07-10,2026-02-28,499000,59880,558880
O-03651,F-01847,2025A,2025-02-12,2025-09-30,1259000,151080,1410080
O-03652,F-01847,2026A,2026-02-14,2026-09-30,3207500,384900,3592400
O-03653,F-01848,2026A,2026-02-03,2026-09-30,3000000,360000,3360000
O-03654,F-01848,2025A,2025-02-04,2025-09-30,1970000,236400,2206400
O-03655,F-01848,2025B,2025-08-03,2026-02-28,939500,112740,1052240
O-03656,F-01849,2025A,2025-01-26,2025-09-30,587000,70440,657440
O-03657,F-01849,2026A,2026-02-07,2026-09-30,2190000,262800,2452800
O-03658,F-01850,2026A,2026-02-20,2026-09-30,1102000,132240,1234240
O-03659,F-01850,2025B,2025-07-22,2026-02-28,467500,56100,523600
O-03660,F-01850,2025A,2025-01-23,2025-09-30,180000,21600,201600
O-03661,F-01851,2026A,2026-01-27,2026-09-30,1588000,190560,1778560
O-03662,F-01851,2025A,2025-02-18,2025-09-30,1058000,126960,1184960
O-03663,F-01851,2025B,2025-07-30,2026-02-28,1065000,127800,1192800
O-03664,F-01852,2025A,2025-01-29,2025-09-30,1176000,141120,1317120
O-03665,F-01852,2026A,2026-02-18,2026-09-30,550000,66000,616000
O-03666,F-01853,2026A,2026-01-15,2026-09-30,2957000,354840,3311840
O-03667,F-01853,2025B,2025-07-28,2026-02-28,242000,29040,271040
O-03668,F-01854,2025B,2025-08-01,2026-02-28,2970000,356400,3326400
O-03669,F-01854,2026A,2026-01-26,2026-09-30,1723000,206760,1929760
O-03670,F-01854,2025A,2025-02-08,2025-09-30,2361500,283380,2644880
O-03671,F-01855,2026A,2026-01-16,2026-09-30,1312000,157440,1469440
O-03672,F-01855,2025A,2025-01-18,2025-09-30,982500,117900,1100400
O-03673,F-01856,2025A,2025-01-24,2025-09-30,1796000,215520,2011520
O-03674,F-01856,2026A,2026-01-17,2026-09-30,482000,57840,539840
O-03675,F-01857,2025A,2025-02-12,2025-09-30,2519500,302340,2821840
O-03676,F-01857,2025B,2025-07-09,2026-02-28,686000,82320,768320
O-03677,F-01858,2025B,2025-07-08,2026-02-28,3666000,439920,4105920
O-03678,F-01859,2025B,2025-07-29,2026-02-28,226500,27180,253680
O-03679,F-01859,2026A,2026-01-26,2026-09-30,358500,43020,401520
O-03680,F-01859,2025A,2025-01-31,2025-09-30,670000,80400,750400
O-03681,F-01860,2025A,2025-01-25,2025-09-30,1106000,132720,1238720
O-03682,F-01860,2025B,2025-07-06,2026-02-28,662500,79500,742000
O-03683,F-01860,2026A,2026-02-12,2026-09-30,473500,56820,530320
O-03684,F-01861,2025A,2025-01-22,2025-09-30,848000,101760,949760
O-03685,F-01861,2026A,2026-02-10,2026-09-30,2042000,245040,2287040
O-03686,F-01861,2025B,2025-08-06,2026-02-28,687000,82440,769440
O-03687,F-01862,2025A,2025-02-17,2025-09-30,556000,66720,622720
O-03688,F-01862,2026A,2026-02-11,2026-09-30,527500,63300,590800
O-03689,F-01862,2025B,2025-08-04,2026-02-28,1543000,185160,1728160
O-03690,F-01863,2026A,2026-01-27,2026-09-30,600500,72060,672560
O-03691,F-01863,2025A,2025-02-03,2025-09-30,83500,10020,93520
O-03692,F-01864,2025A,2025-02-15,2025-09-30,515000,61800,576800
O-03693,F-01864,2025B,2025-07-19,2026-02-28,1815000,217800,2032800
O-03694,F-01865,2025A,2025-02-16,2025-09-30,3475000,417000,3892000
O-03695,F-01865,2026A,2026-01-16,2026-09-30,1600500,192060,1792560
O-03696,F-01865,2025B,2025-07-23,2026-02-28,3019000,362280,3381280
O-03697,F-01866,2025B,2025-07-27,2026-02-28,1140000,136800,1276800
O-03698,F-01867,2025B,2025-07-27,2026-02-28,584000,70080,654080
O-03699,F-01867,2025A,2025-02-11,2025-09-30,643000,77160,720160
O-03700,F-01868,2025B,2025-07-22,2026-02-28,1684000,202080,1886080
O-03701,F-01869,2025A,2025-01-23,2025-09-30,2588000,310560,2898560
O-03702,F-01869,2025B,2025-07-18,2026-02-28,1304000,156480,1460480
O-03703,F-01869,2026A,2026-01-25,2026-09-30,347500,41700,389200
O-03704,F-01870,2025B,2025-07-23,2026-02-28,566000,67920,633920
O-03705,F-01871,2026A,2026-02-20,2026-09-30,4508000,540960,5048960
O-03706,F-01871,2025B,2025-07-08,2026-02-28,1250000,150000,1400000
O-03707,F-01872,2026A,2026-02-06,2026-09-30,964000,115680,1079680
O-03708,F-01872,2025B,2025-07-04,2026-02-28,1625000,195000,1820000
O-03709,F-01873,2026A,2026-01-18,2026-09-30,375000,45000,420000
O-03710,F-01873,2025B,2025-07-12,2026-02-28,2062000,247440,2309440
O-03711,F-01874,2025A,2025-02-23,2025-09-30,1636000,196320,1832320
O-03712,F-01874,2026A,2026-02-20,2026-09-30,627000,75240,702240
O-03713,F-01874,2025B,2025-07-18,2026-02-28,1778000,213360,1991360
O-03714,F-01875,2025A,2025-02-21,2025-09-30,2412000,289440,2701440
O-03715,F-01875,2025B,2025-07-08,2026-02-28,1483500,178020,1661520
O-03716,F-01875,2026A,2026-02-13,2026-09-30,2607000,312840,2919840
O-03717,F-01876,2025A,2025-01-16,2025-09-30,1118500,134220,1252720
O-03718,F-01876,2025B,2025-08-07,2026-02-28,1357500,162900,1520400
O-03719,F-01876,2026A,2026-02-14,2026-09-30,443500,53220,496720
O-03720,F-01877,2025A,2025-01-23,2025-09-30,1680000,201600,1881600
O-03721,F-01877,2025B,2025-07-29,2026-02-28,2810000,337200,3147200
O-03722,F-01877,2026A,2026-01-29,2026-09-30,1668000,200160,1868160
O-03723,F-01878,2025A,2025-02-19,2025-09-30,2129500,255540,2385040
O-03724,F-01879,2026A,2026-02-05,2026-09-30,1950000,234000,2184000
O-03725,F-01879,2025B,2025-08-01,2026-02-28,246000,29520,275520
O-03726,F-01880,2026A,2026-01-18,2026-09-30,717000,86040,803040
O-03727,F-01880,2025A,2025-01-31,2025-09-30,887500,106500,994000
O-03728,F-01881,2026A,2026-01-18,2026-09-30,2154500,258540,2413040
O-03729,F-01881,2025B,2025-07-10,2026-02-28,413000,49560,462560
O-03730,F-01882,2025A,2025-02-09,2025-09-30,2239000,268680,2507680
O-03731,F-01882,2026A,2026-02-20,2026-09-30,2832000,339840,3171840
O-03732,F-01883,2025A,2025-02-23,2025-09-30,2090000,250800,2340800
O-03733,F-01883,2025B,2025-07-27,2026-02-28,644000,77280,721280
O-03734,F-01884,2025A,2025-02-19,2025-09-30,1181000,141720,1322720
O-03735,F-01884,2025B,2025-07-12,2026-02-28,1488000,178560,1666560
O-03736,F-01884,2026A,2026-01-23,2026-09-30,1912000,229440,2141440
O-03737,F-01885,2026A,2026-02-18,2026-09-30,809000,97080,906080
O-03738,F-01885,2025B,2025-07-11,2026-02-28,1064500,127740,1192240
O-03739,F-01885,2025A,2025-02-07,2025-09-30,2627500,315300,2942800
O-03740,F-01886,2025B,2025-08-03,2026-02-28,949000,113880,1062880
O-03741,F-01886,2026A,2026-01-27,2026-09-30,128000,15360,143360
O-03742,F-01887,2025A,2025-02-01,2025-09-30,2200000,264000,2464000
O-03743,F-01888,2026A,2026-02-07,2026-09-30,711000,85320,796320
O-03744,F-01889,2026A,2026-02-16,2026-09-30,1278000,153360,1431360
O-03745,F-01889,2025B,2025-08-06,2026-02-28,259000,31080,290080
O-03746,F-01889,2025A,2025-02-07,2025-09-30,1384000,166080,1550080
O-03747,F-01890,2025B,2025-07-05,2026-02-28,1247000,149640,1396640
O-03748,F-01890,2026A,2026-01-23,2026-09-30,544000,65280,609280
O-03749,F-01891,2026A,2026-02-07,2026-09-30,1538000,184560,1722560
O-03750,F-01891,2025B,2025-08-09,2026-02-28,2934500,352140,3286640
O-03751,F-01891,2025A,2025-01-22,2025-09-30,2130000,255600,2385600
O-03752,F-01892,2025B,2025-07-22,2026-02-28,2508000,300960,2808960
O-03753,F-01893,2025A,2025-01-21,2025-09-30,476000,57120,533120
O-03754,F-01894,2026A,2026-01-24,2026-09-30,3315000,397800,3712800
O-03755,F-01894,2025B,2025-07-22,2026-02-28,2992000,359040,3351040
O-03756,F-01894,2025A,2025-02-03,2025-09-30,1755500,210660,1966160
O-03757,F-01895,2026A,2026-02-18,2026-09-30,1665000,199800,1864800
O-03758,F-01896,2025B,2025-07-08,2026-02-28,1704000,204480,1908480
O-03759,F-01896,2026A,2026-02-19,2026-09-30,1443000,173160,1616160
O-03760,F-01896,2025A,2025-02-12,2025-09-30,2675000,321000,2996000
O-03761,F-01897,2025A,2025-01-15,2025-09-30,1937000,232440,2169440
O-03762,F-01898,2025B,2025-07-14,2026-02-28,238000,28560,266560
O-03763,F-01899,2026A,2026-02-19,2026-09-30,214000,25680,239680
O-03764,F-01900,2025B,2025-08-09,2026-02-28,1175500,141060,1316560
O-03765,F-01901,2025A,2025-02-06,2025-09-30,946000,113520,1059520
O-03766,F-01901,2026A,2026-01-30,2026-09-30,3042000,365040,3407040
O-03767,F-01901,2025B,2025-07-31,2026-02-28,395000,47400,442400
O-03768,F-01902,2026A,2026-02-11,2026-09-30,1155500,138660,1294160
O-03769,F-01902,2025A,2025-02-22,2025-09-30,1684000,202080,1886080
O-03770,F-01902,2025B,2025-07-24,2026-02-28,327500,39300,366800
O-03771,F-01903,2025B,2025-08-04,2026-02-28,1856000,222720,2078720
O-03772,F-01903,2025A,2025-02-08,2025-09-30,3084000,370080,3454080
O-03773,F-01904,2026A,2026-01-17,2026-09-30,1286000,154320,1440320
O-03774,F-01904,2025A,2025-02-01,2025-09-30,1934000,232080,2166080
O-03775,F-01905,2025B,2025-07-04,2026-02-28,3064000,367680,3431680
O-03776,F-01905,2026A,2026-01-25,2026-09-30,1731500,207780,1939280
O-03777,F-01905,2025A,2025-02-07,2025-09-30,3365500,403860,3769360
O-03778,F-01906,2025B,2025-07-30,2026-02-28,2693000,323160,3016160
O-03779,F-01906,2025A,2025-02-18,2025-09-30,2241000,268920,2509920
O-03780,F-01907,2025B,2025-07-27,2026-02-28,635500,76260,711760
O-03781,F-01907,2025A,2025-02-11,2025-09-30,811000,97320,908320
O-03782,F-01908,2026A,2026-01-24,2026-09-30,510000,61200,571200
O-03783,F-01908,2025B,2025-07-10,2026-02-28,1000500,120060,1120560
O-03784,F-01908,2025A,2025-02-13,2025-09-30,548000,65760,613760
O-03785,F-01909,2025B,2025-07-18,2026-02-28,1843000,221160,2064160
O-03786,F-01909,2025A,2025-01-18,2025-09-30,1920000,230400,2150400
O-03787,F-01910,2026A,2026-01-15,2026-09-30,2704500,324540,3029040
O-03788,F-01910,2025B,2025-07-23,2026-02-28,669500,80340,749840
O-03789,F-01910,2025A,2025-01-28,2025-09-30,1100000,132000,1232000
O-03790,F-01911,2025B,2025-07-01,2026-02-28,1761500,211380,1972880
O-03791,F-01912,2025B,2025-07-23,2026-02-28,3082000,369840,3451840
O-03792,F-01912,2026A,2026-02-18,2026-09-30,3237000,388440,3625440
O-03793,F-01912,2025A,2025-02-14,2025-09-30,336000,40320,376320
O-03794,F-01913,2025B,2025-07-03,2026-02-28,243000,29160,272160
O-03795,F-01913,2025A,2025-02-14,2025-09-30,1104000,132480,1236480
O-03796,F-01914,2026A,2026-02-05,2026-09-30,2678000,321360,2999360
O-03797,F-01915,2025B,2025-08-02,2026-02-28,1149500,137940,1287440
O-03798,F-01915,2026A,2026-02-19,2026-09-30,1407000,168840,1575840
O-03799,F-01916,2025B,2025-08-01,2026-02-28,2228000,267360,2495360
O-03800,F-01917,2025A,2025-02-13,2025-09-30,2486000,298320,2784320
O-03801,F-01917,2025B,2025-07-03,2026-02-28,3366000,403920,3769920
O-03802,F-01917,2026A,2026-01-29,2026-09-30,2721000,326520,3047520
O-03803,F-01918,2025A,2025-02-01,2025-09-30,1311000,157320,1468320
O-03804,F-01918,2026A,2026-01-29,2026-09-30,2185000,262200,2447200
O-03805,F-01919,2025B,2025-07-16,2026-02-28,2242000,269040,2511040
O-03806,F-01919,2025A,2025-01-16,2025-09-30,719500,86340,805840
O-03807,F-01919,2026A,2026-01-14,2026-09-30,2088000,250560,2338560
O-03808,F-01920,2026A,2026-01-19,2026-09-30,1738500,208620,1947120
O-03809,F-01921,2025A,2025-01-19,2025-09-30,2630000,315600,2945600
O-03810,F-01922,2025A,2025-02-10,2025-09-30,598500,71820,670320
O-03811,F-01923,2026A,2026-02-12,2026-09-30,2238000,268560,2506560
O-03812,F-01923,2025A,2025-01-21,2025-09-30,1027000,123240,1150240
O-03813,F-01923,2025B,2025-07-17,2026-02-28,1158500,139020,1297520
O-03814,F-01924,2025A,2025-01-28,2025-09-30,2244500,269340,2513840
O-03815,F-01924,2026A,2026-02-21,2026-09-30,1725500,207060,1932560
O-03816,F-01925,2025A,2025-01-31,2025-09-30,1998000,239760,2237760
O-03817,F-01925,2025B,2025-08-09,2026-02-28,622000,74640,696640
O-03818,F-01925,2026A,2026-01-17,2026-09-30,1457500,174900,1632400
O-03819,F-01926,2025B,2025-07-15,2026-02-28,655000,78600,733600
O-03820,F-01926,2026A,2026-02-20,2026-09-30,652500,78300,730800
O-03821,F-01927,2026A,2026-02-10,2026-09-30,1986000,238320,2224320
O-03822,F-01927,2025A,2025-02-04,2025-09-30,2395000,287400,2682400
O-03823,F-01927,2025B,2025-07-28,2026-02-28,1199000,143880,1342880
O-03824,F-01928,2025A,2025-01-21,2025-09-30,1255000,150600,1405600
O-03825,F-01928,2026A,2026-01-29,2026-09-30,2024000,242880,2266880
O-03826,F-01929,2026A,2026-02-08,2026-09-30,1513000,181560,1694560
O-03827,F-01930,2025B,2025-07-03,2026-02-28,852000,102240,954240
O-03828,F-01930,2025A,2025-02-09,2025-09-30,1700000,204000,1904000
O-03829,F-01930,2026A,2026-02-03,2026-09-30,792000,95040,887040
O-03830,F-01931,2026A,2026-01-24,2026-09-30,2605000,312600,2917600
O-03831,F-01932,2026A,2026-01-23,2026-09-30,1994500,239340,2233840
O-03832,F-01933,2025A,2025-01-20,2025-09-30,961000,115320,1076320
O-03833,F-01933,2026A,2026-01-31,2026-09-30,2296000,275520,2571520
O-03834,F-01934,2025A,2025-02-24,2025-09-30,504000,60480,564480
O-03835,F-01934,2025B,2025-07-30,2026-02-28,64000,7680,71680
O-03836,F-01935,2025B,2025-07-23,2026-02-28,2274000,272880,2546880
O-03837,F-01936,2025A,2025-02-12,2025-09-30,1758500,211020,1969520
O-03838,F-01936,2025B,2025-07-01,2026-02-28,2548000,305760,2853760
O-03839,F-01936,2026A,2026-01-27,2026-09-30,1999000,239880,2238880
O-03840,F-01937,2025B,2025-07-31,2026-02-28,1196500,143580,1340080
O-03841,F-01937,2026A,2026-02-01,2026-09-30,1087500,130500,1218000
O-03842,F-01937,2025A,2025-01-23,2025-09-30,389000,46680,435680
O-03843,F-01938,2025B,2025-07-22,2026-02-28,1710500,205260,1915760
O-03844,F-01938,2025A,2025-01-25,2025-09-30,198500,23820,222320
O-03845,F-01938,2026A,2026-01-29,2026-09-30,1031000,123720,1154720
O-03846,F-01939,2026A,2026-01-30,2026-09-30,1145500,137460,1282960
O-03847,F-01940,2025B,2025-07-22,2026-02-28,2063000,247560,2310560
O-03848,F-01940,2026A,2026-01-23,2026-09-30,1867500,224100,2091600
O-03849,F-01941,2025A,2025-01-26,2025-09-30,2927000,351240,3278240
O-03850,F-01942,2025A,2025-01-22,2025-09-30,316000,37920,353920
O-03851,F-01942,2025B,2025-08-08,2026-02-28,2319500,278340,2597840
O-03852,F-01943,2025A,2025-02-06,2025-09-30,661000,79320,740320
O-03853,F-01943,2025B,2025-07-15,2026-02-28,1382000,165840,1547840
O-03854,F-01944,2026A,2026-01-18,2026-09-30,539500,64740,604240
O-03855,F-01945,2025B,2025-07-10,2026-02-28,98000,11760,109760
O-03856,F-01945,2025A,2025-01-30,2025-09-30,1422000,170640,1592640
O-03857,F-01946,2025A,2025-02-23,2025-09-30,845000,101400,946400
O-03858,F-01946,2025B,2025-07-21,2026-02-28,2242000,269040,2511040
O-03859,F-01947,2025A,2025-01-15,2025-09-30,1818000,218160,2036160
O-03860,F-01947,2026A,2026-01-31,2026-09-30,2007000,240840,2247840
O-03861,F-01948,2026A,2026-02-14,2026-09-30,1164500,139740,1304240
O-03862,F-01948,2025A,2025-01-15,2025-09-30,792000,95040,887040
O-03863,F-01949,2025B,2025-08-06,2026-02-28,852000,102240,954240
O-03864,F-01950,2025A,2025-02-22,2025-09-30,83500,10020,93520
O-03865,F-01950,2026A,2026-02-21,2026-09-30,1522000,182640,1704640
O-03866,F-01951,2026A,2026-02-03,2026-09-30,342000,41040,383040
O-03867,F-01951,2025A,2025-01-18,2025-09-30,472000,56640,528640
O-03868,F-01951,2025B,2025-07-28,2026-02-28,2566000,307920,2873920
O-03869,F-01952,2025A,2025-02-18,2025-09-30,2092000,251040,2343040
O-03870,F-01953,2026A,2026-02-19,2026-09-30,2715000,325800,3040800
O-03871,F-01953,2025A,2025-01-17,2025-09-30,531000,63720,594720
O-03872,F-01954,2025A,2025-02-20,2025-09-30,1147000,137640,1284640
O-03873,F-01955,2025A,2025-01-20,2025-09-30,198000,23760,221760
O-03874,F-01955,2025B,2025-07-02,2026-02-28,1929500,231540,2161040
O-03875,F-01955,2026A,2026-02-18,2026-09-30,1674000,200880,1874880
O-03876,F-01956,2025B,2025-07-07,2026-02-28,3734000,448080,4182080
O-03877,F-01956,2026A,2026-01-24,2026-09-30,2064000,247680,2311680
O-03878,F-01956,2025A,2025-02-07,2025-09-30,964000,115680,1079680
O-03879,F-01957,2025A,2025-01-16,2025-09-30,1201000,144120,1345120
O-03880,F-01957,2025B,2025-07-12,2026-02-28,1135000,136200,1271200
O-03881,F-01957,2026A,2026-02-05,2026-09-30,3197000,383640,3580640
O-03882,F-01958,2025B,2025-07-24,2026-02-28,881500,105780,987280
O-03883,F-01959,2025B,2025-08-06,2026-02-28,2342500,281100,2623600
O-03884,F-01959,2026A,2026-02-13,2026-09-30,3381000,405720,3786720
O-03885,F-01959,2025A,2025-01-20,2025-09-30,417000,50040,467040
O-03886,F-01960,2026A,2026-01-17,2026-09-30,1436000,172320,1608320
O-03887,F-01961,2025B,2025-07-29,2026-02-28,305000,36600,341600
O-03888,F-01961,2026A,2026-01-15,2026-09-30,2561000,307320,2868320
O-03889,F-01961,2025A,2025-02-15,2025-09-30,594000,71280,665280
O-03890,F-01962,2025B,2025-08-08,2026-02-28,1358000,162960,1520960
O-03891,F-01962,2025A,2025-01-17,2025-09-30,607500,72900,680400
O-03892,F-01962,2026A,2026-01-15,2026-09-30,817000,98040,915040
O-03893,F-01963,2025A,2025-02-04,2025-09-30,720000,86400,806400
O-03894,F-01963,2025B,2025-08-06,2026-02-28,1705000,204600,1909600
O-03895,F-01963,2026A,2026-01-14,2026-09-30,370000,44400,414400
O-03896,F-01964,2025A,2025-02-17,2025-09-30,2081000,249720,2330720
O-03897,F-01965,2025B,2025-08-10,2026-02-28,2086000,250320,2336320
O-03898,F-01965,2025A,2025-01-26,2025-09-30,146000,17520,163520
O-03899,F-01966,2026A,2026-01-26,2026-09-30,628000,75360,703360
O-03900,F-01966,2025A,2025-02-23,2025-09-30,644000,77280,721280
O-03901,F-01966,2025B,2025-07-23,2026-02-28,647000,77640,724640
O-03902,F-01967,2026A,2026-02-07,2026-09-30,980000,117600,1097600
O-03903,F-01967,2025B,2025-07-10,2026-02-28,1655000,198600,1853600
O-03904,F-01968,2025A,2025-01-26,2025-09-30,811000,97320,908320
O-03905,F-01968,2025B,2025-08-08,2026-02-28,810500,97260,907760
O-03906,F-01969,2026A,2026-01-13,2026-09-30,467000,56040,523040
O-03907,F-01969,2025A,2025-02-20,2025-09-30,1337000,160440,1497440
O-03908,F-01970,2025B,2025-08-08,2026-02-28,1050000,126000,1176000
O-03909,F-01970,2026A,2026-01-26,2026-09-30,3058000,366960,3424960
O-03910,F-01970,2025A,2025-01-19,2025-09-30,1382000,165840,1547840
O-03911,F-01971,2026A,2026-02-02,2026-09-30,2690000,322800,3012800
O-03912,F-01971,2025A,2025-01-15,2025-09-30,790000,94800,884800
O-03913,F-01971,2025B,2025-08-01,2026-02-28,1849000,221880,2070880
O-03914,F-01972,2026A,2026-01-27,2026-09-30,1972500,236700,2209200
O-03915,F-01973,2025A,2025-02-24,2025-09-30,1245000,149400,1394400
O-03916,F-01974,2026A,2026-02-14,2026-09-30,2691000,322920,3013920
O-03917,F-01974,2025B,2025-07-18,2026-02-28,1004000,120480,1124480
O-03918,F-01974,2025A,2025-02-08,2025-09-30,1490500,178860,1669360
O-03919,F-01975,2026A,2026-01-13,2026-09-30,1695000,203400,1898400
O-03920,F-01975,2025A,2025-02-24,2025-09-30,1242000,149040,1391040
O-03921,F-01975,2025B,2025-08-04,2026-02-28,1428500,171420,1599920
O-03922,F-01976,2025A,2025-02-23,2025-09-30,927500,111300,1038800
O-03923,F-01977,2025A,2025-02-21,2025-09-30,1322000,158640,1480640
O-03924,F-01978,2025B,2025-07-13,2026-02-28,1859000,223080,2082080
O-03925,F-01979,2025B,2025-07-29,2026-02-28,1072000,128640,1200640
O-03926,F-01980,2025A,2025-02-01,2025-09-30,510000,61200,571200
O-03927,F-01981,2025B,2025-07-21,2026-02-28,2628000,315360,2943360
O-03928,F-01982,2025A,2025-02-15,2025-09-30,306000,36720,342720
O-03929,F-01982,2025B,2025-07-14,2026-02-28,1899000,227880,2126880
O-03930,F-01982,2026A,2026-01-26,2026-09-30,741000,88920,829920
O-03931,F-01983,2025B,2025-07-05,2026-02-28,1650000,198000,1848000
O-03932,F-01983,2026A,2026-02-20,2026-09-30,622000,74640,696640
O-03933,F-01984,2025A,2025-01-19,2025-09-30,1147500,137700,1285200
O-03934,F-01984,2025B,2025-07-01,2026-02-28,1828000,219360,2047360
O-03935,F-01985,2025B,2025-07-27,2026-02-28,192000,23040,215040
O-03936,F-01986,2025B,2025-07-08,2026-02-28,176500,21180,197680
O-03937,F-01986,2026A,2026-01-28,2026-09-30,1378500,165420,1543920
O-03938,F-01986,2025A,2025-01-21,2025-09-30,389000,46680,435680
O-03939,F-01987,2026A,2026-02-12,2026-09-30,1553000,186360,1739360
O-03940,F-01987,2025B,2025-07-22,2026-02-28,3507000,420840,3927840
O-03941,F-01987,2025A,2025-02-23,2025-09-30,1447000,173640,1620640
O-03942,F-01988,2025A,2025-02-04,2025-09-30,1182500,141900,1324400
O-03943,F-01988,2025B,2025-07-17,2026-02-28,1519000,182280,1701280
O-03944,F-01989,2025A,2025-02-11,2025-09-30,146000,17520,163520
O-03945,F-01989,2026A,2026-02-02,2026-09-30,1817000,218040,2035040
O-03946,F-01990,2026A,2026-02-02,2026-09-30,2712500,325500,3038000
O-03947,F-01990,2025A,2025-02-05,2025-09-30,1899000,227880,2126880
O-03948,F-01991,2025B,2025-07-21,2026-02-28,1233000,147960,1380960
O-03949,F-01991,2026A,2026-02-13,2026-09-30,3135000,376200,3511200
O-03950,F-01992,2026A,2026-02-01,2026-09-30,3091000,370920,3461920
O-03951,F-01992,2025B,2025-07-10,2026-02-28,3106000,372720,3478720
O-03952,F-01993,2026A,2026-02-06,2026-09-30,4227000,507240,4734240
O-03953,F-01994,2025A,2025-02-01,2025-09-30,902000,108240,1010240
O-03954,F-01994,2026A,2026-01-24,2026-09-30,777500,93300,870800
O-03955,F-01994,2025B,2025-08-07,2026-02-28,3642000,437040,4079040
O-03956,F-01995,2025A,2025-02-08,2025-09-30,1545500,185460,1730960
O-03957,F-01996,2025A,2025-02-01,2025-09-30,1158000,138960,1296960
O-03958,F-01996,2026A,2026-01-15,2026-09-30,2957000,354840,3311840
O-03959,F-01996,2025B,2025-07-13,2026-02-28,1778000,213360,1991360
O-03960,F-01997,2026A,2026-02-08,2026-09-30,1665000,199800,1864800
O-03961,F-01998,2026A,2026-02-06,2026-09-30,2577500,309300,2886800
O-03962,F-01998,2025A,2025-02-02,2025-09-30,1444000,173280,1617280
O-03963,F-01999,2025A,2025-02-15,2025-09-30,1394000,167280,1561280
O-03964,F-01999,2025B,2025-07-10,2026-02-28,765000,91800,856800
O-03965,F-01999,2026A,2026-02-19,2026-09-30,543000,65160,608160
O-03966,F-02000,2026A,2026-02-11,2026-09-30,785000,94200,879200
O-03967,F-02000,2025B,2025-07-11,2026-02-28,1013500,121620,1135120
O-03968,F-02000,2025A,2025-02-03,2025-09-30,949000,113880,1062880
O-03969,F-02001,2026A,2026-02-18,2026-09-30,875500,105060,980560
O-03970,F-02001,2025A,2025-01-20,2025-09-30,191000,22920,213920
O-03971,F-02002,2025B,2025-07-06,2026-02-28,763000,91560,854560
O-03972,F-02002,2025A,2025-02-09,2025-09-30,1233000,147960,1380960
O-03973,F-02002,2026A,2026-02-15,2026-09-30,744000,89280,833280
O-03974,F-02003,2025A,2025-02-22,2025-09-30,1326500,159180,1485680
O-03975,F-02003,2026A,2026-02-03,2026-09-30,2285500,274260,2559760
O-03976,F-02003,2025B,2025-07-08,2026-02-28,1819000,218280,2037280
O-03977,F-02004,2025A,2025-02-01,2025-09-30,702000,84240,786240
O-03978,F-02004,2026A,2026-02-09,2026-09-30,492000,59040,551040
O-03979,F-02004,2025B,2025-07-08,2026-02-28,601000,72120,673120
O-03980,F-02005,2025B,2025-07-25,2026-02-28,2308000,276960,2584960
O-03981,F-02006,2026A,2026-02-07,2026-09-30,1195500,143460,1338960
O-03982,F-02007,2025B,2025-07-13,2026-02-28,867000,104040,971040
O-03983,F-02007,2025A,2025-01-28,2025-09-30,725000,87000,812000
O-03984,F-02007,2026A,2026-01-14,2026-09-30,1134000,136080,1270080
O-03985,F-02008,2026A,2026-02-10,2026-09-30,740000,88800,828800
O-03986,F-02008,2025A,2025-02-08,2025-09-30,191000,22920,213920
O-03987,F-02009,2026A,2026-02-05,2026-09-30,1863500,223620,2087120
O-03988,F-02009,2025B,2025-07-14,2026-02-28,2105000,252600,2357600
O-03989,F-02010,2026A,2026-02-07,2026-09-30,2615000,313800,2928800
O-03990,F-02011,2026A,2026-01-19,2026-09-30,1713500,205620,1919120
O-03991,F-02011,2025B,2025-08-01,2026-02-28,900000,108000,1008000
O-03992,F-02011,2025A,2025-02-05,2025-09-30,615000,73800,688800
O-03993,F-02012,2026A,2026-01-16,2026-09-30,224000,26880,250880
O-03994,F-02012,2025A,2025-02-14,2025-09-30,1607500,192900,1800400
O-03995,F-02013,2025A,2025-01-26,2025-09-30,3636000,436320,4072320
O-03996,F-02014,2025A,2025-02-01,2025-09-30,1941000,232920,2173920
O-03997,F-02015,2026A,2026-02-12,2026-09-30,1033000,123960,1156960
O-03998,F-02015,2025A,2025-02-19,2025-09-30,257500,30900,288400
O-03999,F-02015,2025B,2025-07-25,2026-02-28,1456000,174720,1630720
O-04000,F-02016,2025B,2025-08-06,2026-02-28,1688000,202560,1890560
O-04001,F-02017,2026A,2026-02-17,2026-09-30,976000,117120,1093120
O-04002,F-02017,2025A,2025-02-08,2025-09-30,1068000,128160,1196160
O-04003,F-02018,2026A,2026-01-15,2026-09-30,2908000,348960,3256960
O-04004,F-02019,2026A,2026-01-19,2026-09-30,1728000,207360,1935360
O-04005,F-02019,2025A,2025-02-11,2025-09-30,2407000,288840,2695840
O-04006,F-02019,2025B,2025-07-18,2026-02-28,508500,61020,569520
O-04007,F-02020,2025A,2025-02-16,2025-09-30,1842000,221040,2063040
O-04008,F-02020,2025B,2025-07-22,2026-02-28,818500,98220,916720
O-04009,F-02020,2026A,2026-01-23,2026-09-30,1255000,150600,1405600
O-04010,F-02021,2026A,2026-02-13,2026-09-30,1361000,163320,1524320
O-04011,F-02021,2025A,2025-01-24,2025-09-30,921000,110520,1031520
O-04012,F-02022,2025A,2025-01-28,2025-09-30,790000,94800,884800
O-04013,F-02022,2025B,2025-08-09,2026-02-28,1952000,234240,2186240
O-04014,F-02023,2026A,2026-02-14,2026-09-30,2655000,318600,2973600
O-04015,F-02023,2025B,2025-07-06,2026-02-28,1175000,141000,1316000
O-04016,F-02023,2025A,2025-02-09,2025-09-30,767500,92100,859600
O-04017,F-02024,2025B,2025-07-26,2026-02-28,1384500,166140,1550640
O-04018,F-02024,2026A,2026-01-22,2026-09-30,1903000,228360,2131360
O-04019,F-02024,2025A,2025-01-23,2025-09-30,232000,27840,259840
O-04020,F-02025,2025B,2025-07-08,2026-02-28,1797500,215700,2013200
O-04021,F-02026,2026A,2026-01-24,2026-09-30,885000,106200,991200
O-04022,F-02027,2026A,2026-01-14,2026-09-30,1453000,174360,1627360
O-04023,F-02027,2025B,2025-07-20,2026-02-28,668000,80160,748160
O-04024,F-02027,2025A,2025-02-04,2025-09-30,869500,104340,973840
O-04025,F-02028,2025A,2025-01-19,2025-09-30,328000,39360,367360
O-04026,F-02029,2025A,2025-02-08,2025-09-30,466000,55920,521920
O-04027,F-02030,2025A,2025-02-11,2025-09-30,2794000,335280,3129280
O-04028,F-02030,2025B,2025-07-28,2026-02-28,466000,55920,521920
O-04029,F-02030,2026A,2026-02-17,2026-09-30,1488000,178560,1666560
O-04030,F-02031,2025A,2025-01-21,2025-09-30,672500,80700,753200
O-04031,F-02032,2025B,2025-07-29,2026-02-28,360000,43200,403200
O-04032,F-02032,2026A,2026-02-09,2026-09-30,1932000,231840,2163840
O-04033,F-02032,2025A,2025-01-30,2025-09-30,431000,51720,482720
O-04034,F-02033,2025B,2025-07-24,2026-02-28,1644000,197280,1841280
O-04035,F-02033,2025A,2025-02-05,2025-09-30,205000,24600,229600
O-04036,F-02033,2026A,2026-01-31,2026-09-30,538000,64560,602560
O-04037,F-02034,2025A,2025-01-27,2025-09-30,992000,119040,1111040
O-04038,F-02034,2026A,2026-02-03,2026-09-30,1496000,179520,1675520
O-04039,F-02035,2025B,2025-08-06,2026-02-28,896500,107580,1004080
O-04040,F-02036,2025A,2025-01-20,2025-09-30,2720000,326400,3046400
O-04041,F-02036,2026A,2026-02-18,2026-09-30,790000,94800,884800
O-04042,F-02036,2025B,2025-07-01,2026-02-28,204500,24540,229040
O-04043,F-02037,2026A,2026-02-04,2026-09-30,973000,116760,1089760
O-04044,F-02037,2025B,2025-07-17,2026-02-28,2581000,309720,2890720
O-04045,F-02037,2025A,2025-01-28,2025-09-30,2519000,302280,2821280
O-04046,F-02038,2026A,2026-01-25,2026-09-30,2106000,252720,2358720
O-04047,F-02039,2025A,2025-01-30,2025-09-30,1605000,192600,1797600
O-04048,F-02039,2026A,2026-02-20,2026-09-30,653000,78360,731360
O-04049,F-02039,2025B,2025-07-18,2026-02-28,2321000,278520,2599520
O-04050,F-02040,2025B,2025-08-05,2026-02-28,1521000,182520,1703520
O-04051,F-02040,2026A,2026-01-26,2026-09-30,2607000,312840,2919840
O-04052,F-02040,2025A,2025-01-18,2025-09-30,4298500,515820,4814320
O-04053,F-02041,2025A,2025-01-18,2025-09-30,2455000,294600,2749600
O-04054,F-02042,2025B,2025-07-27,2026-02-28,328500,39420,367920
O-04055,F-02042,2026A,2026-01-13,2026-09-30,980000,117600,1097600
O-04056,F-02043,2026A,2026-02-20,2026-09-30,171500,20580,192080
O-04057,F-02044,2025B,2025-08-02,2026-02-28,1101000,132120,1233120
O-04058,F-02045,2025B,2025-08-07,2026-02-28,1650000,198000,1848000
O-04059,F-02045,2025A,2025-01-23,2025-09-30,729500,87540,817040
O-04060,F-02046,2025A,2025-02-10,2025-09-30,388000,46560,434560
O-04061,F-02046,2026A,2026-01-24,2026-09-30,1786000,214320,2000320
O-04062,F-02047,2025B,2025-08-07,2026-02-28,1922500,230700,2153200
O-04063,F-02048,2025B,2025-08-03,2026-02-28,1434500,172140,1606640
O-04064,F-02048,2026A,2026-01-28,2026-09-30,1214000,145680,1359680
O-04065,F-02049,2026A,2026-02-10,2026-09-30,214500,25740,240240
O-04066,F-02049,2025A,2025-01-26,2025-09-30,1243500,149220,1392720
O-04067,F-02049,2025B,2025-07-03,2026-02-28,1374000,164880,1538880
O-04068,F-02050,2025B,2025-07-22,2026-02-28,1281500,153780,1435280
O-04069,F-02050,2026A,2026-01-19,2026-09-30,1030000,123600,1153600
O-04070,F-02051,2026A,2026-01-29,2026-09-30,1717500,206100,1923600
O-04071,F-02051,2025B,2025-07-06,2026-02-28,1118000,134160,1252160
O-04072,F-02051,2025A,2025-02-21,2025-09-30,722000,86640,808640
O-04073,F-02052,2025A,2025-02-24,2025-09-30,3442000,413040,3855040
O-04074,F-02052,2026A,2026-02-11,2026-09-30,1367000,164040,1531040
O-04075,F-02052,2025B,2025-07-09,2026-02-28,2272000,272640,2544640
O-04076,F-02053,2026A,2026-01-13,2026-09-30,1146000,137520,1283520
O-04077,F-02054,2026A,2026-01-12,2026-09-30,898000,107760,1005760
O-04078,F-02054,2025B,2025-07-06,2026-02-28,549000,65880,614880
O-04079,F-02054,2025A,2025-02-20,2025-09-30,339000,40680,379680
O-04080,F-02055,2025A,2025-02-11,2025-09-30,2375000,285000,2660000
O-04081,F-02056,2026A,2026-01-22,2026-09-30,510000,61200,571200
O-04082,F-02056,2025B,2025-07-27,2026-02-28,1679500,201540,1881040
O-04083,F-02056,2025A,2025-01-17,2025-09-30,1959000,235080,2194080
O-04084,F-02057,2026A,2026-01-13,2026-09-30,3007500,360900,3368400
O-04085,F-02058,2025A,2025-01-28,2025-09-30,3311000,397320,3708320
O-04086,F-02058,2026A,2026-01-21,2026-09-30,1266000,151920,1417920
O-04087,F-02058,2025B,2025-08-07,2026-02-28,754000,90480,844480
O-04088,F-02059,2025A,2025-02-21,2025-09-30,761500,91380,852880
O-04089,F-02060,2025A,2025-02-23,2025-09-30,1529500,183540,1713040
O-04090,F-02060,2026A,2026-02-15,2026-09-30,187500,22500,210000
O-04091,F-02061,2025A,2025-01-21,2025-09-30,1166000,139920,1305920
O-04092,F-02062,2025B,2025-07-07,2026-02-28,746000,89520,835520
O-04093,F-02063,2025B,2025-07-28,2026-02-28,1130000,135600,1265600
O-04094,F-02063,2025A,2025-02-02,2025-09-30,2082000,249840,2331840
O-04095,F-02064,2026A,2026-02-05,2026-09-30,662500,79500,742000
O-04096,F-02065,2025A,2025-01-31,2025-09-30,2914500,349740,3264240
O-04097,F-02065,2025B,2025-07-01,2026-02-28,2070000,248400,2318400
O-04098,F-02066,2025A,2025-02-15,2025-09-30,998000,119760,1117760
O-04099,F-02066,2025B,2025-08-03,2026-02-28,1974000,236880,2210880
O-04100,F-02066,2026A,2026-02-13,2026-09-30,1931000,231720,2162720
O-04101,F-02067,2025A,2025-02-14,2025-09-30,232000,27840,259840
O-04102,F-02067,2026A,2026-01-13,2026-09-30,1948500,233820,2182320
O-04103,F-02067,2025B,2025-07-05,2026-02-28,1671500,200580,1872080
O-04104,F-02068,2026A,2026-01-17,2026-09-30,146000,17520,163520
O-04105,F-02068,2025B,2025-07-31,2026-02-28,2604000,312480,2916480
O-04106,F-02069,2025A,2025-01-15,2025-09-30,1633500,196020,1829520
O-04107,F-02069,2026A,2026-01-15,2026-09-30,821000,98520,919520
O-04108,F-02070,2025B,2025-07-26,2026-02-28,917000,110040,1027040
O-04109,F-02071,2025A,2025-02-21,2025-09-30,1685500,202260,1887760
O-04110,F-02072,2025A,2025-02-19,2025-09-30,1631000,195720,1826720
O-04111,F-02073,2026A,2026-01-21,2026-09-30,768000,92160,860160
O-04112,F-02073,2025A,2025-01-29,2025-09-30,812500,97500,910000
O-04113,F-02074,2025B,2025-07-29,2026-02-28,571000,68520,639520
O-04114,F-02075,2026A,2026-02-01,2026-09-30,157000,18840,175840
O-04115,F-02075,2025A,2025-02-06,2025-09-30,101000,12120,113120
O-04116,F-02076,2026A,2026-02-07,2026-09-30,2057500,246900,2304400
O-04117,F-02076,2025B,2025-07-25,2026-02-28,226500,27180,253680
O-04118,F-02077,2026A,2026-02-21,2026-09-30,2467000,296040,2763040
O-04119,F-02077,2025B,2025-07-28,2026-02-28,2454000,294480,2748480
O-04120,F-02077,2025A,2025-01-17,2025-09-30,655000,78600,733600
O-04121,F-02078,2026A,2026-02-17,2026-09-30,959500,115140,1074640
O-04122,F-02079,2025B,2025-07-28,2026-02-28,935000,112200,1047200
O-04123,F-02080,2026A,2026-01-26,2026-09-30,1627000,195240,1822240
O-04124,F-02080,2025A,2025-01-22,2025-09-30,2693500,323220,3016720
O-04125,F-02080,2025B,2025-07-10,2026-02-28,993000,119160,1112160
O-04126,F-02081,2025A,2025-01-17,2025-09-30,2716000,325920,3041920
O-04127,F-02081,2026A,2026-01-16,2026-09-30,2791000,334920,3125920
O-04128,F-02081,2025B,2025-07-30,2026-02-28,2152000,258240,2410240
O-04129,F-02082,2025B,2025-08-06,2026-02-28,1409000,169080,1578080
O-04130,F-02082,2025A,2025-01-19,2025-09-30,146000,17520,163520
O-04131,F-02083,2025A,2025-01-25,2025-09-30,2425500,291060,2716560
O-04132,F-02084,2025B,2025-07-13,2026-02-28,835000,100200,935200
O-04133,F-02084,2025A,2025-01-26,2025-09-30,1651000,198120,1849120
O-04134,F-02085,2025B,2025-07-01,2026-02-28,2258500,271020,2529520
O-04135,F-02085,2025A,2025-02-21,2025-09-30,1264000,151680,1415680
O-04136,F-02086,2025B,2025-07-24,2026-02-28,1462500,175500,1638000
O-04137,F-02086,2025A,2025-02-01,2025-09-30,1322000,158640,1480640
O-04138,F-02087,2025B,2025-08-03,2026-02-28,3668500,440220,4108720
O-04139,F-02088,2025B,2025-07-29,2026-02-28,2821000,338520,3159520
O-04140,F-02088,2026A,2026-01-16,2026-09-30,2242000,269040,2511040
O-04141,F-02089,2026A,2026-01-21,2026-09-30,1965000,235800,2200800
O-04142,F-02089,2025A,2025-01-15,2025-09-30,2354000,282480,2636480
O-04143,F-02090,2025B,2025-07-01,2026-02-28,956000,114720,1070720
O-04144,F-02090,2026A,2026-01-20,2026-09-30,2182500,261900,2444400
O-04145,F-02090,2025A,2025-02-08,2025-09-30,669000,80280,749280
O-04146,F-02091,2025A,2025-02-12,2025-09-30,1134500,136140,1270640
O-04147,F-02091,2026A,2026-01-31,2026-09-30,4155000,498600,4653600
O-04148,F-02092,2025A,2025-01-21,2025-09-30,1348000,161760,1509760
O-04149,F-02093,2025A,2025-01-29,2025-09-30,2358500,283020,2641520
O-04150,F-02093,2025B,2025-07-20,2026-02-28,3243500,389220,3632720
O-04151,F-02094,2025B,2025-08-03,2026-02-28,899000,107880,1006880
O-04152,F-02095,2025B,2025-08-08,2026-02-28,3124000,374880,3498880
O-04153,F-02095,2026A,2026-01-22,2026-09-30,3173000,380760,3553760
O-04154,F-02096,2025B,2025-07-13,2026-02-28,282000,33840,315840
O-04155,F-02097,2026A,2026-01-24,2026-09-30,1414500,169740,1584240
O-04156,F-02097,2025A,2025-02-03,2025-09-30,1911000,229320,2140320
O-04157,F-02097,2025B,2025-08-01,2026-02-28,1320000,158400,1478400
O-04158,F-02098,2025B,2025-07-20,2026-02-28,2390000,286800,2676800
O-04159,F-02098,2025A,2025-01-24,2025-09-30,2954000,354480,3308480
O-04160,F-02099,2025B,2025-07-18,2026-02-28,1907500,228900,2136400
O-04161,F-02099,2026A,2026-02-08,2026-09-30,1332500,159900,1492400
O-04162,F-02099,2025A,2025-02-04,2025-09-30,1003000,120360,1123360
O-04163,F-02100,2026A,2026-02-10,2026-09-30,2631000,315720,2946720
O-04164,F-02101,2026A,2026-01-21,2026-09-30,1502000,180240,1682240
O-04165,F-02101,2025B,2025-07-26,2026-02-28,164000,19680,183680
O-04166,F-02101,2025A,2025-02-20,2025-09-30,1334000,160080,1494080
O-04167,F-02102,2025B,2025-07-21,2026-02-28,1957500,234900,2192400
O-04168,F-02103,2025A,2025-02-05,2025-09-30,997000,119640,1116640
O-04169,F-02103,2025B,2025-07-15,2026-02-28,1591500,190980,1782480
O-04170,F-02104,2025A,2025-01-31,2025-09-30,3080000,369600,3449600
O-04171,F-02104,2026A,2026-02-09,2026-09-30,1885000,226200,2111200
O-04172,F-02105,2025B,2025-07-01,2026-02-28,644000,77280,721280
O-04173,F-02106,2026A,2026-02-11,2026-09-30,1422000,170640,1592640
O-04174,F-02106,2025B,2025-07-16,2026-02-28,3336000,400320,3736320
O-04175,F-02106,2025A,2025-02-09,2025-09-30,75500,9060,84560
O-04176,F-02107,2025A,2025-01-16,2025-09-30,64000,7680,71680
O-04177,F-02107,2025B,2025-08-06,2026-02-28,2907000,348840,3255840
O-04178,F-02107,2026A,2026-01-21,2026-09-30,1115000,133800,1248800
O-04179,F-02108,2025B,2025-07-19,2026-02-28,1821000,218520,2039520
O-04180,F-02108,2025A,2025-01-15,2025-09-30,1528000,183360,1711360
O-04181,F-02108,2026A,2026-02-19,2026-09-30,1246000,149520,1395520
O-04182,F-02109,2026A,2026-02-06,2026-09-30,770000,92400,862400
O-04183,F-02109,2025B,2025-08-06,2026-02-28,1152000,138240,1290240
O-04184,F-02109,2025A,2025-02-18,2025-09-30,2198000,263760,2461760
O-04185,F-02110,2026A,2026-02-02,2026-09-30,1172000,140640,1312640
O-04186,F-02111,2025B,2025-08-03,2026-02-28,938000,112560,1050560
O-04187,F-02111,2026A,2026-02-01,2026-09-30,2085000,250200,2335200
O-04188,F-02112,2026A,2026-01-30,2026-09-30,2075500,249060,2324560
O-04189,F-02112,2025A,2025-02-06,2025-09-30,1192500,143100,1335600
O-04190,F-02113,2025A,2025-02-05,2025-09-30,123000,14760,137760
O-04191,F-02114,2025B,2025-07-25,2026-02-28,1256000,150720,1406720
O-04192,F-02115,2026A,2026-02-13,2026-09-30,1178000,141360,1319360
O-04193,F-02115,2025B,2025-07-08,2026-02-28,918000,110160,1028160
O-04194,F-02115,2025A,2025-01-21,2025-09-30,2641000,316920,2957920
O-04195,F-02116,2026A,2026-02-16,2026-09-30,1648000,197760,1845760
O-04196,F-02116,2025B,2025-07-23,2026-02-28,2781000,333720,3114720
O-04197,F-02116,2025A,2025-02-05,2025-09-30,232500,27900,260400
O-04198,F-02117,2025B,2025-07-16,2026-02-28,1079000,129480,1208480
O-04199,F-02117,2025A,2025-02-20,2025-09-30,543000,65160,608160
O-04200,F-02117,2026A,2026-02-15,2026-09-30,678000,81360,759360
O-04201,F-02118,2025B,2025-07-06,2026-02-28,610000,73200,683200
O-04202,F-02118,2026A,2026-01-25,2026-09-30,1130000,135600,1265600
O-04203,F-02118,2025A,2025-01-16,2025-09-30,1796000,215520,2011520
O-04204,F-02119,2025B,2025-07-21,2026-02-28,619500,74340,693840
O-04205,F-02120,2026A,2026-02-14,2026-09-30,1080000,129600,1209600
O-04206,F-02121,2025B,2025-07-12,2026-02-28,3007500,360900,3368400
O-04207,F-02122,2026A,2026-01-29,2026-09-30,344000,41280,385280
O-04208,F-02123,2026A,2026-01-16,2026-09-30,677500,81300,758800
O-04209,F-02123,2025B,2025-07-02,2026-02-28,2108500,253020,2361520
O-04210,F-02124,2025A,2025-02-24,2025-09-30,2290000,274800,2564800
O-04211,F-02124,2025B,2025-07-02,2026-02-28,986000,118320,1104320
O-04212,F-02124,2026A,2026-01-22,2026-09-30,1476500,177180,1653680
O-04213,F-02125,2026A,2026-02-17,2026-09-30,1429000,171480,1600480
O-04214,F-02126,2025B,2025-07-09,2026-02-28,1157000,138840,1295840
O-04215,F-02127,2025A,2025-01-21,2025-09-30,761000,91320,852320
O-04216,F-02128,2025B,2025-08-10,2026-02-28,702500,84300,786800
O-04217,F-02129,2025A,2025-02-05,2025-09-30,808000,96960,904960
O-04218,F-02129,2025B,2025-07-14,2026-02-28,1871000,224520,2095520
O-04219,F-02130,2025B,2025-07-03,2026-02-28,1409000,169080,1578080
O-04220,F-02130,2025A,2025-01-28,2025-09-30,3672000,440640,4112640
O-04221,F-02130,2026A,2026-01-27,2026-09-30,2071500,248580,2320080
O-04222,F-02131,2026A,2026-02-16,2026-09-30,1670000,200400,1870400
O-04223,F-02131,2025A,2025-01-23,2025-09-30,2500000,300000,2800000
O-04224,F-02131,2025B,2025-07-22,2026-02-28,968000,116160,1084160
O-04225,F-02132,2025A,2025-02-07,2025-09-30,3453000,414360,3867360
O-04226,F-02133,2026A,2026-01-29,2026-09-30,1388000,166560,1554560
O-04227,F-02133,2025B,2025-07-25,2026-02-28,727000,87240,814240
O-04228,F-02134,2025A,2025-01-17,2025-09-30,3129000,375480,3504480
O-04229,F-02134,2025B,2025-07-14,2026-02-28,2667000,320040,2987040
O-04230,F-02135,2026A,2026-01-25,2026-09-30,1546500,185580,1732080
O-04231,F-02135,2025B,2025-07-24,2026-02-28,1683500,202020,1885520
O-04232,F-02135,2025A,2025-02-24,2025-09-30,2094000,251280,2345280
O-04233,F-02136,2025A,2025-01-23,2025-09-30,1616000,193920,1809920
O-04234,F-02137,2025A,2025-01-17,2025-09-30,696500,83580,780080
O-04235,F-02137,2025B,2025-07-28,2026-02-28,508000,60960,568960
O-04236,F-02137,2026A,2026-01-24,2026-09-30,783000,93960,876960
O-04237,F-02138,2025A,2025-02-22,2025-09-30,1443500,173220,1616720
O-04238,F-02138,2026A,2026-02-02,2026-09-30,178500,21420,199920
O-04239,F-02139,2025A,2025-02-18,2025-09-30,876000,105120,981120
O-04240,F-02139,2026A,2026-02-13,2026-09-30,1395500,167460,1562960
O-04241,F-02140,2025B,2025-07-06,2026-02-28,1175000,141000,1316000
O-04242,F-02140,2025A,2025-01-25,2025-09-30,1496500,179580,1676080
O-04243,F-02141,2025B,2025-07-06,2026-02-28,1641000,196920,1837920
O-04244,F-02141,2026A,2026-02-21,2026-09-30,777500,93300,870800
O-04245,F-02141,2025A,2025-02-20,2025-09-30,3577000,429240,4006240
O-04246,F-02142,2026A,2026-02-14,2026-09-30,815500,97860,913360
O-04247,F-02142,2025B,2025-08-05,2026-02-28,573500,68820,642320
O-04248,F-02143,2026A,2026-02-08,2026-09-30,1578500,189420,1767920
O-04249,F-02143,2025A,2025-02-01,2025-09-30,902000,108240,1010240
O-04250,F-02143,2025B,2025-07-25,2026-02-28,2108000,252960,2360960
O-04251,F-02144,2025B,2025-07-11,2026-02-28,1249500,149940,1399440
O-04252,F-02144,2026A,2026-02-11,2026-09-30,1835000,220200,2055200
O-04253,F-02145,2026A,2026-02-01,2026-09-30,504000,60480,564480
O-04254,F-02145,2025A,2025-02-14,2025-09-30,2013000,241560,2254560
O-04255,F-02145,2025B,2025-07-01,2026-02-28,1596000,191520,1787520
O-04256,F-02146,2026A,2026-02-11,2026-09-30,2372000,284640,2656640
O-04257,F-02147,2025A,2025-01-17,2025-09-30,774000,92880,866880
O-04258,F-02147,2026A,2026-01-18,2026-09-30,1539000,184680,1723680
O-04259,F-02147,2025B,2025-07-20,2026-02-28,1107000,132840,1239840
O-04260,F-02148,2026A,2026-02-10,2026-09-30,1819000,218280,2037280
O-04261,F-02148,2025A,2025-01-31,2025-09-30,1103500,132420,1235920
O-04262,F-02149,2025A,2025-02-23,2025-09-30,250500,30060,280560
O-04263,F-02149,2026A,2026-02-05,2026-09-30,327000,39240,366240
O-04264,F-02150,2025A,2025-02-13,2025-09-30,1946000,233520,2179520
O-04265,F-02150,2025B,2025-08-10,2026-02-28,2819000,338280,3157280
O-04266,F-02151,2026A,2026-01-20,2026-09-30,1653500,198420,1851920
O-04267,F-02151,2025A,2025-01-19,2025-09-30,661000,79320,740320
O-04268,F-02152,2025B,2025-07-10,2026-02-28,905000,108600,1013600
O-04269,F-02152,2026A,2026-02-13,2026-09-30,810000,97200,907200
O-04270,F-02152,2025A,2025-02-12,2025-09-30,1503000,180360,1683360
O-04271,F-02153,2025B,2025-07-18,2026-02-28,1321500,158580,1480080
O-04272,F-02153,2025A,2025-02-02,2025-09-30,1633000,195960,1828960
O-04273,F-02154,2026A,2026-01-19,2026-09-30,548000,65760,613760
O-04274,F-02154,2025A,2025-01-20,2025-09-30,2817000,338040,3155040
O-04275,F-02154,2025B,2025-07-11,2026-02-28,1070500,128460,1198960
O-04276,F-02155,2025B,2025-07-09,2026-02-28,1253000,150360,1403360
O-04277,F-02155,2026A,2026-02-08,2026-09-30,2693000,323160,3016160
O-04278,F-02156,2025A,2025-02-15,2025-09-30,383000,45960,428960
O-04279,F-02156,2025B,2025-07-24,2026-02-28,2156000,258720,2414720
O-04280,F-02157,2025A,2025-02-08,2025-09-30,1121000,134520,1255520
O-04281,F-02157,2025B,2025-07-07,2026-02-28,1031000,123720,1154720
O-04282,F-02158,2026A,2026-01-19,2026-09-30,2049000,245880,2294880
O-04283,F-02159,2026A,2026-02-07,2026-09-30,1169000,140280,1309280
O-04284,F-02160,2025A,2025-01-22,2025-09-30,1223000,146760,1369760
O-04285,F-02160,2026A,2026-02-12,2026-09-30,1457500,174900,1632400
O-04286,F-02160,2025B,2025-07-26,2026-02-28,2386000,286320,2672320
O-04287,F-02161,2025B,2025-07-05,2026-02-28,75500,9060,84560
O-04288,F-02161,2026A,2026-02-04,2026-09-30,1437000,172440,1609440
O-04289,F-02161,2025A,2025-01-28,2025-09-30,1561500,187380,1748880
O-04290,F-02162,2025B,2025-08-08,2026-02-28,763000,91560,854560
O-04291,F-02162,2026A,2026-01-30,2026-09-30,720000,86400,806400
O-04292,F-02162,2025A,2025-02-15,2025-09-30,1650000,198000,1848000
O-04293,F-02163,2025B,2025-07-10,2026-02-28,1591000,190920,1781920
O-04294,F-02163,2026A,2026-01-30,2026-09-30,431000,51720,482720
O-04295,F-02164,2026A,2026-01-19,2026-09-30,749500,89940,839440
O-04296,F-02164,2025B,2025-07-29,2026-02-28,739000,88680,827680
O-04297,F-02165,2025B,2025-07-18,2026-02-28,1278000,153360,1431360
O-04298,F-02165,2025A,2025-02-12,2025-09-30,1385000,166200,1551200
O-04299,F-02166,2025B,2025-08-02,2026-02-28,1506000,180720,1686720
O-04300,F-02166,2026A,2026-02-17,2026-09-30,3031000,363720,3394720
O-04301,F-02167,2026A,2026-01-25,2026-09-30,895000,107400,1002400
O-04302,F-02168,2026A,2026-02-17,2026-09-30,2707000,324840,3031840
O-04303,F-02169,2026A,2026-02-15,2026-09-30,192000,23040,215040
O-04304,F-02170,2025A,2025-01-20,2025-09-30,1902000,228240,2130240
O-04305,F-02171,2025A,2025-01-25,2025-09-30,1538000,184560,1722560
O-04306,F-02172,2025B,2025-07-19,2026-02-28,954500,114540,1069040
O-04307,F-02173,2026A,2026-01-20,2026-09-30,1312000,157440,1469440
O-04308,F-02173,2025B,2025-07-11,2026-02-28,2130000,255600,2385600
O-04309,F-02173,2025A,2025-01-15,2025-09-30,1180000,141600,1321600
O-04310,F-02174,2025B,2025-07-13,2026-02-28,673000,80760,753760
O-04311,F-02174,2026A,2026-02-21,2026-09-30,823000,98760,921760
O-04312,F-02175,2026A,2026-02-01,2026-09-30,690000,82800,772800
O-04313,F-02176,2025B,2025-07-25,2026-02-28,2110000,253200,2363200
O-04314,F-02176,2026A,2026-02-01,2026-09-30,1580500,189660,1770160
O-04315,F-02176,2025A,2025-02-10,2025-09-30,1136000,136320,1272320
O-04316,F-02177,2026A,2026-01-25,2026-09-30,3185000,382200,3567200
O-04317,F-02177,2025A,2025-02-04,2025-09-30,1186000,142320,1328320
O-04318,F-02177,2025B,2025-07-24,2026-02-28,2488000,298560,2786560
O-04319,F-02178,2026A,2026-01-22,2026-09-30,1288500,154620,1443120
O-04320,F-02178,2025B,2025-07-23,2026-02-28,396000,47520,443520
O-04321,F-02179,2025B,2025-07-11,2026-02-28,1959000,235080,2194080
O-04322,F-02180,2026A,2026-02-13,2026-09-30,819500,98340,917840
O-04323,F-02180,2025A,2025-02-18,2025-09-30,2070000,248400,2318400
O-04324,F-02181,2025B,2025-08-01,2026-02-28,1328000,159360,1487360
O-04325,F-02181,2026A,2026-01-22,2026-09-30,636000,76320,712320
O-04326,F-02182,2025B,2025-07-09,2026-02-28,2138000,256560,2394560
O-04327,F-02182,2025A,2025-02-23,2025-09-30,2171000,260520,2431520
O-04328,F-02183,2025B,2025-07-25,2026-02-28,1013500,121620,1135120
O-04329,F-02183,2026A,2026-02-08,2026-09-30,749000,89880,838880
O-04330,F-02184,2026A,2026-01-22,2026-09-30,1385000,166200,1551200
O-04331,F-02185,2025A,2025-02-15,2025-09-30,2944000,353280,3297280
O-04332,F-02185,2026A,2026-02-04,2026-09-30,2754000,330480,3084480
O-04333,F-02185,2025B,2025-07-25,2026-02-28,1702500,204300,1906800
O-04334,F-02186,2025A,2025-02-12,2025-09-30,1148000,137760,1285760
O-04335,F-02186,2026A,2026-02-12,2026-09-30,1369000,164280,1533280
O-04336,F-02186,2025B,2025-08-07,2026-02-28,3555000,426600,3981600
O-04337,F-02187,2025A,2025-02-04,2025-09-30,3276000,393120,3669120
O-04338,F-02188,2025A,2025-02-21,2025-09-30,1437500,172500,1610000
O-04339,F-02188,2025B,2025-07-24,2026-02-28,2874000,344880,3218880
O-04340,F-02189,2025B,2025-07-07,2026-02-28,3192000,383040,3575040
O-04341,F-02190,2025A,2025-02-15,2025-09-30,2384000,286080,2670080
O-04342,F-02190,2026A,2026-02-07,2026-09-30,546500,65580,612080
O-04343,F-02191,2025B,2025-07-31,2026-02-28,1465000,175800,1640800
O-04344,F-02191,2025A,2025-01-31,2025-09-30,1282000,153840,1435840
O-04345,F-02191,2026A,2026-01-23,2026-09-30,306500,36780,343280
O-04346,F-02192,2026A,2026-02-03,2026-09-30,1449000,173880,1622880
O-04347,F-02192,2025B,2025-07-10,2026-02-28,1145000,137400,1282400
O-04348,F-02193,2025A,2025-02-02,2025-09-30,304500,36540,341040
O-04349,F-02193,2026A,2026-02-13,2026-09-30,1457500,174900,1632400
O-04350,F-02193,2025B,2025-07-23,2026-02-28,689000,82680,771680
O-04351,F-02194,2026A,2026-02-15,2026-09-30,2013000,241560,2254560
O-04352,F-02194,2025A,2025-01-15,2025-09-30,1127000,135240,1262240
O-04353,F-02195,2025B,2025-07-29,2026-02-28,92000,11040,103040
O-04354,F-02195,2026A,2026-02-16,2026-09-30,1136500,136380,1272880
O-04355,F-02196,2026A,2026-02-14,2026-09-30,2328500,279420,2607920
O-04356,F-02196,2025B,2025-07-22,2026-02-28,2068500,248220,2316720
O-04357,F-02197,2025B,2025-07-11,2026-02-28,2626000,315120,2941120
O-04358,F-02198,2026A,2026-02-04,2026-09-30,1962000,235440,2197440
O-04359,F-02199,2025B,2025-07-05,2026-02-28,2045000,245400,2290400
O-04360,F-02200,2025B,2025-07-01,2026-02-28,1286000,154320,1440320
O-04361,F-02201,2025A,2025-02-03,2025-09-30,687000,82440,769440
O-04362,F-02201,2026A,2026-02-18,2026-09-30,1301500,156180,1457680
O-04363,F-02201,2025B,2025-08-09,2026-02-28,730000,87600,817600
O-04364,F-02202,2026A,2026-02-12,2026-09-30,1669000,200280,1869280
O-04365,F-02202,2025A,2025-02-15,2025-09-30,744000,89280,833280
O-04366,F-02202,2025B,2025-07-22,2026-02-28,1509000,181080,1690080
O-04367,F-02203,2025B,2025-07-30,2026-02-28,3873000,464760,4337760
O-04368,F-02203,2025A,2025-02-15,2025-09-30,1680500,201660,1882160
O-04369,F-02203,2026A,2026-01-17,2026-09-30,962000,115440,1077440
O-04370,F-02204,2025B,2025-07-07,2026-02-28,980000,117600,1097600
O-04371,F-02204,2025A,2025-02-11,2025-09-30,3296000,395520,3691520
O-04372,F-02205,2026A,2026-01-30,2026-09-30,182500,21900,204400
O-04373,F-02205,2025B,2025-07-23,2026-02-28,1589000,190680,1779680
O-04374,F-02205,2025A,2025-02-09,2025-09-30,920000,110400,1030400
O-04375,F-02206,2025B,2025-07-21,2026-02-28,2635500,316260,2951760
O-04376,F-02206,2026A,2026-02-08,2026-09-30,483000,57960,540960
O-04377,F-02207,2026A,2026-02-05,2026-09-30,986000,118320,1104320
O-04378,F-02208,2026A,2026-01-20,2026-09-30,506500,60780,567280
O-04379,F-02209,2026A,2026-01-25,2026-09-30,1488000,178560,1666560
O-04380,F-02210,2025A,2025-01-22,2025-09-30,436000,52320,488320
O-04381,F-02211,2025B,2025-08-08,2026-02-28,947500,113700,1061200
O-04382,F-02212,2025B,2025-07-21,2026-02-28,1695000,203400,1898400
O-04383,F-02212,2025A,2025-01-17,2025-09-30,2244000,269280,2513280
O-04384,F-02213,2025B,2025-07-17,2026-02-28,1671500,200580,1872080
O-04385,F-02213,2025A,2025-02-12,2025-09-30,2383000,285960,2668960
O-04386,F-02213,2026A,2026-02-13,2026-09-30,1260000,151200,1411200
O-04387,F-02214,2025A,2025-01-28,2025-09-30,1312000,157440,1469440
O-04388,F-02214,2025B,2025-07-11,2026-02-28,1318000,158160,1476160
O-04389,F-02214,2026A,2026-01-25,2026-09-30,353000,42360,395360
O-04390,F-02215,2026A,2026-01-30,2026-09-30,1168000,140160,1308160
O-04391,F-02216,2025B,2025-07-15,2026-02-28,103500,12420,115920
O-04392,F-02216,2025A,2025-02-05,2025-09-30,1939000,232680,2171680
O-04393,F-02216,2026A,2026-02-20,2026-09-30,476000,57120,533120
O-04394,F-02217,2026A,2026-01-22,2026-09-30,851000,102120,953120
O-04395,F-02218,2025A,2025-02-07,2025-09-30,1045000,125400,1170400
O-04396,F-02218,2025B,2025-07-06,2026-02-28,272000,32640,304640
O-04397,F-02218,2026A,2026-01-15,2026-09-30,3081000,369720,3450720
O-04398,F-02219,2025A,2025-01-16,2025-09-30,567500,68100,635600
O-04399,F-02219,2026A,2026-01-22,2026-09-30,930000,111600,1041600
O-04400,F-02219,2025B,2025-07-02,2026-02-28,2242000,269040,2511040
O-04401,F-02220,2026A,2026-02-02,2026-09-30,3043000,365160,3408160
O-04402,F-02220,2025B,2025-07-13,2026-02-28,1880000,225600,2105600
O-04403,F-02221,2025B,2025-07-14,2026-02-28,1841000,220920,2061920
O-04404,F-02221,2025A,2025-02-09,2025-09-30,2318500,278220,2596720
O-04405,F-02221,2026A,2026-02-11,2026-09-30,3023000,362760,3385760
O-04406,F-02222,2025A,2025-02-05,2025-09-30,3111000,373320,3484320
O-04407,F-02223,2025B,2025-07-15,2026-02-28,2901000,348120,3249120
O-04408,F-02224,2026A,2026-01-25,2026-09-30,588000,70560,658560
O-04409,F-02224,2025A,2025-02-15,2025-09-30,862500,103500,966000
O-04410,F-02224,2025B,2025-07-07,2026-02-28,1422000,170640,1592640
O-04411,F-02225,2025B,2025-08-09,2026-02-28,2308000,276960,2584960
O-04412,F-02225,2026A,2026-01-13,2026-09-30,1237000,148440,1385440
O-04413,F-02225,2025A,2025-01-31,2025-09-30,1340000,160800,1500800
O-04414,F-02226,2025A,2025-02-08,2025-09-30,2891500,346980,3238480
O-04415,F-02227,2026A,2026-02-08,2026-09-30,231000,27720,258720
O-04416,F-02227,2025A,2025-01-28,2025-09-30,107000,12840,119840
O-04417,F-02227,2025B,2025-07-24,2026-02-28,1230000,147600,1377600
O-04418,F-02228,2025A,2025-02-05,2025-09-30,2363500,283620,2647120
O-04419,F-02228,2025B,2025-07-26,2026-02-28,2120000,254400,2374400
O-04420,F-02228,2026A,2026-01-25,2026-09-30,1624000,194880,1818880
O-04421,F-02229,2025A,2025-02-04,2025-09-30,1636500,196380,1832880
O-04422,F-02229,2025B,2025-07-23,2026-02-28,1595000,191400,1786400
O-04423,F-02229,2026A,2026-02-16,2026-09-30,1859000,223080,2082080
O-04424,F-02230,2025A,2025-02-05,2025-09-30,2120000,254400,2374400
O-04425,F-02230,2025B,2025-07-21,2026-02-28,3233000,387960,3620960
O-04426,F-02230,2026A,2026-02-02,2026-09-30,740500,88860,829360
O-04427,F-02231,2026A,2026-02-05,2026-09-30,2592500,311100,2903600
O-04428,F-02232,2026A,2026-02-13,2026-09-30,1486000,178320,1664320
O-04429,F-02233,2025A,2025-01-15,2025-09-30,2688000,322560,3010560
O-04430,F-02233,2026A,2026-02-17,2026-09-30,705500,84660,790160
O-04431,F-02234,2025A,2025-02-24,2025-09-30,1312000,157440,1469440
O-04432,F-02234,2026A,2026-02-04,2026-09-30,1600000,192000,1792000
O-04433,F-02234,2025B,2025-07-29,2026-02-28,686000,82320,768320
O-04434,F-02235,2025B,2025-07-05,2026-02-28,1357500,162900,1520400
O-04435,F-02235,2025A,2025-02-06,2025-09-30,1472000,176640,1648640
O-04436,F-02235,2026A,2026-02-01,2026-09-30,1320000,158400,1478400
O-04437,F-02236,2026A,2026-02-18,2026-09-30,2305000,276600,2581600
O-04438,F-02236,2025B,2025-07-23,2026-02-28,1392500,167100,1559600
O-04439,F-02237,2025B,2025-07-27,2026-02-28,1712000,205440,1917440
O-04440,F-02238,2025A,2025-01-23,2025-09-30,963500,115620,1079120
O-04441,F-02239,2026A,2026-02-06,2026-09-30,153000,18360,171360
O-04442,F-02239,2025B,2025-07-31,2026-02-28,724500,86940,811440
O-04443,F-02239,2025A,2025-01-27,2025-09-30,1518500,182220,1700720
O-04444,F-02240,2025B,2025-07-23,2026-02-28,1712500,205500,1918000
O-04445,F-02241,2025B,2025-08-01,2026-02-28,772000,92640,864640
O-04446,F-02241,2025A,2025-01-27,2025-09-30,3167000,380040,3547040
O-04447,F-02241,2026A,2026-01-24,2026-09-30,1980000,237600,2217600
O-04448,F-02242,2026A,2026-01-15,2026-09-30,1908000,228960,2136960
O-04449,F-02242,2025A,2025-01-29,2025-09-30,515000,61800,576800
O-04450,F-02243,2026A,2026-02-07,2026-09-30,1899000,227880,2126880
O-04451,F-02243,2025B,2025-08-10,2026-02-28,687000,82440,769440
O-04452,F-02243,2025A,2025-02-05,2025-09-30,564000,67680,631680
O-04453,F-02244,2025B,2025-07-10,2026-02-28,1501000,180120,1681120
O-04454,F-02244,2026A,2026-02-15,2026-09-30,354000,42480,396480
O-04455,F-02245,2026A,2026-02-13,2026-09-30,1490500,178860,1669360
O-04456,F-02246,2025A,2025-01-29,2025-09-30,789000,94680,883680
O-04457,F-02246,2025B,2025-07-18,2026-02-28,1407500,168900,1576400
O-04458,F-02247,2026A,2026-02-18,2026-09-30,476000,57120,533120
O-04459,F-02247,2025A,2025-01-15,2025-09-30,151000,18120,169120
O-04460,F-02248,2025A,2025-01-29,2025-09-30,806000,96720,902720
O-04461,F-02248,2026A,2026-01-12,2026-09-30,2028000,243360,2271360
O-04462,F-02249,2026A,2026-02-18,2026-09-30,2274500,272940,2547440
O-04463,F-02250,2025A,2025-02-24,2025-09-30,2553000,306360,2859360
O-04464,F-02251,2026A,2026-02-13,2026-09-30,3246500,389580,3636080
O-04465,F-02251,2025B,2025-08-05,2026-02-28,2149000,257880,2406880
O-04466,F-02252,2026A,2026-01-31,2026-09-30,341500,40980,382480
O-04467,F-02253,2026A,2026-01-21,2026-09-30,375000,45000,420000
O-04468,F-02254,2025A,2025-02-17,2025-09-30,2291500,274980,2566480
O-04469,F-02254,2025B,2025-07-26,2026-02-28,1606000,192720,1798720
O-04470,F-02255,2026A,2026-02-04,2026-09-30,1392500,167100,1559600
O-04471,F-02256,2026A,2026-02-17,2026-09-30,101000,12120,113120
O-04472,F-02256,2025A,2025-02-05,2025-09-30,1683000,201960,1884960
O-04473,F-02257,2025B,2025-07-11,2026-02-28,2857500,342900,3200400
O-04474,F-02257,2025A,2025-01-22,2025-09-30,912000,109440,1021440
O-04475,F-02258,2025A,2025-02-13,2025-09-30,720500,86460,806960
O-04476,F-02258,2025B,2025-07-05,2026-02-28,905000,108600,1013600
O-04477,F-02258,2026A,2026-02-06,2026-09-30,3760500,451260,4211760
O-04478,F-02259,2025A,2025-01-30,2025-09-30,1043000,125160,1168160
O-04479,F-02259,2025B,2025-07-06,2026-02-28,2120000,254400,2374400
O-04480,F-02260,2025B,2025-08-03,2026-02-28,1376000,165120,1541120
O-04481,F-02260,2025A,2025-02-07,2025-09-30,964000,115680,1079680
O-04482,F-02261,2026A,2026-01-17,2026-09-30,1656000,198720,1854720
O-04483,F-02261,2025A,2025-01-19,2025-09-30,1786000,214320,2000320
O-04484,F-02261,2025B,2025-07-20,2026-02-28,1872000,224640,2096640
O-04485,F-02262,2025B,2025-08-04,2026-02-28,861000,103320,964320
O-04486,F-02262,2025A,2025-01-20,2025-09-30,699000,83880,782880
O-04487,F-02262,2026A,2026-02-06,2026-09-30,1278000,153360,1431360
O-04488,F-02263,2026A,2026-02-10,2026-09-30,1127000,135240,1262240
O-04489,F-02264,2026A,2026-01-16,2026-09-30,1132000,135840,1267840
O-04490,F-02265,2025A,2025-01-18,2025-09-30,2124000,254880,2378880
O-04491,F-02266,2026A,2026-02-07,2026-09-30,2566500,307980,2874480
O-04492,F-02267,2026A,2026-02-01,2026-09-30,2786000,334320,3120320
O-04493,F-02267,2025A,2025-02-21,2025-09-30,1384500,166140,1550640
O-04494,F-02268,2026A,2026-02-07,2026-09-30,3796000,455520,4251520
O-04495,F-02268,2025B,2025-07-24,2026-02-28,1209000,145080,1354080
O-04496,F-02268,2025A,2025-02-22,2025-09-30,1931000,231720,2162720
O-04497,F-02269,2025B,2025-07-26,2026-02-28,702500,84300,786800
O-04498,F-02270,2025A,2025-02-06,2025-09-30,618500,74220,692720
O-04499,F-02271,2026A,2026-02-09,2026-09-30,895000,107400,1002400
O-04500,F-02271,2025A,2025-02-24,2025-09-30,535500,64260,599760
O-04501,F-02271,2025B,2025-08-10,2026-02-28,3522000,422640,3944640
O-04502,F-02272,2025B,2025-07-09,2026-02-28,872000,104640,976640
O-04503,F-02272,2026A,2026-02-12,2026-09-30,1487000,178440,1665440
O-04504,F-02273,2025A,2025-02-24,2025-09-30,948000,113760,1061760
O-04505,F-02273,2025B,2025-07-25,2026-02-28,2981500,357780,3339280
O-04506,F-02273,2026A,2026-01-15,2026-09-30,75500,9060,84560
O-04507,F-02274,2025A,2025-01-18,2025-09-30,348000,41760,389760
O-04508,F-02275,2025A,2025-01-28,2025-09-30,2261500,271380,2532880
O-04509,F-02276,2025B,2025-07-19,2026-02-28,1464000,175680,1639680
O-04510,F-02277,2026A,2026-02-09,2026-09-30,562500,67500,630000
O-04511,F-02278,2026A,2026-02-12,2026-09-30,1000000,120000,1120000
O-04512,F-02279,2025B,2025-07-19,2026-02-28,2736000,328320,3064320
O-04513,F-02279,2026A,2026-01-14,2026-09-30,1426000,171120,1597120
O-04514,F-02280,2025A,2025-01-19,2025-09-30,1636000,196320,1832320
O-04515,F-02280,2026A,2026-02-13,2026-09-30,2213000,265560,2478560
O-04516,F-02281,2026A,2026-02-14,2026-09-30,921000,110520,1031520
O-04517,F-02281,2025A,2025-01-27,2025-09-30,353000,42360,395360
O-04518,F-02281,2025B,2025-08-09,2026-02-28,1460000,175200,1635200
O-04519,F-02282,2026A,2026-02-15,2026-09-30,1927000,231240,2158240
O-04520,F-02282,2025A,2025-02-08,2025-09-30,1810000,217200,2027200
O-04521,F-02283,2025A,2025-02-07,2025-09-30,198000,23760,221760
O-04522,F-02283,2025B,2025-07-14,2026-02-28,1165500,139860,1305360
O-04523,F-02283,2026A,2026-01-25,2026-09-30,1366000,163920,1529920
O-04524,F-02284,2026A,2026-02-20,2026-09-30,1525000,183000,1708000
O-04525,F-02284,2025B,2025-07-03,2026-02-28,1312000,157440,1469440
O-04526,F-02284,2025A,2025-02-20,2025-09-30,2017000,242040,2259040
O-04527,F-02285,2025B,2025-07-27,2026-02-28,1554000,186480,1740480
O-04528,F-02285,2025A,2025-02-09,2025-09-30,2335000,280200,2615200
O-04529,F-02286,2025B,2025-08-10,2026-02-28,961000,115320,1076320
O-04530,F-02287,2026A,2026-02-17,2026-09-30,1220000,146400,1366400
O-04531,F-02287,2025B,2025-07-21,2026-02-28,652500,78300,730800
O-04532,F-02288,2026A,2026-01-29,2026-09-30,2219000,266280,2485280
O-04533,F-02288,2025A,2025-02-08,2025-09-30,1468000,176160,1644160
O-04534,F-02289,2025B,2025-07-20,2026-02-28,1115000,133800,1248800
O-04535,F-02290,2025B,2025-07-31,2026-02-28,1700000,204000,1904000
O-04536,F-02290,2026A,2026-01-30,2026-09-30,2755000,330600,3085600
O-04537,F-02290,2025A,2025-02-02,2025-09-30,4213000,505560,4718560
O-04538,F-02291,2025B,2025-07-30,2026-02-28,2304000,276480,2580480
O-04539,F-02291,2026A,2026-01-23,2026-09-30,2613000,313560,2926560
O-04540,F-02291,2025A,2025-02-07,2025-09-30,1392500,167100,1559600
O-04541,F-02292,2025B,2025-07-03,2026-02-28,1022000,122640,1144640
O-04542,F-02292,2025A,2025-01-31,2025-09-30,134000,16080,150080
O-04543,F-02292,2026A,2026-01-28,2026-09-30,2225000,267000,2492000
O-04544,F-02293,2025A,2025-02-17,2025-09-30,654000,78480,732480
O-04545,F-02293,2026A,2026-02-04,2026-09-30,465000,55800,520800
O-04546,F-02293,2025B,2025-08-04,2026-02-28,1169000,140280,1309280
O-04547,F-02294,2025B,2025-07-12,2026-02-28,1506000,180720,1686720
O-04548,F-02295,2025A,2025-01-16,2025-09-30,3089000,370680,3459680
O-04549,F-02295,2025B,2025-08-09,2026-02-28,3927000,471240,4398240
O-04550,F-02296,2025B,2025-07-12,2026-02-28,119500,14340,133840
O-04551,F-02296,2026A,2026-02-14,2026-09-30,1254000,150480,1404480
O-04552,F-02297,2025B,2025-07-22,2026-02-28,487000,58440,545440
O-04553,F-02297,2026A,2026-01-31,2026-09-30,1617500,194100,1811600
O-04554,F-02297,2025A,2025-02-21,2025-09-30,1340000,160800,1500800
O-04555,F-02298,2026A,2026-02-21,2026-09-30,1094000,131280,1225280
O-04556,F-02298,2025B,2025-08-06,2026-02-28,2932000,351840,3283840
O-04557,F-02299,2025A,2025-02-24,2025-09-30,765000,91800,856800
O-04558,F-02300,2025B,2025-07-19,2026-02-28,3605500,432660,4038160
O-04559,F-02301,2025B,2025-07-19,2026-02-28,92000,11040,103040
O-04560,F-02301,2025A,2025-02-03,2025-09-30,2816000,337920,3153920
O-04561,F-02302,2026A,2026-02-16,2026-09-30,1917500,230100,2147600
O-04562,F-02303,2025B,2025-07-26,2026-02-28,2404500,288540,2693040
O-04563,F-02303,2026A,2026-01-13,2026-09-30,632500,75900,708400
O-04564,F-02303,2025A,2025-02-01,2025-09-30,1698000,203760,1901760
O-04565,F-02304,2026A,2026-01-15,2026-09-30,375000,45000,420000
O-04566,F-02305,2026A,2026-02-03,2026-09-30,2400000,288000,2688000
O-04567,F-02306,2025A,2025-02-02,2025-09-30,2383000,285960,2668960
O-04568,F-02307,2025B,2025-07-17,2026-02-28,2374000,284880,2658880
O-04569,F-02308,2025B,2025-08-04,2026-02-28,208000,24960,232960
O-04570,F-02309,2026A,2026-01-14,2026-09-30,3306000,396720,3702720
O-04571,F-02309,2025B,2025-07-29,2026-02-28,1096000,131520,1227520
O-04572,F-02310,2025A,2025-01-23,2025-09-30,785000,94200,879200
O-04573,F-02311,2025B,2025-07-24,2026-02-28,2213000,265560,2478560
O-04574,F-02311,2026A,2026-02-02,2026-09-30,328500,39420,367920
O-04575,F-02312,2025A,2025-01-25,2025-09-30,1931000,231720,2162720
O-04576,F-02312,2025B,2025-07-15,2026-02-28,2505000,300600,2805600
O-04577,F-02312,2026A,2026-02-01,2026-09-30,1079000,129480,1208480
O-04578,F-02313,2025B,2025-07-26,2026-02-28,2064000,247680,2311680
O-04579,F-02314,2025A,2025-02-06,2025-09-30,1788000,214560,2002560
O-04580,F-02314,2026A,2026-01-17,2026-09-30,774500,92940,867440
O-04581,F-02314,2025B,2025-08-02,2026-02-28,1054500,126540,1181040
O-04582,F-02315,2025A,2025-01-21,2025-09-30,1616000,193920,1809920
O-04583,F-02315,2026A,2026-01-30,2026-09-30,931000,111720,1042720
O-04584,F-02316,2026A,2026-02-06,2026-09-30,695000,83400,778400
O-04585,F-02317,2026A,2026-02-02,2026-09-30,1164000,139680,1303680
O-04586,F-02318,2026A,2026-01-22,2026-09-30,1573500,188820,1762320
O-04587,F-02319,2025B,2025-08-09,2026-02-28,1932000,231840,2163840
O-04588,F-02319,2026A,2026-02-12,2026-09-30,2015000,241800,2256800
O-04589,F-02320,2025A,2025-02-24,2025-09-30,2461000,295320,2756320
O-04590,F-02321,2026A,2026-02-03,2026-09-30,1550000,186000,1736000
O-04591,F-02322,2025B,2025-07-08,2026-02-28,1260000,151200,1411200
O-04592,F-02322,2026A,2026-02-17,2026-09-30,3237000,388440,3625440
O-04593,F-02323,2026A,2026-02-13,2026-09-30,1354000,162480,1516480
O-04594,F-02323,2025A,2025-01-28,2025-09-30,2418500,290220,2708720
O-04595,F-02323,2025B,2025-07-29,2026-02-28,3115500,373860,3489360
O-04596,F-02324,2025B,2025-07-14,2026-02-28,1222000,146640,1368640
O-04597,F-02324,2026A,2026-01-17,2026-09-30,738000,88560,826560
O-04598,F-02325,2026A,2026-02-20,2026-09-30,2390000,286800,2676800
O-04599,F-02325,2025B,2025-08-08,2026-02-28,98000,11760,109760
O-04600,F-02325,2025A,2025-01-26,2025-09-30,1522000,182640,1704640
O-04601,F-02326,2025A,2025-02-18,2025-09-30,1083500,130020,1213520
O-04602,F-02326,2026A,2026-02-03,2026-09-30,2262000,271440,2533440
O-04603,F-02327,2025A,2025-02-20,2025-09-30,98000,11760,109760
O-04604,F-02327,2026A,2026-01-27,2026-09-30,1022500,122700,1145200
O-04605,F-02328,2025B,2025-07-08,2026-02-28,2566500,307980,2874480
O-04606,F-02328,2025A,2025-02-23,2025-09-30,196000,23520,219520
O-04607,F-02328,2026A,2026-01-29,2026-09-30,2306000,276720,2582720
O-04608,F-02329,2026A,2026-01-24,2026-09-30,1963000,235560,2198560
O-04609,F-02329,2025B,2025-07-01,2026-02-28,787000,94440,881440
O-04610,F-02330,2026A,2026-02-07,2026-09-30,1778000,213360,1991360
O-04611,F-02330,2025A,2025-02-16,2025-09-30,3069000,368280,3437280
O-04612,F-02330,2025B,2025-08-08,2026-02-28,118000,14160,132160
O-04613,F-02331,2025A,2025-02-14,2025-09-30,3261000,391320,3652320
O-04614,F-02331,2025B,2025-07-19,2026-02-28,2099000,251880,2350880
O-04615,F-02331,2026A,2026-02-03,2026-09-30,2446000,293520,2739520
O-04616,F-02332,2026A,2026-02-18,2026-09-30,1211000,145320,1356320
O-04617,F-02332,2025A,2025-02-14,2025-09-30,2063000,247560,2310560
O-04618,F-02332,2025B,2025-07-13,2026-02-28,904000,108480,1012480
O-04619,F-02333,2026A,2026-01-29,2026-09-30,1650000,198000,1848000
O-04620,F-02333,2025A,2025-02-13,2025-09-30,1533000,183960,1716960
O-04621,F-02334,2025A,2025-01-21,2025-09-30,404000,48480,452480
O-04622,F-02334,2026A,2026-01-19,2026-09-30,2558500,307020,2865520
O-04623,F-02334,2025B,2025-07-07,2026-02-28,1980000,237600,2217600
O-04624,F-02335,2025A,2025-01-22,2025-09-30,1362000,163440,1525440
O-04625,F-02335,2025B,2025-07-10,2026-02-28,530500,63660,594160
O-04626,F-02336,2025B,2025-07-26,2026-02-28,1887000,226440,2113440
O-04627,F-02336,2026A,2026-02-05,2026-09-30,548000,65760,613760
O-04628,F-02336,2025A,2025-01-21,2025-09-30,738000,88560,826560
O-04629,F-02337,2025B,2025-07-29,2026-02-28,748000,89760,837760
O-04630,F-02337,2025A,2025-01-22,2025-09-30,807000,96840,903840
O-04631,F-02337,2026A,2026-02-03,2026-09-30,1689000,202680,1891680
O-04632,F-02338,2026A,2026-01-14,2026-09-30,1148000,137760,1285760
O-04633,F-02338,2025A,2025-02-14,2025-09-30,2534500,304140,2838640
O-04634,F-02339,2025A,2025-02-23,2025-09-30,437000,52440,489440
O-04635,F-02339,2025B,2025-07-13,2026-02-28,1113500,133620,1247120
O-04636,F-02340,2025B,2025-07-22,2026-02-28,2425000,291000,2716000
O-04637,F-02340,2025A,2025-01-18,2025-09-30,896000,107520,1003520
O-04638,F-02340,2026A,2026-01-28,2026-09-30,3672500,440700,4113200
O-04639,F-02341,2025B,2025-07-14,2026-02-28,896000,107520,1003520
O-04640,F-02341,2025A,2025-02-09,2025-09-30,1959000,235080,2194080
O-04641,F-02341,2026A,2026-01-21,2026-09-30,2065000,247800,2312800
O-04642,F-02342,2025A,2025-02-11,2025-09-30,1614500,193740,1808240
O-04643,F-02342,2026A,2026-01-12,2026-09-30,1795500,215460,2010960
O-04644,F-02343,2026A,2026-02-06,2026-09-30,2692000,323040,3015040
O-04645,F-02343,2025A,2025-01-25,2025-09-30,1191000,142920,1333920
O-04646,F-02343,2025B,2025-07-17,2026-02-28,270000,32400,302400
O-04647,F-02344,2025B,2025-07-31,2026-02-28,1701000,204120,1905120
O-04648,F-02344,2026A,2026-01-21,2026-09-30,1669000,200280,1869280
O-04649,F-02344,2025A,2025-01-31,2025-09-30,3282000,393840,3675840
O-04650,F-02345,2026A,2026-02-01,2026-09-30,3212000,385440,3597440
O-04651,F-02346,2026A,2026-01-30,2026-09-30,1185000,142200,1327200
O-04652,F-02346,2025B,2025-07-02,2026-02-28,610000,73200,683200
O-04653,F-02347,2025A,2025-02-18,2025-09-30,380500,45660,426160
O-04654,F-02348,2025B,2025-07-28,2026-02-28,1423000,170760,1593760
O-04655,F-02349,2026A,2026-02-17,2026-09-30,470500,56460,526960
O-04656,F-02349,2025B,2025-07-03,2026-02-28,2056000,246720,2302720
O-04657,F-02350,2025A,2025-02-22,2025-09-30,2248000,269760,2517760
O-04658,F-02351,2025A,2025-01-19,2025-09-30,3312000,397440,3709440
O-04659,F-02351,2025B,2025-08-02,2026-02-28,3516000,421920,3937920
O-04660,F-02351,2026A,2026-01-22,2026-09-30,737000,88440,825440
O-04661,F-02352,2026A,2026-02-13,2026-09-30,2486500,298380,2784880
O-04662,F-02353,2025A,2025-01-25,2025-09-30,140000,16800,156800
O-04663,F-02354,2025B,2025-08-03,2026-02-28,821000,98520,919520
O-04664,F-02354,2025A,2025-01-20,2025-09-30,742500,89100,831600
O-04665,F-02355,2025B,2025-07-01,2026-02-28,1963000,235560,2198560
O-04666,F-02355,2026A,2026-01-14,2026-09-30,1035000,124200,1159200
O-04667,F-02356,2025A,2025-02-17,2025-09-30,1789000,214680,2003680
O-04668,F-02356,2026A,2026-01-25,2026-09-30,1492000,179040,1671040
O-04669,F-02356,2025B,2025-07-08,2026-02-28,2497000,299640,2796640
O-04670,F-02357,2026A,2026-01-31,2026-09-30,1270000,152400,1422400
O-04671,F-02358,2025A,2025-02-10,2025-09-30,1460000,175200,1635200
O-04672,F-02358,2026A,2026-01-12,2026-09-30,638000,76560,714560
O-04673,F-02358,2025B,2025-07-08,2026-02-28,2841000,340920,3181920
O-04674,F-02359,2026A,2026-02-03,2026-09-30,444500,53340,497840
O-04675,F-02360,2025B,2025-07-08,2026-02-28,1136000,136320,1272320
O-04676,F-02360,2025A,2025-01-30,2025-09-30,1190000,142800,1332800
O-04677,F-02360,2026A,2026-02-15,2026-09-30,650000,78000,728000
O-04678,F-02361,2025B,2025-07-16,2026-02-28,389000,46680,435680
O-04679,F-02361,2026A,2026-01-15,2026-09-30,2123000,254760,2377760
O-04680,F-02362,2025B,2025-07-27,2026-02-28,2664000,319680,2983680
O-04681,F-02363,2025B,2025-08-08,2026-02-28,271500,32580,304080
O-04682,F-02363,2026A,2026-01-13,2026-09-30,1022000,122640,1144640
O-04683,F-02364,2026A,2026-02-14,2026-09-30,604000,72480,676480
O-04684,F-02365,2026A,2026-02-02,2026-09-30,1605500,192660,1798160
O-04685,F-02365,2025A,2025-02-15,2025-09-30,1438000,172560,1610560
O-04686,F-02365,2025B,2025-07-14,2026-02-28,1355000,162600,1517600
O-04687,F-02366,2025B,2025-08-01,2026-02-28,2632000,315840,2947840
O-04688,F-02367,2025B,2025-07-03,2026-02-28,611000,73320,684320
O-04689,F-02367,2026A,2026-01-25,2026-09-30,2411000,289320,2700320
O-04690,F-02368,2025B,2025-07-03,2026-02-28,1026000,123120,1149120
O-04691,F-02368,2026A,2026-02-04,2026-09-30,1149000,137880,1286880
O-04692,F-02369,2025B,2025-07-02,2026-02-28,2674000,320880,2994880
O-04693,F-02370,2025B,2025-07-05,2026-02-28,621500,74580,696080
O-04694,F-02371,2026A,2026-02-09,2026-09-30,1328000,159360,1487360
O-04695,F-02371,2025A,2025-01-26,2025-09-30,294000,35280,329280
O-04696,F-02371,2025B,2025-07-05,2026-02-28,603500,72420,675920
O-04697,F-02372,2025B,2025-08-04,2026-02-28,2308500,277020,2585520
O-04698,F-02372,2026A,2026-02-08,2026-09-30,1278000,153360,1431360
O-04699,F-02373,2026A,2026-02-07,2026-09-30,2864000,343680,3207680
O-04700,F-02373,2025A,2025-02-01,2025-09-30,2604000,312480,2916480
O-04701,F-02373,2025B,2025-07-13,2026-02-28,1779000,213480,1992480
O-04702,F-02374,2026A,2026-02-16,2026-09-30,1015000,121800,1136800
O-04703,F-02375,2025B,2025-07-11,2026-02-28,584500,70140,654640
O-04704,F-02375,2026A,2026-02-01,2026-09-30,3188000,382560,3570560
O-04705,F-02376,2026A,2026-01-18,2026-09-30,2837000,340440,3177440
O-04706,F-02376,2025B,2025-08-08,2026-02-28,987000,118440,1105440
O-04707,F-02377,2026A,2026-01-12,2026-09-30,729500,87540,817040
O-04708,F-02378,2025B,2025-07-06,2026-02-28,565000,67800,632800
O-04709,F-02378,2025A,2025-01-27,2025-09-30,687000,82440,769440
O-04710,F-02378,2026A,2026-02-20,2026-09-30,1059000,127080,1186080
O-04711,F-02379,2025A,2025-02-21,2025-09-30,185000,22200,207200
O-04712,F-02379,2026A,2026-01-31,2026-09-30,345000,41400,386400
O-04713,F-02380,2026A,2026-01-17,2026-09-30,1962000,235440,2197440
O-04714,F-02380,2025B,2025-07-25,2026-02-28,2375500,285060,2660560
O-04715,F-02381,2025A,2025-02-16,2025-09-30,151000,18120,169120
O-04716,F-02381,2025B,2025-07-18,2026-02-28,698500,83820,782320
O-04717,F-02381,2026A,2026-02-01,2026-09-30,572000,68640,640640
O-04718,F-02382,2025A,2025-02-15,2025-09-30,2171000,260520,2431520
O-04719,F-02383,2026A,2026-01-17,2026-09-30,1738000,208560,1946560
O-04720,F-02383,2025B,2025-07-21,2026-02-28,526000,63120,589120
O-04721,F-02383,2025A,2025-01-23,2025-09-30,2120000,254400,2374400
O-04722,F-02384,2026A,2026-02-01,2026-09-30,628000,75360,703360
O-04723,F-02384,2025A,2025-02-09,2025-09-30,1268000,152160,1420160
O-04724,F-02385,2025A,2025-02-08,2025-09-30,487500,58500,546000
O-04725,F-02385,2025B,2025-08-05,2026-02-28,886500,106380,992880
O-04726,F-02385,2026A,2026-02-02,2026-09-30,1289500,154740,1444240
O-04727,F-02386,2025A,2025-01-20,2025-09-30,2269000,272280,2541280
O-04728,F-02387,2025B,2025-08-02,2026-02-28,2025000,243000,2268000
O-04729,F-02388,2025A,2025-02-04,2025-09-30,1947000,233640,2180640
O-04730,F-02388,2026A,2026-01-14,2026-09-30,216000,25920,241920
O-04731,F-02388,2025B,2025-07-17,2026-02-28,1347500,161700,1509200
O-04732,F-02389,2026A,2026-02-19,2026-09-30,3343500,401220,3744720
O-04733,F-02389,2025B,2025-07-26,2026-02-28,4110000,493200,4603200
O-04734,F-02390,2026A,2026-02-03,2026-09-30,1138000,136560,1274560
O-04735,F-02391,2025A,2025-02-18,2025-09-30,1891500,226980,2118480
O-04736,F-02391,2026A,2026-02-05,2026-09-30,621000,74520,695520
O-04737,F-02391,2025B,2025-07-30,2026-02-28,2172500,260700,2433200
O-04738,F-02392,2025A,2025-02-05,2025-09-30,185000,22200,207200
O-04739,F-02393,2026A,2026-01-22,2026-09-30,1674000,200880,1874880
O-04740,F-02394,2025B,2025-07-26,2026-02-28,720000,86400,806400
O-04741,F-02394,2026A,2026-02-01,2026-09-30,90000,10800,100800
O-04742,F-02394,2025A,2025-01-24,2025-09-30,1148000,137760,1285760
O-04743,F-02395,2025A,2025-02-06,2025-09-30,2414000,289680,2703680
O-04744,F-02395,2026A,2026-02-21,2026-09-30,1433000,171960,1604960
O-04745,F-02395,2025B,2025-08-01,2026-02-28,1169000,140280,1309280
O-04746,F-02396,2025B,2025-07-01,2026-02-28,1827000,219240,2046240
O-04747,F-02396,2026A,2026-01-18,2026-09-30,1146000,137520,1283520
O-04748,F-02396,2025A,2025-02-24,2025-09-30,2089000,250680,2339680
O-04749,F-02397,2026A,2026-02-09,2026-09-30,1235000,148200,1383200
O-04750,F-02397,2025B,2025-07-10,2026-02-28,398000,47760,445760
O-04751,F-02397,2025A,2025-01-28,2025-09-30,2167000,260040,2427040
O-04752,F-02398,2025B,2025-07-09,2026-02-28,305000,36600,341600
O-04753,F-02398,2026A,2026-01-29,2026-09-30,2674500,320940,2995440
O-04754,F-02398,2025A,2025-02-14,2025-09-30,2619000,314280,2933280
O-04755,F-02399,2025A,2025-02-12,2025-09-30,644000,77280,721280
O-04756,F-02400,2025B,2025-07-29,2026-02-28,1145000,137400,1282400
O-04757,F-02400,2025A,2025-01-27,2025-09-30,2322000,278640,2600640
O-04758,F-02401,2025B,2025-07-28,2026-02-28,2090000,250800,2340800
O-04759,F-02401,2025A,2025-02-23,2025-09-30,2950500,354060,3304560
O-04760,F-02402,2025A,2025-01-20,2025-09-30,2191500,262980,2454480
O-04761,F-02402,2026A,2026-01-15,2026-09-30,838000,100560,938560
O-04762,F-02403,2025B,2025-07-06,2026-02-28,2567500,308100,2875600
O-04763,F-02404,2025A,2025-01-29,2025-09-30,1425000,171000,1596000
O-04764,F-02405,2026A,2026-02-07,2026-09-30,174000,20880,194880
O-04765,F-02405,2025B,2025-07-15,2026-02-28,742000,89040,831040
O-04766,F-02406,2025B,2025-07-22,2026-02-28,834000,100080,934080
O-04767,F-02406,2026A,2026-01-31,2026-09-30,1104000,132480,1236480
O-04768,F-02407,2026A,2026-02-21,2026-09-30,2279000,273480,2552480
O-04769,F-02408,2026A,2026-02-21,2026-09-30,1869000,224280,2093280
O-04770,F-02408,2025B,2025-07-29,2026-02-28,330500,39660,370160
O-04771,F-02409,2025B,2025-07-08,2026-02-28,1306000,156720,1462720
O-04772,F-02409,2026A,2026-01-25,2026-09-30,2349000,281880,2630880
O-04773,F-02409,2025A,2025-02-21,2025-09-30,2024000,242880,2266880
O-04774,F-02410,2025B,2025-08-09,2026-02-28,1575000,189000,1764000
O-04775,F-02410,2026A,2026-02-04,2026-09-30,1585500,190260,1775760
O-04776,F-02411,2025B,2025-08-09,2026-02-28,258000,30960,288960
O-04777,F-02412,2026A,2026-01-31,2026-09-30,1160000,139200,1299200
O-04778,F-02412,2025B,2025-08-07,2026-02-28,1396000,167520,1563520
O-04779,F-02412,2025A,2025-02-16,2025-09-30,2514000,301680,2815680
O-04780,F-02413,2026A,2026-02-14,2026-09-30,980000,117600,1097600
O-04781,F-02413,2025A,2025-02-05,2025-09-30,171500,20580,192080
O-04782,F-02414,2026A,2026-02-03,2026-09-30,3311000,397320,3708320
O-04783,F-02415,2026A,2026-01-22,2026-09-30,1710500,205260,1915760
O-04784,F-02416,2025A,2025-02-20,2025-09-30,1237000,148440,1385440
O-04785,F-02416,2025B,2025-07-01,2026-02-28,1892500,227100,2119600
O-04786,F-02417,2025B,2025-07-14,2026-02-28,1862500,223500,2086000
O-04787,F-02417,2025A,2025-01-15,2025-09-30,1212000,145440,1357440
O-04788,F-02417,2026A,2026-02-03,2026-09-30,2017500,242100,2259600
O-04789,F-02418,2025A,2025-02-24,2025-09-30,1734000,208080,1942080
O-04790,F-02419,2026A,2026-02-21,2026-09-30,687000,82440,769440
O-04791,F-02420,2026A,2026-02-06,2026-09-30,2066000,247920,2313920
O-04792,F-02420,2025B,2025-08-05,2026-02-28,2772000,332640,3104640
O-04793,F-02421,2025B,2025-08-04,2026-02-28,2395000,287400,2682400
O-04794,F-02421,2026A,2026-01-21,2026-09-30,368500,44220,412720
O-04795,F-02421,2025A,2025-02-10,2025-09-30,3001000,360120,3361120
O-04796,F-02422,2025A,2025-02-05,2025-09-30,123000,14760,137760
O-04797,F-02422,2025B,2025-07-26,2026-02-28,1694000,203280,1897280
O-04798,F-02423,2026A,2026-01-21,2026-09-30,1465000,175800,1640800
O-04799,F-02423,2025B,2025-07-27,2026-02-28,1734000,208080,1942080
O-04800,F-02424,2025B,2025-08-01,2026-02-28,2893000,347160,3240160
O-04801,F-02425,2026A,2026-02-21,2026-09-30,1347000,161640,1508640
O-04802,F-02425,2025A,2025-02-17,2025-09-30,1150000,138000,1288000
O-04803,F-02425,2025B,2025-08-07,2026-02-28,811000,97320,908320
O-04804,F-02426,2026A,2026-01-26,2026-09-30,1384000,166080,1550080
O-04805,F-02426,2025A,2025-02-06,2025-09-30,1304000,156480,1460480
O-04806,F-02426,2025B,2025-07-06,2026-02-28,151000,18120,169120
O-04807,F-02427,2026A,2026-02-18,2026-09-30,2331000,279720,2610720
O-04808,F-02428,2026A,2026-01-14,2026-09-30,937000,112440,1049440
O-04809,F-02428,2025B,2025-07-08,2026-02-28,3011000,361320,3372320
O-04810,F-02428,2025A,2025-01-23,2025-09-30,720000,86400,806400
O-04811,F-02429,2025A,2025-02-21,2025-09-30,2026000,243120,2269120
O-04812,F-02429,2025B,2025-07-12,2026-02-28,622000,74640,696640
O-04813,F-02429,2026A,2026-02-04,2026-09-30,1297000,155640,1452640
