order_item_id,order_id,product_id,quantity,unit_price_cents,line_total_cents
I-000001,O-00001,P-01,1,45000,45000
I-000002,O-00001,P-07,1,280000,280000
I-000003,O-00001,P-04,3,625000,1875000
I-000004,O-00002,P-09,2,47500,95000
I-000005,O-00002,P-06,1,341000,341000
I-000006,O-00002,P-08,3,36000,108000
I-000007,O-00002,P-07,1,280000,280000
I-000008,O-00002,P-03,1,62000,62000
I-000009,O-00003,P-04,1,625000,625000
I-000010,O-00003,P-07,2,280000,560000
I-000011,O-00003,P-02,1,210000,210000
I-000012,O-00003,P-05,3,520000,1560000
I-000013,O-00003,P-01,3,45000,135000
I-000014,O-00004,P-05,1,520000,520000
I-000015,O-00004,P-06,3,341000,1023000
I-000016,O-00004,P-02,3,210000,630000
I-000017,O-00004,P-08,3,36000,108000
I-000018,O-00005,P-01,2,45000,90000
I-000019,O-00005,P-07,1,280000,280000
I-000020,O-00006,P-07,1,280000,280000
I-000021,O-00006,P-10,2,28000,56000
I-000022,O-00006,P-03,1,62000,62000
I-000023,O-00006,P-05,1,520000,520000
I-000024,O-00007,P-02,3,210000,630000
I-000025,O-00007,P-10,2,28000,56000
I-000026,O-00007,P-03,3,62000,186000
I-000027,O-00008,P-10,1,28000,28000
I-000028,O-00008,P-04,1,625000,625000
I-000029,O-00008,P-09,2,47500,95000
I-000030,O-00008,P-05,1,520000,520000
I-000031,O-00008,P-07,1,280000,280000
I-000032,O-00009,P-08,2,36000,72000
I-000033,O-00009,P-04,3,625000,1875000
I-000034,O-00009,P-10,3,28000,84000
I-000035,O-00010,P-04,1,625000,625000
I-000036,O-00010,P-08,3,36000,108000
I-000037,O-00010,P-07,1,280000,280000
I-000038,O-00010,P-03,3,62000,186000
I-000039,O-00011,P-07,3,280000,840000
I-000040,O-00011,P-06,2,341000,682000
I-000041,O-00011,P-10,2,28000,56000
I-000042,O-00011,P-02,1,210000,210000
I-000043,O-00011,P-09,1,47500,47500
I-000044,O-00012,P-02,3,210000,630000
I-000045,O-00012,P-05,2,520000,1040000
I-000046,O-00012,P-04,2,625000,1250000
I-000047,O-00013,P-06,2,341000,682000
I-000048,O-00013,P-02,2,210000,420000
I-000049,O-00014,P-08,2,36000,72000
I-000050,O-00014,P-01,1,45000,45000
I-000051,O-00014,P-02,3,210000,630000
I-000052,O-00014,P-09,1,47500,47500
I-000053,O-00015,P-06,2,341000,682000
I-000054,O-00015,P-01,3,45000,135000
I-000055,O-00015,P-07,1,280000,280000
I-000056,O-00015,P-02,1,210000,210000
I-000057,O-00015,P-05,3,520000,1560000
I-000058,O-00016,P-08,1,36000,36000
I-000059,O-00016,P-05,1,520000,520000
I-000060,O-00016,P-03,1,62000,62000
I-000061,O-00016,P-07,2,280000,560000
I-000062,O-00017,P-07,3,280000,840000
I-000063,O-00017,P-02,2,210000,420000
I-000064,O-00017,P-01,2,45000,90000
I-000065,O-00017,P-09,1,47500,47500
I-000066,O-00018,P-06,2,341000,682000
I-000067,O-00018,P-07,1,280000,280000
I-000068,O-00018,P-03,3,62000,186000
I-000069,O-00018,P-10,1,28000,28000
I-000070,O-00018,P-08,3,36000,108000
I-000071,O-00019,P-06,2,341000,682000
I-000072,O-00019,P-08,2,36000,72000
I-000073,O-00019,P-01,2,45000,90000
I-000074,O-00019,P-04,1,625000,625000
I-000075,O-00020,P-03,3,62000,186000
I-000076,O-00020,P-05,2,520000,1040000
I-000077,O-00020,P-08,1,36000,36000
I-000078,O-00020,P-01,2,45000,90000
I-000079,O-00021,P-04,3,625000,1875000
I-000080,O-00021,P-10,3,28000,84000
I-000081,O-00022,P-01,1,45000,45000
I-000082,O-00022,P-06,3,341000,1023000
I-000083,O-00022,P-02,2,210000,420000
I-000084,O-00023,P-09,1,47500,47500
I-000085,O-00023,P-07,1,280000,280000
I-000086,O-00023,P-03,2,62000,124000
I-000087,O-00023,P-06,1,341000,341000
I-000088,O-00024,P-08,2,36000,72000
I-000089,O-00024,P-10,2,28000,56000
I-000090,O-00025,P-06,1,341000,341000
I-000091,O-00025,P-05,3,520000,1560000
I-000092,O-00026,P-03,1,62000,62000
I-000093,O-00026,P-10,2,28000,56000
I-000094,O-00026,P-01,2,45000,90000
I-000095,O-00027,P-09,1,47500,47500
I-000096,O-00027,P-04,3,625000,1875000
I-000097,O-00027,P-07,3,280000,840000
I-000098,O-00027,P-05,3,520000,1560000
I-000099,O-00027,P-10,2,28000,56000
I-000100,O-00028,P-09,2,47500,95000
I-000101,O-00028,P-02,2,210000,420000
I-000102,O-00028,P-08,1,36000,36000
I-000103,O-00028,P-07,2,280000,560000
I-000104,O-00028,P-03,1,62000,62000
I-000105,O-00029,P-08,3,36000,108000
I-000106,O-00029,P-04,1,625000,625000
I-000107,O-00029,P-10,1,28000,28000
I-000108,O-00029,P-06,2,341000,682000
I-000109,O-00030,P-06,2,341000,682000
I-000110,O-00030,P-03,1,62000,62000
I-000111,O-00030,P-08,2,36000,72000
I-000112,O-00030,P-02,3,210000,630000
I-000113,O-00031,P-08,3,36000,108000
I-000114,O-00031,P-10,3,28000,84000
I-000115,O-00032,P-08,1,36000,36000
I-000116,O-00032,P-09,1,47500,47500
I-000117,O-00032,P-07,2,280000,560000
I-000118,O-00033,P-03,1,62000,62000
I-000119,O-00033,P-01,1,45000,45000
I-000120,O-00034,P-06,3,341000,1023000
I-000121,O-00034,P-03,3,62000,186000
I-000122,O-00035,P-04,2,625000,1250000
I-000123,O-00035,P-03,3,62000,186000
I-000124,O-00035,P-07,2,280000,560000
I-000125,O-00036,P-08,1,36000,36000
I-000126,O-00036,P-07,3,280000,840000
I-000127,O-00036,P-09,1,47500,47500
I-000128,O-00037,P-02,3,210000,630000
I-000129,O-00037,P-09,1,47500,47500
I-000130,O-00037,P-01,1,45000,45000
I-000131,O-00038,P-04,1,625000,625000
I-000132,O-00038,P-01,1,45000,45000
I-000133,O-00038,P-02,3,210000,630000
I-000134,O-00038,P-09,1,47500,47500
I-000135,O-00038,P-07,1,280000,280000
I-000136,O-00039,P-03,1,62000,62000
I-000137,O-00039,P-06,2,341000,682000
I-000138,O-00039,P-07,1,280000,280000
I-000139,O-00039,P-02,3,210000,630000
I-000140,O-00039,P-05,3,520000,1560000
I-000141,O-00040,P-07,2,280000,560000
I-000142,O-00040,P-05,3,520000,1560000
I-000143,O-00040,P-06,1,341000,341000
I-000144,O-00041,P-03,1,62000,62000
I-000145,O-00041,P-08,2,36000,72000
I-000146,O-00041,P-10,1,28000,28000
I-000147,O-00041,P-01,1,45000,45000
I-000148,O-00041,P-04,2,625000,1250000
I-000149,O-00042,P-10,2,28000,56000
I-000150,O-00042,P-04,1,625000,625000
I-000151,O-00043,P-04,1,625000,625000
I-000152,O-00043,P-05,3,520000,1560000
I-000153,O-00043,P-01,3,45000,135000
I-000154,O-00044,P-08,1,36000,36000
I-000155,O-00044,P-07,1,280000,280000
I-000156,O-00044,P-09,1,47500,47500
I-000157,O-00045,P-07,2,280000,560000
I-000158,O-00045,P-03,1,62000,62000
I-000159,O-00045,P-09,3,47500,142500
I-000160,O-00045,P-10,1,28000,28000
I-000161,O-00045,P-06,2,341000,682000
I-000162,O-00046,P-02,1,210000,210000
I-000163,O-00046,P-08,2,36000,72000
I-000164,O-00046,P-10,3,28000,84000
I-000165,O-00046,P-09,3,47500,142500
I-000166,O-00047,P-09,3,47500,142500
I-000167,O-00047,P-10,1,28000,28000
I-000168,O-00047,P-02,3,210000,630000
I-000169,O-00047,P-07,3,280000,840000
I-000170,O-00048,P-04,1,625000,625000
I-000171,O-00048,P-07,2,280000,560000
I-000172,O-00048,P-01,2,45000,90000
I-000173,O-00048,P-03,2,62000,124000
I-000174,O-00049,P-05,3,520000,1560000
I-000175,O-00049,P-09,3,47500,142500
I-000176,O-00050,P-10,2,28000,56000
I-000177,O-00050,P-08,3,36000,108000
I-000178,O-00050,P-02,3,210000,630000
I-000179,O-00050,P-05,2,520000,1040000
I-000180,O-00051,P-08,2,36000,72000
I-000181,O-00051,P-01,3,45000,135000
I-000182,O-00051,P-02,2,210000,420000
I-000183,O-00051,P-04,3,625000,1875000
I-000184,O-00051,P-06,1,341000,341000
I-000185,O-00052,P-02,2,210000,420000
I-000186,O-00052,P-07,2,280000,560000
I-000187,O-00052,P-09,1,47500,47500
I-000188,O-00053,P-01,1,45000,45000
I-000189,O-00053,P-04,2,625000,1250000
I-000190,O-00054,P-07,2,280000,560000
I-000191,O-00054,P-06,2,341000,682000
I-000192,O-00054,P-09,1,47500,47500
I-000193,O-00054,P-08,1,36000,36000
I-000194,O-00055,P-08,1,36000,36000
I-000195,O-00055,P-04,3,625000,1875000
I-000196,O-00055,P-07,2,280000,560000
I-000197,O-00055,P-06,2,341000,682000
I-000198,O-00056,P-01,1,45000,45000
I-000199,O-00056,P-04,3,625000,1875000
I-000200,O-00057,P-03,2,62000,124000
I-000201,O-00057,P-05,3,520000,1560000
I-000202,O-00057,P-06,3,341000,1023000
I-000203,O-00057,P-04,3,625000,1875000
I-000204,O-00058,P-10,1,28000,28000
I-000205,O-00058,P-09,3,47500,142500
I-000206,O-00058,P-02,1,210000,210000
I-000207,O-00059,P-05,2,520000,1040000
I-000208,O-00059,P-10,1,28000,28000
I-000209,O-00059,P-01,3,45000,135000
I-000210,O-00059,P-06,2,341000,682000
I-000211,O-00059,P-08,2,36000,72000
I-000212,O-00060,P-09,2,47500,95000
I-000213,O-00060,P-04,1,625000,625000
I-000214,O-00060,P-05,2,520000,1040000
I-000215,O-00060,P-08,1,36000,36000
I-000216,O-00061,P-02,1,210000,210000
I-000217,O-00061,P-01,3,45000,135000
I-000218,O-00061,P-04,3,625000,1875000
I-000219,O-00062,P-01,1,45000,45000
I-000220,O-00062,P-05,3,520000,1560000
I-000221,O-00063,P-08,1,36000,36000
I-000222,O-00063,P-05,2,520000,1040000
I-000223,O-00063,P-02,3,210000,630000
I-000224,O-00063,P-03,1,62000,62000
I-000225,O-00063,P-04,2,625000,1250000
I-000226,O-00064,P-05,1,520000,520000
I-000227,O-00064,P-01,2,45000,90000
I-000228,O-00064,P-10,1,28000,28000
I-000229,O-00064,P-07,3,280000,840000
I-000230,O-00065,P-07,3,280000,840000
I-000231,O-00065,P-10,3,28000,84000
I-000232,O-00066,P-10,3,28000,84000
I-000233,O-00066,P-02,3,210000,630000
I-000234,O-00066,P-07,3,280000,840000
I-000235,O-00066,P-09,2,47500,95000
I-000236,O-00067,P-04,2,625000,1250000
I-000237,O-00067,P-09,2,47500,95000
I-000238,O-00067,P-01,2,45000,90000
I-000239,O-00067,P-08,2,36000,72000
I-000240,O-00067,P-07,2,280000,560000
I-000241,O-00068,P-02,1,210000,210000
I-000242,O-00068,P-08,1,36000,36000
I-000243,O-00069,P-02,2,210000,420000
I-000244,O-00069,P-10,2,28000,56000
I-000245,O-00069,P-03,3,62000,186000
I-000246,O-00069,P-09,3,47500,142500
I-000247,O-00069,P-06,2,341000,682000
I-000248,O-00070,P-05,2,520000,1040000
I-000249,O-00070,P-08,2,36000,72000
I-000250,O-00070,P-07,1,280000,280000
I-000251,O-00070,P-09,2,47500,95000
I-000252,O-00070,P-02,1,210000,210000
I-000253,O-00071,P-03,3,62000,186000
I-000254,O-00071,P-04,2,625000,1250000
I-000255,O-00071,P-01,1,45000,45000
I-000256,O-00071,P-06,1,341000,341000
I-000257,O-00071,P-10,1,28000,28000
I-000258,O-00072,P-06,2,341000,682000
I-000259,O-00072,P-05,1,520000,520000
I-000260,O-00072,P-10,1,28000,28000
I-000261,O-00072,P-01,2,45000,90000
I-000262,O-00073,P-02,3,210000,630000
I-000263,O-00073,P-06,3,341000,1023000
I-000264,O-00073,P-09,1,47500,47500
I-000265,O-00073,P-07,3,280000,840000
I-000266,O-00073,P-04,1,625000,625000
I-000267,O-00074,P-07,2,280000,560000
I-000268,O-00074,P-08,1,36000,36000
I-000269,O-00074,P-05,2,520000,1040000
I-000270,O-00074,P-02,1,210000,210000
I-000271,O-00074,P-03,1,62000,62000
I-000272,O-00075,P-10,2,28000,56000
I-000273,O-00075,P-03,1,62000,62000
I-000274,O-00076,P-06,1,341000,341000
I-000275,O-00076,P-01,1,45000,45000
I-000276,O-00077,P-05,2,520000,1040000
I-000277,O-00077,P-08,1,36000,36000
I-000278,O-00077,P-06,2,341000,682000
I-000279,O-00078,P-09,3,47500,142500
I-000280,O-00078,P-10,1,28000,28000
I-000281,O-00078,P-05,1,520000,520000
I-000282,O-00079,P-05,2,520000,1040000
I-000283,O-00079,P-10,1,28000,28000
I-000284,O-00079,P-08,1,36000,36000
I-000285,O-00080,P-01,3,45000,135000
I-000286,O-00080,P-05,1,520000,520000
I-000287,O-00080,P-09,1,47500,47500
I-000288,O-00081,P-10,1,28000,28000
I-000289,O-00081,P-05,2,520000,1040000
I-000290,O-00082,P-08,2,36000,72000
I-000291,O-00082,P-07,1,280000,280000
I-000292,O-00082,P-02,3,210000,630000
I-000293,O-00082,P-05,1,520000,520000
I-000294,O-00083,P-01,3,45000,135000
I-000295,O-00083,P-03,1,62000,62000
I-000296,O-00083,P-07,2,280000,560000
I-000297,O-00083,P-10,1,28000,28000
I-000298,O-00084,P-07,2,280000,560000
I-000299,O-00084,P-02,2,210000,420000
I-000300,O-00084,P-10,2,28000,56000
I-000301,O-00084,P-08,3,36000,108000
I-000302,O-00085,P-02,1,210000,210000
I-000303,O-00085,P-05,2,520000,1040000
I-000304,O-00086,P-09,3,47500,142500
I-000305,O-00086,P-02,2,210000,420000
I-000306,O-00086,P-05,1,520000,520000
I-000307,O-00087,P-02,2,210000,420000
I-000308,O-00087,P-07,1,280000,280000
I-000309,O-00087,P-06,1,341000,341000
I-000310,O-00088,P-02,1,210000,210000
I-000311,O-00088,P-06,3,341000,1023000
I-000312,O-00088,P-01,2,45000,90000
I-000313,O-00089,P-04,3,625000,1875000
I-000314,O-00089,P-06,3,341000,1023000
I-000315,O-00089,P-03,3,62000,186000
I-000316,O-00089,P-08,2,36000,72000
I-000317,O-00090,P-06,3,341000,1023000
I-000318,O-00090,P-09,3,47500,142500
I-000319,O-00090,P-01,2,45000,90000
I-000320,O-00090,P-02,2,210000,420000
I-000321,O-00090,P-05,1,520000,520000
I-000322,O-00091,P-05,3,520000,1560000
I-000323,O-00091,P-07,1,280000,280000
I-000324,O-00091,P-06,3,341000,1023000
I-000325,O-00091,P-02,1,210000,210000
I-000326,O-00091,P-01,2,45000,90000
I-000327,O-00092,P-03,1,62000,62000
I-000328,O-00092,P-06,2,341000,682000
I-000329,O-00093,P-01,2,45000,90000
I-000330,O-00093,P-04,2,625000,1250000
I-000331,O-00093,P-05,1,520000,520000
I-000332,O-00093,P-09,1,47500,47500
I-000333,O-00093,P-06,1,341000,341000
I-000334,O-00094,P-08,2,36000,72000
I-000335,O-00094,P-06,3,341000,1023000
I-000336,O-00094,P-10,3,28000,84000
I-000337,O-00094,P-04,2,625000,1250000
I-000338,O-00095,P-07,1,280000,280000
I-000339,O-00095,P-06,2,341000,682000
I-000340,O-00096,P-01,3,45000,135000
I-000341,O-00096,P-10,1,28000,28000
I-000342,O-00096,P-03,1,62000,62000
I-000343,O-00096,P-08,3,36000,108000
I-000344,O-00096,P-04,2,625000,1250000
I-000345,O-00097,P-05,3,520000,1560000
I-000346,O-00097,P-08,2,36000,72000
I-000347,O-00097,P-01,1,45000,45000
I-000348,O-00097,P-04,3,625000,1875000
I-000349,O-00098,P-02,1,210000,210000
I-000350,O-00098,P-04,2,625000,1250000
I-000351,O-00098,P-03,1,62000,62000
I-000352,O-00098,P-08,2,36000,72000
I-000353,O-00099,P-07,1,280000,280000
I-000354,O-00099,P-08,2,36000,72000
I-000355,O-00100,P-01,2,45000,90000
I-000356,O-00100,P-08,2,36000,72000
I-000357,O-00100,P-03,3,62000,186000
I-000358,O-00100,P-06,1,341000,341000
I-000359,O-00101,P-07,2,280000,560000
I-000360,O-00101,P-06,2,341000,682000
I-000361,O-00101,P-03,1,62000,62000
I-000362,O-00101,P-02,1,210000,210000
I-000363,O-00101,P-05,1,520000,520000
I-000364,O-00102,P-05,2,520000,1040000
I-000365,O-00102,P-08,2,36000,72000
I-000366,O-00102,P-09,1,47500,47500
I-000367,O-00102,P-04,3,625000,1875000
I-000368,O-00102,P-07,1,280000,280000
I-000369,O-00103,P-10,1,28000,28000
I-000370,O-00103,P-05,3,520000,1560000
I-000371,O-00103,P-02,1,210000,210000
I-000372,O-00103,P-07,3,280000,840000
I-000373,O-00103,P-06,3,341000,1023000
I-000374,O-00104,P-05,3,520000,1560000
I-000375,O-00104,P-08,3,36000,108000
I-000376,O-00104,P-01,1,45000,45000
I-000377,O-00105,P-08,3,36000,108000
I-000378,O-00105,P-01,2,45000,90000
I-000379,O-00105,P-06,2,341000,682000
I-000380,O-00106,P-03,1,62000,62000
I-000381,O-00106,P-07,3,280000,840000
I-000382,O-00107,P-10,3,28000,84000
I-000383,O-00107,P-07,2,280000,560000
I-000384,O-00108,P-08,1,36000,36000
I-000385,O-00108,P-09,3,47500,142500
I-000386,O-00108,P-02,2,210000,420000
I-000387,O-00109,P-03,3,62000,186000
I-000388,O-00109,P-08,3,36000,108000
I-000389,O-00109,P-10,2,28000,56000
I-000390,O-00109,P-04,3,625000,1875000
I-000391,O-00110,P-02,1,210000,210000
I-000392,O-00110,P-08,1,36000,36000
I-000393,O-00111,P-10,2,28000,56000
I-000394,O-00111,P-09,1,47500,47500
I-000395,O-00112,P-07,3,280000,840000
I-000396,O-00112,P-05,2,520000,1040000
I-000397,O-00112,P-09,1,47500,47500
I-000398,O-00112,P-10,3,28000,84000
I-000399,O-00112,P-03,2,62000,124000
I-000400,O-00113,P-08,3,36000,108000
I-000401,O-00113,P-03,1,62000,62000
I-000402,O-00113,P-02,3,210000,630000
I-000403,O-00114,P-08,3,36000,108000
I-000404,O-00114,P-02,3,210000,630000
I-000405,O-00114,P-05,2,520000,1040000
I-000406,O-00115,P-10,2,28000,56000
I-000407,O-00115,P-02,3,210000,630000
I-000408,O-00115,P-08,3,36000,108000
I-000409,O-00115,P-06,3,341000,1023000
I-000410,O-00115,P-01,3,45000,135000
I-000411,O-00116,P-10,3,28000,84000
I-000412,O-00116,P-03,1,62000,62000
I-000413,O-00116,P-09,2,47500,95000
I-000414,O-00116,P-06,1,341000,341000
I-000415,O-00116,P-01,2,45000,90000
I-000416,O-00117,P-09,3,47500,142500
I-000417,O-00117,P-10,3,28000,84000
I-000418,O-00118,P-03,1,62000,62000
I-000419,O-00118,P-10,1,28000,28000
I-000420,O-00119,P-03,1,62000,62000
I-000421,O-00119,P-01,1,45000,45000
I-000422,O-00119,P-05,1,520000,520000
I-000423,O-00120,P-10,1,28000,28000
I-000424,O-00120,P-09,3,47500,142500
I-000425,O-00120,P-05,1,520000,520000
I-000426,O-00121,P-06,1,341000,341000
I-000427,O-00121,P-09,2,47500,95000
I-000428,O-00121,P-10,2,28000,56000
I-000429,O-00122,P-09,2,47500,95000
I-000430,O-00122,P-04,1,625000,625000
I-000431,O-00122,P-06,1,341000,341000
I-000432,O-00122,P-03,3,62000,186000
I-000433,O-00122,P-01,2,45000,90000
I-000434,O-00123,P-07,1,280000,280000
I-000435,O-00123,P-02,3,210000,630000
I-000436,O-00123,P-05,2,520000,1040000
I-000437,O-00124,P-03,2,62000,124000
I-000438,O-00124,P-06,2,341000,682000
I-000439,O-00124,P-04,2,625000,1250000
I-000440,O-00125,P-09,3,47500,142500
I-000441,O-00125,P-06,2,341000,682000
I-000442,O-00125,P-02,2,210000,420000
I-000443,O-00125,P-04,1,625000,625000
I-000444,O-00126,P-04,3,625000,1875000
I-000445,O-00126,P-01,1,45000,45000
I-000446,O-00127,P-08,2,36000,72000
I-000447,O-00127,P-10,1,28000,28000
I-000448,O-00128,P-02,3,210000,630000
I-000449,O-00128,P-04,1,625000,625000
I-000450,O-00128,P-07,1,280000,280000
I-000451,O-00129,P-09,1,47500,47500
I-000452,O-00129,P-02,2,210000,420000
I-000453,O-00129,P-01,2,45000,90000
I-000454,O-00130,P-08,3,36000,108000
I-000455,O-00130,P-10,3,28000,84000
I-000456,O-00130,P-02,3,210000,630000
I-000457,O-00130,P-07,2,280000,560000
I-000458,O-00131,P-09,3,47500,142500
I-000459,O-00131,P-06,3,341000,1023000
I-000460,O-00132,P-05,3,520000,1560000
I-000461,O-00132,P-08,3,36000,108000
I-000462,O-00133,P-08,3,36000,108000
I-000463,O-00133,P-01,1,45000,45000
I-000464,O-00133,P-06,3,341000,1023000
I-000465,O-00133,P-03,1,62000,62000
I-000466,O-00134,P-02,2,210000,420000
I-000467,O-00134,P-04,3,625000,1875000
I-000468,O-00134,P-08,3,36000,108000
I-000469,O-00134,P-06,3,341000,1023000
I-000470,O-00134,P-09,2,47500,95000
I-000471,O-00135,P-07,3,280000,840000
I-000472,O-00135,P-02,1,210000,210000
I-000473,O-00135,P-05,3,520000,1560000
I-000474,O-00135,P-04,1,625000,625000
I-000475,O-00135,P-08,2,36000,72000
I-000476,O-00136,P-01,2,45000,90000
I-000477,O-00136,P-06,1,341000,341000
I-000478,O-00136,P-04,1,625000,625000
I-000479,O-00136,P-05,3,520000,1560000
I-000480,O-00136,P-10,1,28000,28000
I-000481,O-00137,P-05,3,520000,1560000
I-000482,O-00137,P-02,1,210000,210000
I-000483,O-00137,P-09,1,47500,47500
I-000484,O-00137,P-03,2,62000,124000
I-000485,O-00138,P-05,3,520000,1560000
I-000486,O-00138,P-01,2,45000,90000
I-000487,O-00138,P-03,1,62000,62000
I-000488,O-00139,P-03,1,62000,62000
I-000489,O-00139,P-08,1,36000,36000
I-000490,O-00140,P-09,1,47500,47500
I-000491,O-00140,P-04,2,625000,1250000
I-000492,O-00140,P-05,2,520000,1040000
I-000493,O-00140,P-02,3,210000,630000
I-000494,O-00141,P-02,3,210000,630000
I-000495,O-00141,P-10,3,28000,84000
I-000496,O-00141,P-01,3,45000,135000
I-000497,O-00141,P-07,1,280000,280000
I-000498,O-00142,P-01,3,45000,135000
I-000499,O-00142,P-09,1,47500,47500
I-000500,O-00142,P-02,2,210000,420000
I-000501,O-00142,P-08,2,36000,72000
I-000502,O-00143,P-07,2,280000,560000
I-000503,O-00143,P-03,1,62000,62000
I-000504,O-00143,P-06,1,341000,341000
I-000505,O-00143,P-10,3,28000,84000
I-000506,O-00144,P-03,1,62000,62000
I-000507,O-00144,P-04,2,625000,1250000
I-000508,O-00145,P-02,3,210000,630000
I-000509,O-00145,P-06,2,341000,682000
I-000510,O-00145,P-05,3,520000,1560000
I-000511,O-00145,P-10,1,28000,28000
I-000512,O-00146,P-06,2,341000,682000
I-000513,O-00146,P-09,2,47500,95000
I-000514,O-00147,P-01,1,45000,45000
I-000515,O-00147,P-09,2,47500,95000
I-000516,O-00148,P-03,3,62000,186000
I-000517,O-00148,P-02,2,210000,420000
I-000518,O-00149,P-10,1,28000,28000
I-000519,O-00149,P-04,3,625000,1875000
I-000520,O-00149,P-07,1,280000,280000
I-000521,O-00149,P-09,3,47500,142500
I-000522,O-00150,P-08,3,36000,108000
I-000523,O-00150,P-02,3,210000,630000
I-000524,O-00150,P-03,2,62000,124000
I-000525,O-00151,P-04,2,625000,1250000
I-000526,O-00151,P-09,2,47500,95000
I-000527,O-00151,P-03,2,62000,124000
I-000528,O-00151,P-01,2,45000,90000
I-000529,O-00151,P-10,1,28000,28000
I-000530,O-00152,P-10,1,28000,28000
I-000531,O-00152,P-07,1,280000,280000
I-000532,O-00152,P-06,3,341000,1023000
I-000533,O-00153,P-02,2,210000,420000
I-000534,O-00153,P-07,3,280000,840000
I-000535,O-00153,P-09,3,47500,142500
I-000536,O-00153,P-08,3,36000,108000
I-000537,O-00154,P-01,3,45000,135000
I-000538,O-00154,P-08,1,36000,36000
I-000539,O-00154,P-06,2,341000,682000
I-000540,O-00154,P-05,2,520000,1040000
I-000541,O-00154,P-09,3,47500,142500
I-000542,O-00155,P-02,1,210000,210000
I-000543,O-00155,P-08,1,36000,36000
I-000544,O-00155,P-04,3,625000,1875000
I-000545,O-00155,P-03,1,62000,62000
I-000546,O-00156,P-04,2,625000,1250000
I-000547,O-00156,P-10,3,28000,84000
I-000548,O-00156,P-03,1,62000,62000
I-000549,O-00156,P-08,1,36000,36000
I-000550,O-00156,P-02,3,210000,630000
I-000551,O-00157,P-02,2,210000,420000
I-000552,O-00157,P-05,2,520000,1040000
I-000553,O-00157,P-01,2,45000,90000
I-000554,O-00158,P-04,2,625000,1250000
I-000555,O-00158,P-05,2,520000,1040000
I-000556,O-00158,P-07,2,280000,560000
I-000557,O-00158,P-03,3,62000,186000
I-000558,O-00159,P-04,3,625000,1875000
I-000559,O-00159,P-08,2,36000,72000
I-000560,O-00159,P-02,1,210000,210000
I-000561,O-00159,P-05,3,520000,1560000
I-000562,O-00160,P-07,1,280000,280000
I-000563,O-00160,P-06,3,341000,1023000
I-000564,O-00160,P-08,2,36000,72000
I-000565,O-00160,P-03,1,62000,62000
I-000566,O-00160,P-04,3,625000,1875000
I-000567,O-00161,P-09,2,47500,95000
I-000568,O-00161,P-06,2,341000,682000
I-000569,O-00162,P-08,2,36000,72000
I-000570,O-00162,P-02,1,210000,210000
I-000571,O-00162,P-04,3,625000,1875000
I-000572,O-00162,P-10,2,28000,56000
I-000573,O-00162,P-09,3,47500,142500
I-000574,O-00163,P-07,3,280000,840000
I-000575,O-00163,P-01,1,45000,45000
I-000576,O-00163,P-09,2,47500,95000
I-000577,O-00163,P-05,2,520000,1040000
I-000578,O-00164,P-03,1,62000,62000
I-000579,O-00164,P-04,1,625000,625000
I-000580,O-00164,P-09,1,47500,47500
I-000581,O-00164,P-02,2,210000,420000
I-000582,O-00164,P-05,2,520000,1040000
I-000583,O-00165,P-01,1,45000,45000
I-000584,O-00165,P-07,1,280000,280000
I-000585,O-00165,P-06,1,341000,341000
I-000586,O-00165,P-05,1,520000,520000
I-000587,O-00166,P-07,1,280000,280000
I-000588,O-00166,P-04,2,625000,1250000
I-000589,O-00167,P-10,2,28000,56000
I-000590,O-00167,P-06,1,341000,341000
I-000591,O-00167,P-07,1,280000,280000
I-000592,O-00167,P-05,3,520000,1560000
I-000593,O-00167,P-08,1,36000,36000
I-000594,O-00168,P-07,3,280000,840000
I-000595,O-00168,P-05,1,520000,520000
I-000596,O-00169,P-03,1,62000,62000
I-000597,O-00169,P-10,2,28000,56000
I-000598,O-00169,P-02,2,210000,420000
I-000599,O-00169,P-09,1,47500,47500
I-000600,O-00169,P-08,2,36000,72000
I-000601,O-00170,P-10,3,28000,84000
I-000602,O-00170,P-08,2,36000,72000
I-000603,O-00170,P-01,3,45000,135000
I-000604,O-00170,P-09,2,47500,95000
I-000605,O-00170,P-04,3,625000,1875000
I-000606,O-00171,P-03,3,62000,186000
I-000607,O-00171,P-10,2,28000,56000
I-000608,O-00171,P-06,2,341000,682000
I-000609,O-00172,P-04,1,625000,625000
I-000610,O-00172,P-10,3,28000,84000
I-000611,O-00172,P-09,1,47500,47500
I-000612,O-00173,P-04,2,625000,1250000
I-000613,O-00173,P-02,2,210000,420000
I-000614,O-00173,P-01,2,45000,90000
I-000615,O-00173,P-09,3,47500,142500
I-000616,O-00174,P-09,3,47500,142500
I-000617,O-00174,P-07,3,280000,840000
I-000618,O-00174,P-04,1,625000,625000
I-000619,O-00174,P-02,1,210000,210000
I-000620,O-00174,P-01,2,45000,90000
I-000621,O-00175,P-04,1,625000,625000
I-000622,O-00175,P-02,1,210000,210000
I-000623,O-00176,P-02,2,210000,420000
I-000624,O-00176,P-08,3,36000,108000
I-000625,O-00176,P-09,3,47500,142500
I-000626,O-00176,P-06,2,341000,682000
I-000627,O-00176,P-01,2,45000,90000
I-000628,O-00177,P-02,3,210000,630000
I-000629,O-00177,P-08,3,36000,108000
I-000630,O-00177,P-03,2,62000,124000
I-000631,O-00178,P-01,2,45000,90000
I-000632,O-00178,P-06,1,341000,341000
I-000633,O-00178,P-02,1,210000,210000
I-000634,O-00179,P-04,1,625000,625000
I-000635,O-00179,P-08,2,36000,72000
I-000636,O-00180,P-06,3,341000,1023000
I-000637,O-00180,P-08,2,36000,72000
I-000638,O-00180,P-05,2,520000,1040000
I-000639,O-00180,P-03,1,62000,62000
I-000640,O-00181,P-01,2,45000,90000
I-000641,O-00181,P-05,1,520000,520000
I-000642,O-00182,P-06,3,341000,1023000
I-000643,O-00182,P-04,2,625000,1250000
I-000644,O-00182,P-05,2,520000,1040000
I-000645,O-00182,P-01,1,45000,45000
I-000646,O-00182,P-07,3,280000,840000
I-000647,O-00183,P-09,1,47500,47500
I-000648,O-00183,P-02,1,210000,210000
I-000649,O-00183,P-07,2,280000,560000
I-000650,O-00183,P-05,2,520000,1040000
I-000651,O-00183,P-10,3,28000,84000
I-000652,O-00184,P-02,1,210000,210000
I-000653,O-00184,P-09,2,47500,95000
I-000654,O-00184,P-06,1,341000,341000
I-000655,O-00185,P-04,1,625000,625000
I-000656,O-00185,P-03,1,62000,62000
I-000657,O-00185,P-02,1,210000,210000
I-000658,O-00186,P-01,3,45000,135000
I-000659,O-00186,P-08,1,36000,36000
I-000660,O-00186,P-06,2,341000,682000
I-000661,O-00186,P-09,3,47500,142500
I-000662,O-00187,P-03,2,62000,124000
I-000663,O-00187,P-06,2,341000,682000
I-000664,O-00187,P-04,1,625000,625000
I-000665,O-00187,P-08,3,36000,108000
I-000666,O-00188,P-10,1,28000,28000
I-000667,O-00188,P-02,1,210000,210000
I-000668,O-00188,P-05,3,520000,1560000
I-000669,O-00188,P-03,1,62000,62000
I-000670,O-00188,P-01,2,45000,90000
I-000671,O-00189,P-01,3,45000,135000
I-000672,O-00189,P-02,2,210000,420000
I-000673,O-00189,P-09,2,47500,95000
I-000674,O-00189,P-04,3,625000,1875000
I-000675,O-00189,P-10,1,28000,28000
I-000676,O-00190,P-04,2,625000,1250000
I-000677,O-00190,P-07,3,280000,840000
I-000678,O-00190,P-09,3,47500,142500
I-000679,O-00190,P-10,1,28000,28000
I-000680,O-00191,P-04,2,625000,1250000
I-000681,O-00191,P-05,3,520000,1560000
I-000682,O-00191,P-09,1,47500,47500
I-000683,O-00191,P-06,1,341000,341000
I-000684,O-00192,P-07,3,280000,840000
I-000685,O-00192,P-01,1,45000,45000
I-000686,O-00193,P-10,1,28000,28000
I-000687,O-00193,P-01,3,45000,135000
I-000688,O-00193,P-04,3,625000,1875000
I-000689,O-00193,P-07,1,280000,280000
I-000690,O-00194,P-10,2,28000,56000
I-000691,O-00194,P-04,3,625000,1875000
I-000692,O-00195,P-01,1,45000,45000
I-000693,O-00195,P-09,1,47500,47500
I-000694,O-00195,P-07,1,280000,280000
I-000695,O-00195,P-06,3,341000,1023000
I-000696,O-00196,P-07,2,280000,560000
I-000697,O-00196,P-03,2,62000,124000
I-000698,O-00197,P-08,2,36000,72000
I-000699,O-00197,P-07,3,280000,840000
I-000700,O-00197,P-01,2,45000,90000
I-000701,O-00197,P-04,3,625000,1875000
I-000702,O-00197,P-09,1,47500,47500
I-000703,O-00198,P-03,1,62000,62000
I-000704,O-00198,P-01,3,45000,135000
I-000705,O-00198,P-08,3,36000,108000
I-000706,O-00199,P-10,3,28000,84000
I-000707,O-00199,P-01,1,45000,45000
I-000708,O-00199,P-03,1,62000,62000
I-000709,O-00199,P-02,2,210000,420000
I-000710,O-00199,P-08,2,36000,72000
I-000711,O-00200,P-02,2,210000,420000
I-000712,O-00200,P-01,1,45000,45000
I-000713,O-00200,P-07,3,280000,840000
I-000714,O-00201,P-06,3,341000,1023000
I-000715,O-00201,P-02,2,210000,420000
I-000716,O-00202,P-01,2,45000,90000
I-000717,O-00202,P-08,1,36000,36000
I-000718,O-00202,P-07,2,280000,560000
I-000719,O-00202,P-10,2,28000,56000
I-000720,O-00202,P-09,3,47500,142500
I-000721,O-00203,P-04,3,625000,1875000
I-000722,O-00203,P-06,3,341000,1023000
I-000723,O-00203,P-10,1,28000,28000
I-000724,O-00203,P-07,1,280000,280000
I-000725,O-00203,P-01,1,45000,45000
I-000726,O-00204,P-05,1,520000,520000
I-000727,O-00204,P-06,1,341000,341000
I-000728,O-00204,P-08,2,36000,72000
I-000729,O-00204,P-01,3,45000,135000
I-000730,O-00205,P-10,3,28000,84000
I-000731,O-00205,P-09,1,47500,47500
I-000732,O-00205,P-02,3,210000,630000
I-000733,O-00205,P-04,3,625000,1875000
I-000734,O-00206,P-04,1,625000,625000
I-000735,O-00206,P-10,3,28000,84000
I-000736,O-00206,P-02,3,210000,630000
I-000737,O-00206,P-01,1,45000,45000
I-000738,O-00207,P-09,3,47500,142500
I-000739,O-00207,P-01,1,45000,45000
I-000740,O-00207,P-06,3,341000,1023000
I-000741,O-00207,P-10,1,28000,28000
I-000742,O-00208,P-08,2,36000,72000
I-000743,O-00208,P-05,3,520000,1560000
I-000744,O-00208,P-07,1,280000,280000
I-000745,O-00209,P-04,3,625000,1875000
I-000746,O-00209,P-03,2,62000,124000
I-000747,O-00210,P-08,1,36000,36000
I-000748,O-00210,P-03,1,62000,62000
I-000749,O-00210,P-07,2,280000,560000
I-000750,O-00210,P-10,1,28000,28000
I-000751,O-00211,P-05,2,520000,1040000
I-000752,O-00211,P-08,1,36000,36000
I-000753,O-00211,P-03,1,62000,62000
I-000754,O-00212,P-05,1,520000,520000
I-000755,O-00212,P-02,1,210000,210000
I-000756,O-00213,P-10,1,28000,28000
I-000757,O-00213,P-08,1,36000,36000
I-000758,O-00213,P-09,2,47500,95000
I-000759,O-00214,P-06,1,341000,341000
I-000760,O-00214,P-10,3,28000,84000
I-000761,O-00214,P-04,3,625000,1875000
I-000762,O-00214,P-09,2,47500,95000
I-000763,O-00215,P-10,1,28000,28000
I-000764,O-00215,P-09,2,47500,95000
I-000765,O-00215,P-08,2,36000,72000
I-000766,O-00216,P-10,2,28000,56000
I-000767,O-00216,P-09,1,47500,47500
I-000768,O-00217,P-06,1,341000,341000
I-000769,O-00217,P-02,3,210000,630000
I-000770,O-00217,P-01,1,45000,45000
I-000771,O-00217,P-10,3,28000,84000
I-000772,O-00218,P-09,3,47500,142500
I-000773,O-00218,P-05,3,520000,1560000
I-000774,O-00218,P-06,1,341000,341000
I-000775,O-00219,P-08,3,36000,108000
I-000776,O-00219,P-07,2,280000,560000
I-000777,O-00220,P-09,2,47500,95000
I-000778,O-00220,P-01,2,45000,90000
I-000779,O-00220,P-10,1,28000,28000
I-000780,O-00220,P-06,1,341000,341000
I-000781,O-00220,P-02,3,210000,630000
I-000782,O-00221,P-05,1,520000,520000
I-000783,O-00221,P-08,1,36000,36000
I-000784,O-00221,P-06,2,341000,682000
I-000785,O-00221,P-10,3,28000,84000
I-000786,O-00221,P-01,3,45000,135000
I-000787,O-00222,P-08,1,36000,36000
I-000788,O-00222,P-10,1,28000,28000
I-000789,O-00222,P-05,2,520000,1040000
I-000790,O-00222,P-02,2,210000,420000
I-000791,O-00222,P-03,1,62000,62000
I-000792,O-00223,P-09,3,47500,142500
I-000793,O-00223,P-05,3,520000,1560000
I-000794,O-00223,P-06,1,341000,341000
I-000795,O-00224,P-04,1,625000,625000
I-000796,O-00224,P-07,1,280000,280000
I-000797,O-00224,P-02,2,210000,420000
I-000798,O-00224,P-06,3,341000,1023000
I-000799,O-00224,P-08,3,36000,108000
I-000800,O-00225,P-10,2,28000,56000
I-000801,O-00225,P-02,3,210000,630000
I-000802,O-00225,P-09,3,47500,142500
I-000803,O-00225,P-06,1,341000,341000
I-000804,O-00226,P-04,1,625000,625000
I-000805,O-00226,P-03,1,62000,62000
I-000806,O-00227,P-04,3,625000,1875000
I-000807,O-00227,P-03,3,62000,186000
I-000808,O-00227,P-08,3,36000,108000
I-000809,O-00228,P-03,3,62000,186000
I-000810,O-00228,P-01,3,45000,135000
I-000811,O-00228,P-10,2,28000,56000
I-000812,O-00228,P-04,2,625000,1250000
I-000813,O-00228,P-07,1,280000,280000
I-000814,O-00229,P-05,3,520000,1560000
I-000815,O-00229,P-03,2,62000,124000
I-000816,O-00229,P-06,3,341000,1023000
I-000817,O-00229,P-01,3,45000,135000
I-000818,O-00229,P-02,2,210000,420000
I-000819,O-00230,P-04,3,625000,1875000
I-000820,O-00230,P-03,2,62000,124000
I-000821,O-00230,P-09,2,47500,95000
I-000822,O-00230,P-02,1,210000,210000
I-000823,O-00231,P-10,3,28000,84000
I-000824,O-00231,P-09,2,47500,95000
I-000825,O-00231,P-01,1,45000,45000
I-000826,O-00231,P-05,3,520000,1560000
I-000827,O-00231,P-06,1,341000,341000
I-000828,O-00232,P-08,2,36000,72000
I-000829,O-00232,P-10,1,28000,28000
I-000830,O-00232,P-05,1,520000,520000
I-000831,O-00232,P-07,2,280000,560000
I-000832,O-00233,P-10,3,28000,84000
I-000833,O-00233,P-08,1,36000,36000
I-000834,O-00233,P-01,3,45000,135000
I-000835,O-00234,P-09,2,47500,95000
I-000836,O-00234,P-06,3,341000,1023000
I-000837,O-00234,P-01,3,45000,135000
I-000838,O-00235,P-08,2,36000,72000
I-000839,O-00235,P-03,1,62000,62000
I-000840,O-00235,P-04,2,625000,1250000
I-000841,O-00235,P-10,2,28000,56000
I-000842,O-00236,P-10,3,28000,84000
I-000843,O-00236,P-01,2,45000,90000
I-000844,O-00236,P-09,3,47500,142500
I-000845,O-00236,P-04,2,625000,1250000
I-000846,O-00236,P-06,1,341000,341000
I-000847,O-00237,P-03,3,62000,186000
I-000848,O-00237,P-01,1,45000,45000
I-000849,O-00238,P-10,1,28000,28000
I-000850,O-00238,P-01,1,45000,45000
I-000851,O-00238,P-08,2,36000,72000
I-000852,O-00239,P-08,1,36000,36000
I-000853,O-00239,P-02,2,210000,420000
I-000854,O-00239,P-07,1,280000,280000
I-000855,O-00240,P-03,1,62000,62000
I-000856,O-00240,P-01,1,45000,45000
I-000857,O-00241,P-08,1,36000,36000
I-000858,O-00241,P-10,1,28000,28000
I-000859,O-00241,P-05,1,520000,520000
I-000860,O-00241,P-06,2,341000,682000
I-000861,O-00241,P-02,2,210000,420000
I-000862,O-00242,P-10,2,28000,56000
I-000863,O-00242,P-06,3,341000,1023000
I-000864,O-00242,P-09,2,47500,95000
I-000865,O-00242,P-02,3,210000,630000
I-000866,O-00243,P-09,3,47500,142500
I-000867,O-00243,P-02,3,210000,630000
I-000868,O-00243,P-04,3,625000,1875000
I-000869,O-00243,P-06,1,341000,341000
I-000870,O-00243,P-10,1,28000,28000
I-000871,O-00244,P-04,3,625000,1875000
I-000872,O-00244,P-07,1,280000,280000
I-000873,O-00244,P-06,2,341000,682000
I-000874,O-00245,P-02,3,210000,630000
I-000875,O-00245,P-06,1,341000,341000
I-000876,O-00245,P-09,2,47500,95000
I-000877,O-00245,P-05,3,520000,1560000
I-000878,O-00246,P-01,1,45000,45000
I-000879,O-00246,P-09,1,47500,47500
I-000880,O-00246,P-02,2,210000,420000
I-000881,O-00246,P-04,1,625000,625000
I-000882,O-00246,P-08,3,36000,108000
I-000883,O-00247,P-09,2,47500,95000
I-000884,O-00247,P-03,3,62000,186000
I-000885,O-00248,P-08,2,36000,72000
I-000886,O-00248,P-04,1,625000,625000
I-000887,O-00248,P-07,2,280000,560000
I-000888,O-00249,P-01,3,45000,135000
I-000889,O-00249,P-02,3,210000,630000
I-000890,O-00250,P-01,2,45000,90000
I-000891,O-00250,P-10,3,28000,84000
I-000892,O-00250,P-04,2,625000,1250000
I-000893,O-00250,P-05,2,520000,1040000
I-000894,O-00251,P-06,1,341000,341000
I-000895,O-00251,P-03,2,62000,124000
I-000896,O-00251,P-04,3,625000,1875000
I-000897,O-00251,P-02,1,210000,210000
I-000898,O-00252,P-05,3,520000,1560000
I-000899,O-00252,P-04,2,625000,1250000
I-000900,O-00253,P-10,3,28000,84000
I-000901,O-00253,P-03,3,62000,186000
I-000902,O-00254,P-04,3,625000,1875000
I-000903,O-00254,P-06,1,341000,341000
I-000904,O-00255,P-06,3,341000,1023000
I-000905,O-00255,P-02,1,210000,210000
I-000906,O-00255,P-08,2,36000,72000
I-000907,O-00256,P-02,3,210000,630000
I-000908,O-00256,P-10,2,28000,56000
I-000909,O-00256,P-07,1,280000,280000
I-000910,O-00257,P-04,1,625000,625000
I-000911,O-00257,P-01,2,45000,90000
I-000912,O-00257,P-06,1,341000,341000
I-000913,O-00258,P-03,1,62000,62000
I-000914,O-00258,P-07,1,280000,280000
I-000915,O-00258,P-04,3,625000,1875000
I-000916,O-00258,P-09,1,47500,47500
I-000917,O-00258,P-06,3,341000,1023000
I-000918,O-00259,P-06,1,341000,341000
I-000919,O-00259,P-04,2,625000,1250000
I-000920,O-00259,P-01,1,45000,45000
I-000921,O-00260,P-10,1,28000,28000
I-000922,O-00260,P-09,2,47500,95000
I-000923,O-00260,P-06,2,341000,682000
I-000924,O-00260,P-01,3,45000,135000
I-000925,O-00260,P-05,1,520000,520000
I-000926,O-00261,P-10,2,28000,56000
I-000927,O-00261,P-09,2,47500,95000
I-000928,O-00261,P-08,1,36000,36000
I-000929,O-00261,P-02,2,210000,420000
I-000930,O-00261,P-06,1,341000,341000
I-000931,O-00262,P-05,3,520000,1560000
I-000932,O-00262,P-01,3,45000,135000
I-000933,O-00263,P-08,3,36000,108000
I-000934,O-00263,P-05,3,520000,1560000
I-000935,O-00263,P-10,1,28000,28000
I-000936,O-00263,P-03,2,62000,124000
I-000937,O-00263,P-02,2,210000,420000
I-000938,O-00264,P-07,1,280000,280000
I-000939,O-00264,P-06,1,341000,341000
I-000940,O-00264,P-02,1,210000,210000
I-000941,O-00265,P-03,2,62000,124000
I-000942,O-00265,P-02,1,210000,210000
I-000943,O-00265,P-10,3,28000,84000
I-000944,O-00265,P-06,2,341000,682000
I-000945,O-00265,P-01,1,45000,45000
I-000946,O-00266,P-08,2,36000,72000
I-000947,O-00266,P-01,3,45000,135000
I-000948,O-00267,P-08,1,36000,36000
I-000949,O-00267,P-09,1,47500,47500
I-000950,O-00267,P-04,1,625000,625000
I-000951,O-00267,P-06,1,341000,341000
I-000952,O-00267,P-07,2,280000,560000
I-000953,O-00268,P-04,2,625000,1250000
I-000954,O-00268,P-01,2,45000,90000
I-000955,O-00268,P-03,3,62000,186000
I-000956,O-00269,P-07,2,280000,560000
I-000957,O-00269,P-02,2,210000,420000
I-000958,O-00269,P-08,3,36000,108000
I-000959,O-00269,P-05,3,520000,1560000
I-000960,O-00269,P-04,3,625000,1875000
I-000961,O-00270,P-05,2,520000,1040000
I-000962,O-00270,P-02,2,210000,420000
I-000963,O-00270,P-04,3,625000,1875000
I-000964,O-00271,P-09,3,47500,142500
I-000965,O-00271,P-08,3,36000,108000
I-000966,O-00271,P-04,2,625000,1250000
I-000967,O-00271,P-01,2,45000,90000
I-000968,O-00272,P-01,2,45000,90000
I-000969,O-00272,P-02,2,210000,420000
I-000970,O-00273,P-09,1,47500,47500
I-000971,O-00273,P-06,2,341000,682000
I-000972,O-00273,P-01,2,45000,90000
I-000973,O-00273,P-04,3,625000,1875000
I-000974,O-00273,P-08,2,36000,72000
I-000975,O-00274,P-10,3,28000,84000
I-000976,O-00274,P-04,1,625000,625000
I-000977,O-00274,P-02,1,210000,210000
I-000978,O-00274,P-07,2,280000,560000
I-000979,O-00274,P-03,1,62000,62000
I-000980,O-00275,P-09,3,47500,142500
I-000981,O-00275,P-08,1,36000,36000
I-000982,O-00276,P-10,1,28000,28000
I-000983,O-00276,P-08,3,36000,108000
I-000984,O-00276,P-09,1,47500,47500
I-000985,O-00276,P-02,2,210000,420000
I-000986,O-00277,P-06,2,341000,682000
I-000987,O-00277,P-10,2,28000,56000
I-000988,O-00277,P-05,2,520000,1040000
I-000989,O-00278,P-08,1,36000,36000
I-000990,O-00278,P-02,1,210000,210000
I-000991,O-00278,P-06,1,341000,341000
I-000992,O-00278,P-01,3,45000,135000
I-000993,O-00279,P-07,3,280000,840000
I-000994,O-00279,P-09,2,47500,95000
I-000995,O-00279,P-04,1,625000,625000
I-000996,O-00280,P-06,3,341000,1023000
I-000997,O-00280,P-04,1,625000,625000
I-000998,O-00280,P-03,1,62000,62000
I-000999,O-00281,P-05,3,520000,1560000
I-001000,O-00281,P-03,1,62000,62000
I-001001,O-00282,P-07,3,280000,840000
I-001002,O-00282,P-03,2,62000,124000
I-001003,O-00282,P-04,1,625000,625000
I-001004,O-00282,P-06,2,341000,682000
I-001005,O-00282,P-01,3,45000,135000
I-001006,O-00283,P-03,1,62000,62000
I-001007,O-00283,P-05,2,520000,1040000
I-001008,O-00283,P-02,1,210000,210000
I-001009,O-00283,P-06,1,341000,341000
I-001010,O-00284,P-10,1,28000,28000
I-001011,O-00284,P-08,1,36000,36000
I-001012,O-00284,P-01,1,45000,45000
I-001013,O-00284,P-06,2,341000,682000
I-001014,O-00285,P-06,2,341000,682000
I-001015,O-00285,P-07,2,280000,560000
I-001016,O-00285,P-04,3,625000,1875000
I-001017,O-00286,P-06,2,341000,682000
I-001018,O-00286,P-01,1,45000,45000
I-001019,O-00286,P-07,2,280000,560000
I-001020,O-00286,P-05,2,520000,1040000
I-001021,O-00286,P-10,2,28000,56000
I-001022,O-00287,P-08,1,36000,36000
I-001023,O-00287,P-03,1,62000,62000
I-001024,O-00287,P-04,1,625000,625000
I-001025,O-00288,P-10,2,28000,56000
I-001026,O-00288,P-02,2,210000,420000
I-001027,O-00289,P-05,2,520000,1040000
I-001028,O-00289,P-02,3,210000,630000
I-001029,O-00289,P-06,1,341000,341000
I-001030,O-00289,P-08,3,36000,108000
I-001031,O-00290,P-03,3,62000,186000
I-001032,O-00290,P-05,1,520000,520000
I-001033,O-00291,P-02,1,210000,210000
I-001034,O-00291,P-07,1,280000,280000
I-001035,O-00291,P-09,3,47500,142500
I-001036,O-00291,P-03,2,62000,124000
I-001037,O-00291,P-05,2,520000,1040000
I-001038,O-00292,P-05,3,520000,1560000
I-001039,O-00292,P-09,1,47500,47500
I-001040,O-00292,P-08,1,36000,36000
I-001041,O-00293,P-04,2,625000,1250000
I-001042,O-00293,P-09,2,47500,95000
I-001043,O-00293,P-08,1,36000,36000
I-001044,O-00293,P-01,2,45000,90000
I-001045,O-00294,P-07,3,280000,840000
I-001046,O-00294,P-01,3,45000,135000
I-001047,O-00294,P-10,2,28000,56000
I-001048,O-00295,P-06,1,341000,341000
I-001049,O-00295,P-04,3,625000,1875000
I-001050,O-00296,P-10,1,28000,28000
I-001051,O-00296,P-09,3,47500,142500
I-001052,O-00296,P-02,2,210000,420000
I-001053,O-00297,P-08,3,36000,108000
I-001054,O-00297,P-03,2,62000,124000
I-001055,O-00297,P-06,2,341000,682000
I-001056,O-00297,P-07,3,280000,840000
I-001057,O-00298,P-03,3,62000,186000
I-001058,O-00298,P-04,3,625000,1875000
I-001059,O-00299,P-08,3,36000,108000
I-001060,O-00299,P-06,3,341000,1023000
I-001061,O-00299,P-09,3,47500,142500
I-001062,O-00299,P-02,3,210000,630000
I-001063,O-00300,P-07,2,280000,560000
I-001064,O-00300,P-10,2,28000,56000
I-001065,O-00300,P-02,2,210000,420000
I-001066,O-00300,P-04,1,625000,625000
I-001067,O-00301,P-04,3,625000,1875000
I-001068,O-00301,P-07,1,280000,280000
I-001069,O-00301,P-06,3,341000,1023000
I-001070,O-00301,P-08,3,36000,108000
I-001071,O-00301,P-09,1,47500,47500
I-001072,O-00302,P-08,3,36000,108000
I-001073,O-00302,P-07,1,280000,280000
I-001074,O-00302,P-06,3,341000,1023000
I-001075,O-00302,P-04,3,625000,1875000
I-001076,O-00302,P-10,3,28000,84000
I-001077,O-00303,P-01,1,45000,45000
I-001078,O-00303,P-08,2,36000,72000
I-001079,O-00303,P-03,3,62000,186000
I-001080,O-00303,P-05,3,520000,1560000
I-001081,O-00303,P-10,3,28000,84000
I-001082,O-00304,P-06,3,341000,1023000
I-001083,O-00304,P-04,1,625000,625000
I-001084,O-00304,P-05,3,520000,1560000
I-001085,O-00304,P-09,1,47500,47500
I-001086,O-00305,P-04,1,625000,625000
I-001087,O-00305,P-06,2,341000,682000
I-001088,O-00305,P-02,2,210000,420000
I-001089,O-00305,P-03,2,62000,124000
I-001090,O-00305,P-01,2,45000,90000
I-001091,O-00306,P-07,3,280000,840000
I-001092,O-00306,P-04,1,625000,625000
I-001093,O-00306,P-06,1,341000,341000
I-001094,O-00306,P-08,3,36000,108000
I-001095,O-00307,P-06,2,341000,682000
I-001096,O-00307,P-04,1,625000,625000
I-001097,O-00307,P-05,3,520000,1560000
I-001098,O-00308,P-04,1,625000,625000
I-001099,O-00308,P-06,2,341000,682000
I-001100,O-00308,P-10,3,28000,84000
I-001101,O-00309,P-02,1,210000,210000
I-001102,O-00309,P-01,1,45000,45000
I-001103,O-00310,P-09,3,47500,142500
I-001104,O-00310,P-03,3,62000,186000
I-001105,O-00311,P-08,2,36000,72000
I-001106,O-00311,P-06,2,341000,682000
I-001107,O-00311,P-09,1,47500,47500
I-001108,O-00311,P-02,3,210000,630000
I-001109,O-00311,P-10,3,28000,84000
I-001110,O-00312,P-08,1,36000,36000
I-001111,O-00312,P-05,1,520000,520000
I-001112,O-00312,P-06,1,341000,341000
I-001113,O-00312,P-09,1,47500,47500
I-001114,O-00312,P-03,2,62000,124000
I-001115,O-00313,P-02,3,210000,630000
I-001116,O-00313,P-03,3,62000,186000
I-001117,O-00314,P-09,3,47500,142500
I-001118,O-00314,P-04,3,625000,1875000
I-001119,O-00315,P-03,1,62000,62000
I-001120,O-00315,P-06,3,341000,1023000
I-001121,O-00315,P-09,1,47500,47500
I-001122,O-00315,P-04,2,625000,1250000
I-001123,O-00316,P-05,1,520000,520000
I-001124,O-00316,P-07,2,280000,560000
I-001125,O-00316,P-04,1,625000,625000
I-001126,O-00317,P-04,2,625000,1250000
I-001127,O-00317,P-06,3,341000,1023000
I-001128,O-00317,P-08,2,36000,72000
I-001129,O-00317,P-07,3,280000,840000
I-001130,O-00318,P-03,2,62000,124000
I-001131,O-00318,P-08,3,36000,108000
I-001132,O-00319,P-06,2,341000,682000
I-001133,O-00319,P-09,3,47500,142500
I-001134,O-00320,P-04,2,625000,1250000
I-001135,O-00320,P-03,2,62000,124000
I-001136,O-00320,P-06,3,341000,1023000
I-001137,O-00321,P-08,3,36000,108000
I-001138,O-00321,P-05,3,520000,1560000
I-001139,O-00321,P-10,3,28000,84000
I-001140,O-00322,P-07,1,280000,280000
I-001141,O-00322,P-10,3,28000,84000
I-001142,O-00322,P-08,1,36000,36000
I-001143,O-00322,P-01,2,45000,90000
I-001144,O-00322,P-03,3,62000,186000
I-001145,O-00323,P-04,3,625000,1875000
I-001146,O-00323,P-07,1,280000,280000
I-001147,O-00324,P-09,3,47500,142500
I-001148,O-00324,P-10,2,28000,56000
I-001149,O-00324,P-05,2,520000,1040000
I-001150,O-00324,P-01,3,45000,135000
I-001151,O-00324,P-06,1,341000,341000
I-001152,O-00325,P-02,3,210000,630000
I-001153,O-00325,P-07,2,280000,560000
I-001154,O-00326,P-06,1,341000,341000
I-001155,O-00326,P-05,2,520000,1040000
I-001156,O-00326,P-03,3,62000,186000
I-001157,O-00326,P-04,2,625000,1250000
I-001158,O-00326,P-01,3,45000,135000
I-001159,O-00327,P-03,1,62000,62000
I-001160,O-00327,P-07,2,280000,560000
I-001161,O-00327,P-09,1,47500,47500
I-001162,O-00327,P-08,3,36000,108000
I-001163,O-00328,P-10,3,28000,84000
I-001164,O-00328,P-01,2,45000,90000
I-001165,O-00328,P-08,2,36000,72000
I-001166,O-00328,P-05,3,520000,1560000
I-001167,O-00328,P-02,3,210000,630000
I-001168,O-00329,P-07,1,280000,280000
I-001169,O-00329,P-08,1,36000,36000
I-001170,O-00329,P-09,3,47500,142500
I-001171,O-00330,P-08,2,36000,72000
I-001172,O-00330,P-07,2,280000,560000
I-001173,O-00330,P-09,2,47500,95000
I-001174,O-00331,P-01,2,45000,90000
I-001175,O-00331,P-07,3,280000,840000
I-001176,O-00331,P-05,1,520000,520000
I-001177,O-00331,P-08,3,36000,108000
I-001178,O-00331,P-02,1,210000,210000
I-001179,O-00332,P-07,1,280000,280000
I-001180,O-00332,P-03,2,62000,124000
I-001181,O-00332,P-10,3,28000,84000
I-001182,O-00332,P-06,2,341000,682000
I-001183,O-00332,P-08,3,36000,108000
I-001184,O-00333,P-08,1,36000,36000
I-001185,O-00333,P-01,3,45000,135000
I-001186,O-00334,P-07,2,280000,560000
I-001187,O-00334,P-02,2,210000,420000
I-001188,O-00334,P-08,3,36000,108000
I-001189,O-00335,P-02,3,210000,630000
I-001190,O-00335,P-08,1,36000,36000
I-001191,O-00335,P-07,2,280000,560000
I-001192,O-00335,P-10,1,28000,28000
I-001193,O-00336,P-04,3,625000,1875000
I-001194,O-00336,P-05,3,520000,1560000
I-001195,O-00336,P-07,2,280000,560000
I-001196,O-00337,P-03,2,62000,124000
I-001197,O-00337,P-06,1,341000,341000
I-001198,O-00338,P-03,1,62000,62000
I-001199,O-00338,P-02,2,210000,420000
I-001200,O-00338,P-07,1,280000,280000
I-001201,O-00339,P-05,2,520000,1040000
I-001202,O-00339,P-08,1,36000,36000
I-001203,O-00339,P-06,1,341000,341000
I-001204,O-00339,P-03,1,62000,62000
I-001205,O-00340,P-08,2,36000,72000
I-001206,O-00340,P-07,3,280000,840000
I-001207,O-00340,P-04,2,625000,1250000
I-001208,O-00341,P-07,3,280000,840000
I-001209,O-00341,P-10,3,28000,84000
I-001210,O-00341,P-08,2,36000,72000
I-001211,O-00341,P-09,1,47500,47500
I-001212,O-00341,P-01,3,45000,135000
I-001213,O-00342,P-07,3,280000,840000
I-001214,O-00342,P-10,2,28000,56000
I-001215,O-00342,P-02,3,210000,630000
I-001216,O-00342,P-09,3,47500,142500
I-001217,O-00342,P-06,3,341000,1023000
I-001218,O-00343,P-04,2,625000,1250000
I-001219,O-00343,P-05,1,520000,520000
I-001220,O-00344,P-03,1,62000,62000
I-001221,O-00344,P-02,1,210000,210000
I-001222,O-00344,P-01,1,45000,45000
I-001223,O-00344,P-10,2,28000,56000
I-001224,O-00345,P-09,1,47500,47500
I-001225,O-00345,P-08,3,36000,108000
I-001226,O-00345,P-04,1,625000,625000
I-001227,O-00345,P-03,1,62000,62000
I-001228,O-00345,P-02,1,210000,210000
I-001229,O-00346,P-03,3,62000,186000
I-001230,O-00346,P-10,2,28000,56000
I-001231,O-00346,P-06,1,341000,341000
I-001232,O-00346,P-05,2,520000,1040000
I-001233,O-00346,P-02,1,210000,210000
I-001234,O-00347,P-09,2,47500,95000
I-001235,O-00347,P-03,2,62000,124000
I-001236,O-00347,P-04,3,625000,1875000
I-001237,O-00347,P-07,1,280000,280000
I-001238,O-00347,P-05,1,520000,520000
I-001239,O-00348,P-10,1,28000,28000
I-001240,O-00348,P-08,1,36000,36000
I-001241,O-00348,P-02,1,210000,210000
I-001242,O-00348,P-06,3,341000,1023000
I-001243,O-00349,P-10,2,28000,56000
I-001244,O-00349,P-03,1,62000,62000
I-001245,O-00349,P-05,2,520000,1040000
I-001246,O-00349,P-09,1,47500,47500
I-001247,O-00349,P-04,1,625000,625000
I-001248,O-00350,P-03,2,62000,124000
I-001249,O-00350,P-08,2,36000,72000
I-001250,O-00350,P-05,2,520000,1040000
I-001251,O-00350,P-10,1,28000,28000
I-001252,O-00350,P-07,3,280000,840000
I-001253,O-00351,P-08,2,36000,72000
I-001254,O-00351,P-09,1,47500,47500
I-001255,O-00351,P-04,2,625000,1250000
I-001256,O-00351,P-01,1,45000,45000
I-001257,O-00352,P-09,2,47500,95000
I-001258,O-00352,P-07,3,280000,840000
I-001259,O-00353,P-10,3,28000,84000
I-001260,O-00353,P-06,2,341000,682000
I-001261,O-00353,P-03,2,62000,124000
I-001262,O-00353,P-08,3,36000,108000
I-001263,O-00353,P-01,1,45000,45000
I-001264,O-00354,P-06,2,341000,682000
I-001265,O-00354,P-04,1,625000,625000
I-001266,O-00354,P-08,2,36000,72000
I-001267,O-00354,P-07,3,280000,840000
I-001268,O-00355,P-07,2,280000,560000
I-001269,O-00355,P-04,1,625000,625000
I-001270,O-00355,P-08,3,36000,108000
I-001271,O-00355,P-09,1,47500,47500
I-001272,O-00356,P-09,1,47500,47500
I-001273,O-00356,P-10,1,28000,28000
I-001274,O-00357,P-07,2,280000,560000
I-001275,O-00357,P-10,2,28000,56000
I-001276,O-00357,P-05,3,520000,1560000
I-001277,O-00357,P-08,3,36000,108000
I-001278,O-00358,P-02,2,210000,420000
I-001279,O-00358,P-05,3,520000,1560000
I-001280,O-00358,P-01,3,45000,135000
I-001281,O-00359,P-08,2,36000,72000
I-001282,O-00359,P-01,3,45000,135000
I-001283,O-00359,P-10,3,28000,84000
I-001284,O-00359,P-09,3,47500,142500
I-001285,O-00359,P-07,1,280000,280000
I-001286,O-00360,P-06,1,341000,341000
I-001287,O-00360,P-02,2,210000,420000
I-001288,O-00360,P-10,2,28000,56000
I-001289,O-00360,P-03,3,62000,186000
I-001290,O-00361,P-08,1,36000,36000
I-001291,O-00361,P-06,3,341000,1023000
I-001292,O-00361,P-03,2,62000,124000
I-001293,O-00362,P-04,3,625000,1875000
I-001294,O-00362,P-07,3,280000,840000
I-001295,O-00362,P-05,3,520000,1560000
I-001296,O-00362,P-03,2,62000,124000
I-001297,O-00363,P-08,2,36000,72000
I-001298,O-00363,P-02,2,210000,420000
I-001299,O-00363,P-06,1,341000,341000
I-001300,O-00363,P-03,2,62000,124000
I-001301,O-00364,P-09,2,47500,95000
I-001302,O-00364,P-03,1,62000,62000
I-001303,O-00364,P-08,3,36000,108000
I-001304,O-00364,P-10,3,28000,84000
I-001305,O-00365,P-10,2,28000,56000
I-001306,O-00365,P-02,3,210000,630000
I-001307,O-00365,P-01,1,45000,45000
I-001308,O-00366,P-01,3,45000,135000
I-001309,O-00366,P-09,2,47500,95000
I-001310,O-00366,P-10,2,28000,56000
I-001311,O-00367,P-01,2,45000,90000
I-001312,O-00367,P-03,3,62000,186000
I-001313,O-00367,P-07,2,280000,560000
I-001314,O-00367,P-10,1,28000,28000
I-001315,O-00367,P-08,2,36000,72000
I-001316,O-00368,P-06,1,341000,341000
I-001317,O-00368,P-09,3,47500,142500
I-001318,O-00368,P-03,2,62000,124000
I-001319,O-00368,P-04,2,625000,1250000
I-001320,O-00369,P-07,2,280000,560000
I-001321,O-00369,P-10,2,28000,56000
I-001322,O-00369,P-04,3,625000,1875000
I-001323,O-00369,P-02,3,210000,630000
I-001324,O-00369,P-08,1,36000,36000
I-001325,O-00370,P-03,3,62000,186000
I-001326,O-00370,P-05,2,520000,1040000
I-001327,O-00371,P-03,2,62000,124000
I-001328,O-00371,P-08,1,36000,36000
I-001329,O-00371,P-10,1,28000,28000
I-001330,O-00371,P-06,2,341000,682000
I-001331,O-00371,P-04,3,625000,1875000
I-001332,O-00372,P-10,1,28000,28000
I-001333,O-00372,P-05,3,520000,1560000
I-001334,O-00372,P-01,1,45000,45000
I-001335,O-00372,P-06,1,341000,341000
I-001336,O-00373,P-06,2,341000,682000
I-001337,O-00373,P-02,1,210000,210000
I-001338,O-00373,P-01,2,45000,90000
I-001339,O-00373,P-07,1,280000,280000
I-001340,O-00373,P-08,3,36000,108000
I-001341,O-00374,P-02,3,210000,630000
I-001342,O-00374,P-04,3,625000,1875000
I-001343,O-00374,P-09,2,47500,95000
I-001344,O-00374,P-08,3,36000,108000
I-001345,O-00375,P-10,1,28000,28000
I-001346,O-00375,P-09,1,47500,47500
I-001347,O-00376,P-07,3,280000,840000
I-001348,O-00376,P-03,2,62000,124000
I-001349,O-00377,P-07,2,280000,560000
I-001350,O-00377,P-08,1,36000,36000
I-001351,O-00377,P-09,2,47500,95000
I-001352,O-00377,P-04,2,625000,1250000
I-001353,O-00378,P-08,1,36000,36000
I-001354,O-00378,P-04,3,625000,1875000
I-001355,O-00378,P-07,2,280000,560000
I-001356,O-00378,P-10,2,28000,56000
I-001357,O-00378,P-09,2,47500,95000
I-001358,O-00379,P-10,2,28000,56000
I-001359,O-00379,P-05,2,520000,1040000
I-001360,O-00380,P-08,3,36000,108000
I-001361,O-00380,P-04,3,625000,1875000
I-001362,O-00381,P-10,1,28000,28000
I-001363,O-00381,P-07,3,280000,840000
I-001364,O-00381,P-01,1,45000,45000
I-001365,O-00381,P-08,1,36000,36000
I-001366,O-00382,P-04,3,625000,1875000
I-001367,O-00382,P-09,3,47500,142500
I-001368,O-00382,P-06,3,341000,1023000
I-001369,O-00382,P-07,1,280000,280000
I-001370,O-00382,P-02,2,210000,420000
I-001371,O-00383,P-04,1,625000,625000
I-001372,O-00383,P-01,3,45000,135000
I-001373,O-00384,P-04,1,625000,625000
I-001374,O-00384,P-09,2,47500,95000
I-001375,O-00384,P-05,1,520000,520000
I-001376,O-00385,P-01,3,45000,135000
I-001377,O-00385,P-08,1,36000,36000
I-001378,O-00385,P-07,3,280000,840000
I-001379,O-00385,P-09,1,47500,47500
I-001380,O-00385,P-06,2,341000,682000
I-001381,O-00386,P-03,2,62000,124000
I-001382,O-00386,P-04,2,625000,1250000
I-001383,O-00386,P-08,2,36000,72000
I-001384,O-00387,P-03,1,62000,62000
I-001385,O-00387,P-02,2,210000,420000
I-001386,O-00387,P-10,2,28000,56000
I-001387,O-00388,P-10,3,28000,84000
I-001388,O-00388,P-01,1,45000,45000
I-001389,O-00388,P-09,3,47500,142500
I-001390,O-00388,P-08,3,36000,108000
I-001391,O-00389,P-02,3,210000,630000
I-001392,O-00389,P-03,3,62000,186000
I-001393,O-00390,P-05,3,520000,1560000
I-001394,O-00390,P-08,2,36000,72000
I-001395,O-00390,P-01,1,45000,45000
I-001396,O-00390,P-06,2,341000,682000
I-001397,O-00391,P-03,1,62000,62000
I-001398,O-00391,P-02,2,210000,420000
I-001399,O-00391,P-07,3,280000,840000
I-001400,O-00391,P-09,1,47500,47500
I-001401,O-00392,P-10,1,28000,28000
I-001402,O-00392,P-09,3,47500,142500
I-001403,O-00392,P-08,1,36000,36000
I-001404,O-00392,P-04,3,625000,1875000
I-001405,O-00393,P-01,3,45000,135000
I-001406,O-00393,P-03,2,62000,124000
I-001407,O-00393,P-07,3,280000,840000
I-001408,O-00394,P-06,3,341000,1023000
I-001409,O-00394,P-10,3,28000,84000
I-001410,O-00394,P-01,1,45000,45000
I-001411,O-00394,P-05,3,520000,1560000
I-001412,O-00395,P-01,1,45000,45000
I-001413,O-00395,P-04,3,625000,1875000
I-001414,O-00396,P-02,2,210000,420000
I-001415,O-00396,P-05,3,520000,1560000
I-001416,O-00396,P-01,3,45000,135000
I-001417,O-00396,P-07,3,280000,840000
I-001418,O-00396,P-08,2,36000,72000
I-001419,O-00397,P-09,3,47500,142500
I-001420,O-00397,P-08,1,36000,36000
I-001421,O-00398,P-01,1,45000,45000
I-001422,O-00398,P-08,1,36000,36000
I-001423,O-00398,P-09,1,47500,47500
I-001424,O-00398,P-03,2,62000,124000
I-001425,O-00398,P-07,3,280000,840000
I-001426,O-00399,P-03,1,62000,62000
I-001427,O-00399,P-06,3,341000,1023000
I-001428,O-00399,P-08,2,36000,72000
I-001429,O-00399,P-09,3,47500,142500
I-001430,O-00400,P-10,1,28000,28000
I-001431,O-00400,P-03,3,62000,186000
I-001432,O-00400,P-02,1,210000,210000
I-001433,O-00401,P-05,2,520000,1040000
I-001434,O-00401,P-08,3,36000,108000
I-001435,O-00401,P-07,1,280000,280000
I-001436,O-00402,P-08,2,36000,72000
I-001437,O-00402,P-10,3,28000,84000
I-001438,O-00402,P-01,3,45000,135000
I-001439,O-00402,P-03,2,62000,124000
I-001440,O-00402,P-09,1,47500,47500
I-001441,O-00403,P-01,3,45000,135000
I-001442,O-00403,P-05,3,520000,1560000
I-001443,O-00403,P-08,1,36000,36000
I-001444,O-00403,P-07,2,280000,560000
I-001445,O-00404,P-03,3,62000,186000
I-001446,O-00404,P-05,1,520000,520000
I-001447,O-00405,P-08,3,36000,108000
I-001448,O-00405,P-10,2,28000,56000
I-001449,O-00405,P-06,2,341000,682000
I-001450,O-00406,P-08,3,36000,108000
I-001451,O-00406,P-10,1,28000,28000
I-001452,O-00407,P-02,1,210000,210000
I-001453,O-00407,P-06,2,341000,682000
I-001454,O-00408,P-02,1,210000,210000
I-001455,O-00408,P-03,2,62000,124000
I-001456,O-00409,P-09,1,47500,47500
I-001457,O-00409,P-03,2,62000,124000
I-001458,O-00409,P-05,3,520000,1560000
I-001459,O-00409,P-06,2,341000,682000
I-001460,O-00410,P-04,3,625000,1875000
I-001461,O-00410,P-10,3,28000,84000
I-001462,O-00410,P-02,3,210000,630000
I-001463,O-00410,P-03,3,62000,186000
I-001464,O-00410,P-07,1,280000,280000
I-001465,O-00411,P-07,1,280000,280000
I-001466,O-00411,P-08,3,36000,108000
I-001467,O-00411,P-04,3,625000,1875000
I-001468,O-00411,P-05,1,520000,520000
I-001469,O-00412,P-07,3,280000,840000
I-001470,O-00412,P-03,3,62000,186000
I-001471,O-00413,P-05,3,520000,1560000
I-001472,O-00413,P-07,3,280000,840000
I-001473,O-00413,P-02,1,210000,210000
I-001474,O-00413,P-10,3,28000,84000
I-001475,O-00413,P-04,1,625000,625000
I-001476,O-00414,P-01,3,45000,135000
I-001477,O-00414,P-04,1,625000,625000
I-001478,O-00414,P-03,2,62000,124000
I-001479,O-00415,P-04,1,625000,625000
I-001480,O-00415,P-10,1,28000,28000
I-001481,O-00416,P-06,1,341000,341000
I-001482,O-00416,P-08,1,36000,36000
I-001483,O-00416,P-07,2,280000,560000
I-001484,O-00416,P-04,3,625000,1875000
I-001485,O-00416,P-02,1,210000,210000
I-001486,O-00417,P-02,1,210000,210000
I-001487,O-00417,P-07,1,280000,280000
I-001488,O-00417,P-08,2,36000,72000
I-001489,O-00418,P-03,3,62000,186000
I-001490,O-00418,P-04,1,625000,625000
I-001491,O-00418,P-02,2,210000,420000
I-001492,O-00418,P-01,1,45000,45000
I-001493,O-00418,P-06,2,341000,682000
I-001494,O-00419,P-05,3,520000,1560000
I-001495,O-00419,P-09,1,47500,47500
I-001496,O-00419,P-04,3,625000,1875000
I-001497,O-00420,P-04,2,625000,1250000
I-001498,O-00420,P-01,1,45000,45000
I-001499,O-00420,P-08,2,36000,72000
I-001500,O-00420,P-10,1,28000,28000
I-001501,O-00420,P-07,2,280000,560000
I-001502,O-00421,P-05,1,520000,520000
I-001503,O-00421,P-03,2,62000,124000
I-001504,O-00421,P-01,3,45000,135000
I-001505,O-00421,P-10,1,28000,28000
I-001506,O-00421,P-08,2,36000,72000
I-001507,O-00422,P-07,1,280000,280000
I-001508,O-00422,P-09,2,47500,95000
I-001509,O-00422,P-05,2,520000,1040000
I-001510,O-00423,P-10,1,28000,28000
I-001511,O-00423,P-02,2,210000,420000
I-001512,O-00424,P-01,3,45000,135000
I-001513,O-00424,P-03,1,62000,62000
I-001514,O-00425,P-04,2,625000,1250000
I-001515,O-00425,P-07,2,280000,560000
I-001516,O-00425,P-05,1,520000,520000
I-001517,O-00426,P-05,1,520000,520000
I-001518,O-00426,P-01,3,45000,135000
I-001519,O-00427,P-02,2,210000,420000
I-001520,O-00427,P-01,1,45000,45000
I-001521,O-00427,P-05,2,520000,1040000
I-001522,O-00427,P-07,2,280000,560000
I-001523,O-00428,P-07,3,280000,840000
I-001524,O-00428,P-05,3,520000,1560000
I-001525,O-00428,P-01,3,45000,135000
I-001526,O-00428,P-06,3,341000,1023000
I-001527,O-00428,P-03,1,62000,62000
I-001528,O-00429,P-04,1,625000,625000
I-001529,O-00429,P-03,1,62000,62000
I-001530,O-00430,P-10,1,28000,28000
I-001531,O-00430,P-03,2,62000,124000
I-001532,O-00431,P-01,1,45000,45000
I-001533,O-00431,P-05,3,520000,1560000
I-001534,O-00431,P-07,1,280000,280000
I-001535,O-00432,P-02,1,210000,210000
I-001536,O-00432,P-07,1,280000,280000
I-001537,O-00432,P-05,2,520000,1040000
I-001538,O-00432,P-06,3,341000,1023000
I-001539,O-00433,P-08,1,36000,36000
I-001540,O-00433,P-09,3,47500,142500
I-001541,O-00433,P-02,2,210000,420000
I-001542,O-00433,P-06,1,341000,341000
I-001543,O-00434,P-09,3,47500,142500
I-001544,O-00434,P-03,3,62000,186000
I-001545,O-00434,P-06,3,341000,1023000
I-001546,O-00435,P-06,1,341000,341000
I-001547,O-00435,P-03,3,62000,186000
I-001548,O-00435,P-09,3,47500,142500
I-001549,O-00435,P-04,1,625000,625000
I-001550,O-00435,P-05,3,520000,1560000
I-001551,O-00436,P-04,1,625000,625000
I-001552,O-00436,P-03,2,62000,124000
I-001553,O-00436,P-06,2,341000,682000
I-001554,O-00437,P-01,3,45000,135000
I-001555,O-00437,P-09,2,47500,95000
I-001556,O-00437,P-08,1,36000,36000
I-001557,O-00437,P-10,2,28000,56000
I-001558,O-00437,P-07,3,280000,840000
I-001559,O-00438,P-01,3,45000,135000
I-001560,O-00438,P-09,2,47500,95000
I-001561,O-00439,P-02,1,210000,210000
I-001562,O-00439,P-07,2,280000,560000
I-001563,O-00439,P-01,2,45000,90000
I-001564,O-00440,P-03,2,62000,124000
I-001565,O-00440,P-10,3,28000,84000
I-001566,O-00440,P-06,3,341000,1023000
I-001567,O-00440,P-05,3,520000,1560000
I-001568,O-00440,P-01,2,45000,90000
I-001569,O-00441,P-02,1,210000,210000
I-001570,O-00441,P-01,2,45000,90000
I-001571,O-00441,P-07,3,280000,840000
I-001572,O-00441,P-05,3,520000,1560000
I-001573,O-00441,P-04,1,625000,625000
I-001574,O-00442,P-07,1,280000,280000
I-001575,O-00442,P-06,1,341000,341000
I-001576,O-00442,P-09,3,47500,142500
I-001577,O-00442,P-01,2,45000,90000
I-001578,O-00443,P-04,3,625000,1875000
I-001579,O-00443,P-06,2,341000,682000
I-001580,O-00444,P-07,2,280000,560000
I-001581,O-00444,P-02,1,210000,210000
I-001582,O-00444,P-10,2,28000,56000
I-001583,O-00444,P-08,1,36000,36000
I-001584,O-00444,P-06,1,341000,341000
I-001585,O-00445,P-01,1,45000,45000
I-001586,O-00445,P-09,1,47500,47500
I-001587,O-00445,P-07,3,280000,840000
I-001588,O-00445,P-02,2,210000,420000
I-001589,O-00445,P-10,3,28000,84000
I-001590,O-00446,P-01,2,45000,90000
I-001591,O-00446,P-06,3,341000,1023000
I-001592,O-00446,P-07,2,280000,560000
I-001593,O-00447,P-09,1,47500,47500
I-001594,O-00447,P-07,1,280000,280000
I-001595,O-00447,P-04,3,625000,1875000
I-001596,O-00447,P-10,1,28000,28000
I-001597,O-00447,P-03,3,62000,186000
I-001598,O-00448,P-06,2,341000,682000
I-001599,O-00448,P-07,2,280000,560000
I-001600,O-00448,P-05,1,520000,520000
I-001601,O-00448,P-08,3,36000,108000
I-001602,O-00449,P-06,1,341000,341000
I-001603,O-00449,P-02,2,210000,420000
I-001604,O-00450,P-05,2,520000,1040000
I-001605,O-00450,P-09,2,47500,95000
I-001606,O-00450,P-07,3,280000,840000
I-001607,O-00451,P-08,2,36000,72000
I-001608,O-00451,P-06,3,341000,1023000
I-001609,O-00452,P-02,3,210000,630000
I-001610,O-00452,P-04,2,625000,1250000
I-001611,O-00452,P-05,2,520000,1040000
I-001612,O-00452,P-10,1,28000,28000
I-001613,O-00452,P-06,1,341000,341000
I-001614,O-00453,P-08,3,36000,108000
I-001615,O-00453,P-10,2,28000,56000
I-001616,O-00454,P-08,1,36000,36000
I-001617,O-00454,P-06,1,341000,341000
I-001618,O-00454,P-09,3,47500,142500
I-001619,O-00454,P-10,3,28000,84000
I-001620,O-00454,P-03,1,62000,62000
I-001621,O-00455,P-09,3,47500,142500
I-001622,O-00455,P-03,3,62000,186000
I-001623,O-00456,P-01,1,45000,45000
I-001624,O-00456,P-07,3,280000,840000
I-001625,O-00456,P-04,2,625000,1250000
I-001626,O-00457,P-02,1,210000,210000
I-001627,O-00457,P-04,3,625000,1875000
I-001628,O-00457,P-08,1,36000,36000
I-001629,O-00457,P-09,3,47500,142500
I-001630,O-00458,P-01,2,45000,90000
I-001631,O-00458,P-03,1,62000,62000
I-001632,O-00458,P-08,2,36000,72000
I-001633,O-00458,P-05,2,520000,1040000
I-001634,O-00458,P-06,1,341000,341000
I-001635,O-00459,P-08,2,36000,72000
I-001636,O-00459,P-09,1,47500,47500
I-001637,O-00459,P-03,3,62000,186000
I-001638,O-00459,P-07,1,280000,280000
I-001639,O-00459,P-06,2,341000,682000
I-001640,O-00460,P-05,1,520000,520000
I-001641,O-00460,P-04,2,625000,1250000
I-001642,O-00460,P-03,1,62000,62000
I-001643,O-00461,P-06,3,341000,1023000
I-001644,O-00461,P-03,3,62000,186000
I-001645,O-00462,P-07,2,280000,560000
I-001646,O-00462,P-05,3,520000,1560000
I-001647,O-00462,P-03,3,62000,186000
I-001648,O-00463,P-09,1,47500,47500
I-001649,O-00463,P-08,3,36000,108000
I-001650,O-00464,P-07,2,280000,560000
I-001651,O-00464,P-09,3,47500,142500
I-001652,O-00464,P-03,3,62000,186000
I-001653,O-00464,P-01,3,45000,135000
I-001654,O-00464,P-06,1,341000,341000
I-001655,O-00465,P-07,1,280000,280000
I-001656,O-00465,P-02,3,210000,630000
I-001657,O-00465,P-01,1,45000,45000
I-001658,O-00465,P-06,1,341000,341000
I-001659,O-00466,P-03,2,62000,124000
I-001660,O-00466,P-10,1,28000,28000
I-001661,O-00466,P-05,1,520000,520000
I-001662,O-00467,P-07,3,280000,840000
I-001663,O-00467,P-03,3,62000,186000
I-001664,O-00467,P-09,2,47500,95000
I-001665,O-00467,P-01,3,45000,135000
I-001666,O-00468,P-07,1,280000,280000
I-001667,O-00468,P-10,2,28000,56000
I-001668,O-00468,P-06,3,341000,1023000
I-001669,O-00468,P-04,3,625000,1875000
I-001670,O-00469,P-08,2,36000,72000
I-001671,O-00469,P-02,2,210000,420000
I-001672,O-00470,P-10,3,28000,84000
I-001673,O-00470,P-07,2,280000,560000
I-001674,O-00470,P-05,1,520000,520000
I-001675,O-00470,P-01,3,45000,135000
I-001676,O-00470,P-09,3,47500,142500
I-001677,O-00471,P-04,2,625000,1250000
I-001678,O-00471,P-06,2,341000,682000
I-001679,O-00471,P-07,3,280000,840000
I-001680,O-00471,P-08,3,36000,108000
I-001681,O-00471,P-09,1,47500,47500
I-001682,O-00472,P-04,1,625000,625000
I-001683,O-00472,P-05,2,520000,1040000
I-001684,O-00472,P-08,1,36000,36000
I-001685,O-00473,P-08,1,36000,36000
I-001686,O-00473,P-10,3,28000,84000
I-001687,O-00473,P-07,3,280000,840000
I-001688,O-00473,P-05,3,520000,1560000
I-001689,O-00473,P-01,2,45000,90000
I-001690,O-00474,P-01,3,45000,135000
I-001691,O-00474,P-06,2,341000,682000
I-001692,O-00474,P-10,2,28000,56000
I-001693,O-00474,P-04,1,625000,625000
I-001694,O-00475,P-04,3,625000,1875000
I-001695,O-00475,P-02,1,210000,210000
I-001696,O-00475,P-01,1,45000,45000
I-001697,O-00475,P-05,1,520000,520000
I-001698,O-00476,P-10,1,28000,28000
I-001699,O-00476,P-06,1,341000,341000
I-001700,O-00476,P-05,3,520000,1560000
I-001701,O-00476,P-02,3,210000,630000
I-001702,O-00477,P-07,1,280000,280000
I-001703,O-00477,P-02,1,210000,210000
I-001704,O-00477,P-04,1,625000,625000
I-001705,O-00477,P-09,1,47500,47500
I-001706,O-00478,P-03,1,62000,62000
I-001707,O-00478,P-01,1,45000,45000
I-001708,O-00478,P-07,1,280000,280000
I-001709,O-00478,P-06,1,341000,341000
I-001710,O-00479,P-02,3,210000,630000
I-001711,O-00479,P-07,1,280000,280000
I-001712,O-00479,P-03,3,62000,186000
I-001713,O-00479,P-09,1,47500,47500
I-001714,O-00480,P-06,3,341000,1023000
I-001715,O-00480,P-03,3,62000,186000
I-001716,O-00480,P-10,3,28000,84000
I-001717,O-00480,P-07,1,280000,280000
I-001718,O-00480,P-02,1,210000,210000
I-001719,O-00481,P-01,3,45000,135000
I-001720,O-00481,P-04,2,625000,1250000
I-001721,O-00482,P-08,1,36000,36000
I-001722,O-00482,P-10,3,28000,84000
I-001723,O-00482,P-06,1,341000,341000
I-001724,O-00483,P-04,3,625000,1875000
I-001725,O-00483,P-07,2,280000,560000
I-001726,O-00484,P-05,1,520000,520000
I-001727,O-00484,P-09,2,47500,95000
I-001728,O-00484,P-04,3,625000,1875000
I-001729,O-00485,P-01,1,45000,45000
I-001730,O-00485,P-09,2,47500,95000
I-001731,O-00485,P-07,1,280000,280000
I-001732,O-00486,P-02,3,210000,630000
I-001733,O-00486,P-06,2,341000,682000
I-001734,O-00486,P-07,3,280000,840000
I-001735,O-00486,P-09,2,47500,95000
I-001736,O-00487,P-06,2,341000,682000
I-001737,O-00487,P-05,1,520000,520000
I-001738,O-00487,P-03,1,62000,62000
I-001739,O-00488,P-10,1,28000,28000
I-001740,O-00488,P-09,1,47500,47500
I-001741,O-00488,P-01,2,45000,90000
I-001742,O-00488,P-02,1,210000,210000
I-001743,O-00489,P-09,1,47500,47500
I-001744,O-00489,P-05,3,520000,1560000
I-001745,O-00489,P-02,3,210000,630000
I-001746,O-00489,P-07,3,280000,840000
I-001747,O-00490,P-04,3,625000,1875000
I-001748,O-00490,P-07,1,280000,280000
I-001749,O-00490,P-03,1,62000,62000
I-001750,O-00491,P-05,3,520000,1560000
I-001751,O-00491,P-02,1,210000,210000
I-001752,O-00492,P-08,1,36000,36000
I-001753,O-00492,P-02,3,210000,630000
I-001754,O-00492,P-05,1,520000,520000
I-001755,O-00492,P-10,1,28000,28000
I-001756,O-00492,P-01,2,45000,90000
I-001757,O-00493,P-10,3,28000,84000
I-001758,O-00493,P-05,3,520000,1560000
I-001759,O-00494,P-05,2,520000,1040000
I-001760,O-00494,P-07,3,280000,840000
I-001761,O-00494,P-08,1,36000,36000
I-001762,O-00494,P-03,1,62000,62000
I-001763,O-00494,P-06,2,341000,682000
I-001764,O-00495,P-09,2,47500,95000
I-001765,O-00495,P-05,1,520000,520000
I-001766,O-00496,P-09,3,47500,142500
I-001767,O-00496,P-10,1,28000,28000
I-001768,O-00496,P-06,1,341000,341000
I-001769,O-00497,P-05,2,520000,1040000
I-001770,O-00497,P-06,3,341000,1023000
I-001771,O-00497,P-03,3,62000,186000
I-001772,O-00498,P-01,1,45000,45000
I-001773,O-00498,P-06,3,341000,1023000
I-001774,O-00498,P-08,3,36000,108000
I-001775,O-00499,P-05,2,520000,1040000
I-001776,O-00499,P-08,2,36000,72000
I-001777,O-00499,P-09,2,47500,95000
I-001778,O-00499,P-07,3,280000,840000
I-001779,O-00499,P-03,2,62000,124000
I-001780,O-00500,P-05,1,520000,520000
I-001781,O-00500,P-10,3,28000,84000
I-001782,O-00501,P-01,3,45000,135000
I-001783,O-00501,P-06,2,341000,682000
I-001784,O-00501,P-02,2,210000,420000
I-001785,O-00502,P-02,3,210000,630000
I-001786,O-00502,P-08,3,36000,108000
I-001787,O-00502,P-05,2,520000,1040000
I-001788,O-00502,P-06,2,341000,682000
I-001789,O-00503,P-05,2,520000,1040000
I-001790,O-00503,P-01,1,45000,45000
I-001791,O-00503,P-06,1,341000,341000
I-001792,O-00504,P-07,2,280000,560000
I-001793,O-00504,P-03,2,62000,124000
I-001794,O-00504,P-01,1,45000,45000
I-001795,O-00504,P-05,3,520000,1560000
I-001796,O-00504,P-09,1,47500,47500
I-001797,O-00505,P-01,3,45000,135000
I-001798,O-00505,P-10,2,28000,56000
I-001799,O-00505,P-07,3,280000,840000
I-001800,O-00505,P-03,3,62000,186000
I-001801,O-00506,P-05,2,520000,1040000
I-001802,O-00506,P-04,3,625000,1875000
I-001803,O-00507,P-09,3,47500,142500
I-001804,O-00507,P-03,3,62000,186000
I-001805,O-00508,P-09,3,47500,142500
I-001806,O-00508,P-01,3,45000,135000
I-001807,O-00508,P-07,1,280000,280000
I-001808,O-00508,P-05,1,520000,520000
I-001809,O-00509,P-07,3,280000,840000
I-001810,O-00509,P-08,1,36000,36000
I-001811,O-00509,P-06,2,341000,682000
I-001812,O-00509,P-04,3,625000,1875000
I-001813,O-00509,P-09,2,47500,95000
I-001814,O-00510,P-06,1,341000,341000
I-001815,O-00510,P-09,1,47500,47500
I-001816,O-00511,P-04,3,625000,1875000
I-001817,O-00511,P-06,2,341000,682000
I-001818,O-00511,P-03,1,62000,62000
I-001819,O-00511,P-08,3,36000,108000
I-001820,O-00512,P-05,1,520000,520000
I-001821,O-00512,P-04,1,625000,625000
I-001822,O-00512,P-09,1,47500,47500
I-001823,O-00512,P-02,2,210000,420000
I-001824,O-00513,P-04,1,625000,625000
I-001825,O-00513,P-07,1,280000,280000
I-001826,O-00513,P-06,3,341000,1023000
I-001827,O-00513,P-02,3,210000,630000
I-001828,O-00513,P-09,1,47500,47500
I-001829,O-00514,P-02,1,210000,210000
I-001830,O-00514,P-07,3,280000,840000
I-001831,O-00515,P-06,1,341000,341000
I-001832,O-00515,P-02,2,210000,420000
I-001833,O-00515,P-05,1,520000,520000
I-001834,O-00515,P-03,2,62000,124000
I-001835,O-00516,P-04,1,625000,625000
I-001836,O-00516,P-09,3,47500,142500
I-001837,O-00516,P-07,3,280000,840000
I-001838,O-00517,P-07,1,280000,280000
I-001839,O-00517,P-02,3,210000,630000
I-001840,O-00517,P-03,1,62000,62000
I-001841,O-00518,P-06,1,341000,341000
I-001842,O-00518,P-07,1,280000,280000
I-001843,O-00519,P-04,2,625000,1250000
I-001844,O-00519,P-10,3,28000,84000
I-001845,O-00519,P-02,2,210000,420000
I-001846,O-00519,P-03,3,62000,186000
I-001847,O-00520,P-08,3,36000,108000
I-001848,O-00520,P-02,3,210000,630000
I-001849,O-00520,P-09,1,47500,47500
I-001850,O-00520,P-03,1,62000,62000
I-001851,O-00520,P-01,1,45000,45000
I-001852,O-00521,P-06,3,341000,1023000
I-001853,O-00521,P-08,1,36000,36000
I-001854,O-00521,P-01,1,45000,45000
I-001855,O-00521,P-10,2,28000,56000
I-001856,O-00522,P-10,3,28000,84000
I-001857,O-00522,P-07,2,280000,560000
I-001858,O-00522,P-05,3,520000,1560000
I-001859,O-00523,P-05,1,520000,520000
I-001860,O-00523,P-08,1,36000,36000
I-001861,O-00523,P-03,2,62000,124000
I-001862,O-00523,P-06,3,341000,1023000
I-001863,O-00523,P-01,1,45000,45000
I-001864,O-00524,P-08,3,36000,108000
I-001865,O-00524,P-02,3,210000,630000
I-001866,O-00524,P-04,1,625000,625000
I-001867,O-00524,P-03,2,62000,124000
I-001868,O-00525,P-04,1,625000,625000
I-001869,O-00525,P-02,1,210000,210000
I-001870,O-00525,P-10,2,28000,56000
I-001871,O-00525,P-05,2,520000,1040000
I-001872,O-00525,P-07,2,280000,560000
I-001873,O-00526,P-03,1,62000,62000
I-001874,O-00526,P-07,1,280000,280000
I-001875,O-00527,P-01,1,45000,45000
I-001876,O-00527,P-02,2,210000,420000
I-001877,O-00527,P-05,1,520000,520000
I-001878,O-00527,P-03,3,62000,186000
I-001879,O-00527,P-10,1,28000,28000
I-001880,O-00528,P-01,2,45000,90000
I-001881,O-00528,P-10,2,28000,56000
I-001882,O-00528,P-04,3,625000,1875000
I-001883,O-00528,P-08,2,36000,72000
I-001884,O-00529,P-08,3,36000,108000
I-001885,O-00529,P-06,1,341000,341000
I-001886,O-00529,P-10,3,28000,84000
I-001887,O-00530,P-10,2,28000,56000
I-001888,O-00530,P-03,2,62000,124000
I-001889,O-00530,P-07,3,280000,840000
I-001890,O-00530,P-05,2,520000,1040000
I-001891,O-00530,P-06,3,341000,1023000
I-001892,O-00531,P-06,2,341000,682000
I-001893,O-00531,P-01,1,45000,45000
I-001894,O-00531,P-04,3,625000,1875000
I-001895,O-00531,P-08,1,36000,36000
I-001896,O-00531,P-05,1,520000,520000
I-001897,O-00532,P-01,1,45000,45000
I-001898,O-00532,P-09,1,47500,47500
I-001899,O-00532,P-07,1,280000,280000
I-001900,O-00533,P-08,3,36000,108000
I-001901,O-00533,P-03,3,62000,186000
I-001902,O-00533,P-07,2,280000,560000
I-001903,O-00534,P-07,1,280000,280000
I-001904,O-00534,P-03,2,62000,124000
I-001905,O-00534,P-02,2,210000,420000
I-001906,O-00534,P-06,2,341000,682000
I-001907,O-00535,P-01,1,45000,45000
I-001908,O-00535,P-03,2,62000,124000
I-001909,O-00536,P-04,2,625000,1250000
I-001910,O-00536,P-01,1,45000,45000
I-001911,O-00537,P-04,1,625000,625000
I-001912,O-00537,P-03,3,62000,186000
I-001913,O-00537,P-01,3,45000,135000
I-001914,O-00537,P-09,1,47500,47500
I-001915,O-00538,P-10,1,28000,28000
I-001916,O-00538,P-06,2,341000,682000
I-001917,O-00538,P-09,1,47500,47500
I-001918,O-00538,P-04,2,625000,1250000
I-001919,O-00539,P-01,1,45000,45000
I-001920,O-00539,P-10,1,28000,28000
I-001921,O-00539,P-05,1,520000,520000
I-001922,O-00539,P-04,2,625000,1250000
I-001923,O-00540,P-09,3,47500,142500
I-001924,O-00540,P-04,1,625000,625000
I-001925,O-00540,P-03,2,62000,124000
I-001926,O-00540,P-05,3,520000,1560000
I-001927,O-00541,P-09,1,47500,47500
I-001928,O-00541,P-05,1,520000,520000
I-001929,O-00541,P-03,1,62000,62000
I-001930,O-00541,P-02,2,210000,420000
I-001931,O-00541,P-07,2,280000,560000
I-001932,O-00542,P-01,2,45000,90000
I-001933,O-00542,P-07,3,280000,840000
I-001934,O-00543,P-09,2,47500,95000
I-001935,O-00543,P-02,3,210000,630000
I-001936,O-00544,P-09,2,47500,95000
I-001937,O-00544,P-03,3,62000,186000
I-001938,O-00544,P-10,3,28000,84000
I-001939,O-00544,P-08,3,36000,108000
I-001940,O-00545,P-10,2,28000,56000
I-001941,O-00545,P-08,3,36000,108000
I-001942,O-00545,P-07,2,280000,560000
I-001943,O-00546,P-07,3,280000,840000
I-001944,O-00546,P-06,1,341000,341000
I-001945,O-00546,P-01,1,45000,45000
I-001946,O-00547,P-03,3,62000,186000
I-001947,O-00547,P-05,1,520000,520000
I-001948,O-00548,P-10,1,28000,28000
I-001949,O-00548,P-01,3,45000,135000
I-001950,O-00549,P-10,1,28000,28000
I-001951,O-00549,P-02,1,210000,210000
I-001952,O-00549,P-09,3,47500,142500
I-001953,O-00549,P-01,3,45000,135000
I-001954,O-00550,P-01,3,45000,135000
I-001955,O-00550,P-06,1,341000,341000
I-001956,O-00550,P-03,3,62000,186000
I-001957,O-00550,P-07,2,280000,560000
I-001958,O-00550,P-08,2,36000,72000
I-001959,O-00551,P-10,2,28000,56000
I-001960,O-00551,P-02,2,210000,420000
I-001961,O-00551,P-03,1,62000,62000
I-001962,O-00551,P-07,1,280000,280000
I-001963,O-00552,P-08,2,36000,72000
I-001964,O-00552,P-03,1,62000,62000
I-001965,O-00553,P-01,3,45000,135000
I-001966,O-00553,P-06,1,341000,341000
I-001967,O-00553,P-08,1,36000,36000
I-001968,O-00554,P-01,2,45000,90000
I-001969,O-00554,P-09,1,47500,47500
I-001970,O-00554,P-10,3,28000,84000
I-001971,O-00555,P-04,3,625000,1875000
I-001972,O-00555,P-01,1,45000,45000
I-001973,O-00556,P-07,3,280000,840000
I-001974,O-00556,P-05,2,520000,1040000
I-001975,O-00556,P-08,3,36000,108000
I-001976,O-00557,P-01,3,45000,135000
I-001977,O-00557,P-05,3,520000,1560000
I-001978,O-00557,P-02,2,210000,420000
I-001979,O-00558,P-08,1,36000,36000
I-001980,O-00558,P-04,3,625000,1875000
I-001981,O-00558,P-06,2,341000,682000
I-001982,O-00558,P-07,2,280000,560000
I-001983,O-00559,P-06,2,341000,682000
I-001984,O-00559,P-09,2,47500,95000
I-001985,O-00559,P-08,1,36000,36000
I-001986,O-00559,P-07,1,280000,280000
I-001987,O-00560,P-06,1,341000,341000
I-001988,O-00560,P-03,1,62000,62000
I-001989,O-00560,P-04,1,625000,625000
I-001990,O-00561,P-01,3,45000,135000
I-001991,O-00561,P-02,2,210000,420000
I-001992,O-00561,P-10,3,28000,84000
I-001993,O-00562,P-09,1,47500,47500
I-001994,O-00562,P-07,1,280000,280000
I-001995,O-00563,P-06,2,341000,682000
I-001996,O-00563,P-09,1,47500,47500
I-001997,O-00564,P-09,2,47500,95000
I-001998,O-00564,P-02,1,210000,210000
I-001999,O-00564,P-05,3,520000,1560000
I-002000,O-00565,P-10,2,28000,56000
I-002001,O-00565,P-02,2,210000,420000
I-002002,O-00565,P-09,2,47500,95000
I-002003,O-00566,P-10,1,28000,28000
I-002004,O-00566,P-08,1,36000,36000
I-002005,O-00566,P-02,2,210000,420000
I-002006,O-00566,P-04,2,625000,1250000
I-002007,O-00566,P-09,3,47500,142500
I-002008,O-00567,P-01,1,45000,45000
I-002009,O-00567,P-09,3,47500,142500
I-002010,O-00567,P-05,2,520000,1040000
I-002011,O-00567,P-10,1,28000,28000
I-002012,O-00568,P-04,3,625000,1875000
I-002013,O-00568,P-09,3,47500,142500
I-002014,O-00568,P-06,2,341000,682000
I-002015,O-00568,P-02,1,210000,210000
I-002016,O-00569,P-08,1,36000,36000
I-002017,O-00569,P-05,3,520000,1560000
I-002018,O-00570,P-09,3,47500,142500
I-002019,O-00570,P-01,2,45000,90000
I-002020,O-00570,P-08,3,36000,108000
I-002021,O-00570,P-04,3,625000,1875000
I-002022,O-00571,P-10,1,28000,28000
I-002023,O-00571,P-01,1,45000,45000
I-002024,O-00571,P-02,1,210000,210000
I-002025,O-00571,P-09,3,47500,142500
I-002026,O-00571,P-03,1,62000,62000
I-002027,O-00572,P-05,2,520000,1040000
I-002028,O-00572,P-01,2,45000,90000
I-002029,O-00572,P-08,2,36000,72000
I-002030,O-00572,P-04,2,625000,1250000
I-002031,O-00573,P-04,3,625000,1875000
I-002032,O-00573,P-01,1,45000,45000
I-002033,O-00573,P-06,1,341000,341000
I-002034,O-00573,P-10,1,28000,28000
I-002035,O-00574,P-03,2,62000,124000
I-002036,O-00574,P-02,3,210000,630000
I-002037,O-00574,P-10,2,28000,56000
I-002038,O-00575,P-01,1,45000,45000
I-002039,O-00575,P-10,2,28000,56000
I-002040,O-00575,P-06,3,341000,1023000
I-002041,O-00576,P-06,2,341000,682000
I-002042,O-00576,P-04,1,625000,625000
I-002043,O-00577,P-10,3,28000,84000
I-002044,O-00577,P-05,3,520000,1560000
I-002045,O-00577,P-07,1,280000,280000
I-002046,O-00577,P-09,3,47500,142500
I-002047,O-00577,P-02,2,210000,420000
I-002048,O-00578,P-09,2,47500,95000
I-002049,O-00578,P-05,3,520000,1560000
I-002050,O-00578,P-01,1,45000,45000
I-002051,O-00579,P-06,1,341000,341000
I-002052,O-00579,P-03,2,62000,124000
I-002053,O-00579,P-01,3,45000,135000
I-002054,O-00579,P-10,2,28000,56000
I-002055,O-00580,P-07,3,280000,840000
I-002056,O-00580,P-01,1,45000,45000
I-002057,O-00580,P-03,2,62000,124000
I-002058,O-00580,P-08,1,36000,36000
I-002059,O-00580,P-05,1,520000,520000
I-002060,O-00581,P-07,1,280000,280000
I-002061,O-00581,P-06,2,341000,682000
I-002062,O-00581,P-01,3,45000,135000
I-002063,O-00582,P-02,2,210000,420000
I-002064,O-00582,P-01,3,45000,135000
I-002065,O-00582,P-03,3,62000,186000
I-002066,O-00582,P-06,3,341000,1023000
I-002067,O-00583,P-08,2,36000,72000
I-002068,O-00583,P-02,3,210000,630000
I-002069,O-00583,P-06,2,341000,682000
I-002070,O-00583,P-04,1,625000,625000
I-002071,O-00584,P-08,3,36000,108000
I-002072,O-00584,P-01,1,45000,45000
I-002073,O-00585,P-04,3,625000,1875000
I-002074,O-00585,P-08,1,36000,36000
I-002075,O-00586,P-08,2,36000,72000
I-002076,O-00586,P-10,1,28000,28000
I-002077,O-00586,P-07,3,280000,840000
I-002078,O-00587,P-03,1,62000,62000
I-002079,O-00587,P-10,1,28000,28000
I-002080,O-00588,P-05,1,520000,520000
I-002081,O-00588,P-04,1,625000,625000
I-002082,O-00588,P-03,3,62000,186000
I-002083,O-00588,P-07,2,280000,560000
I-002084,O-00589,P-03,2,62000,124000
I-002085,O-00589,P-08,1,36000,36000
I-002086,O-00589,P-04,2,625000,1250000
I-002087,O-00589,P-06,1,341000,341000
I-002088,O-00589,P-01,3,45000,135000
I-002089,O-00590,P-03,3,62000,186000
I-002090,O-00590,P-01,1,45000,45000
I-002091,O-00590,P-09,1,47500,47500
I-002092,O-00590,P-05,1,520000,520000
I-002093,O-00590,P-02,2,210000,420000
I-002094,O-00591,P-10,2,28000,56000
I-002095,O-00591,P-03,1,62000,62000
I-002096,O-00591,P-02,2,210000,420000
I-002097,O-00591,P-07,2,280000,560000
I-002098,O-00592,P-08,2,36000,72000
I-002099,O-00592,P-02,1,210000,210000
I-002100,O-00592,P-10,2,28000,56000
I-002101,O-00592,P-07,3,280000,840000
I-002102,O-00592,P-04,3,625000,1875000
I-002103,O-00593,P-09,2,47500,95000
I-002104,O-00593,P-06,2,341000,682000
I-002105,O-00593,P-10,3,28000,84000
I-002106,O-00594,P-08,3,36000,108000
I-002107,O-00594,P-06,1,341000,341000
I-002108,O-00594,P-03,2,62000,124000
I-002109,O-00594,P-02,2,210000,420000
I-002110,O-00594,P-05,3,520000,1560000
I-002111,O-00595,P-07,1,280000,280000
I-002112,O-00595,P-04,2,625000,1250000
I-002113,O-00596,P-02,1,210000,210000
I-002114,O-00596,P-05,2,520000,1040000
I-002115,O-00596,P-09,3,47500,142500
I-002116,O-00596,P-07,3,280000,840000
I-002117,O-00597,P-07,1,280000,280000
I-002118,O-00597,P-06,3,341000,1023000
I-002119,O-00598,P-06,1,341000,341000
I-002120,O-00598,P-03,1,62000,62000
I-002121,O-00598,P-02,3,210000,630000
I-002122,O-00598,P-01,2,45000,90000
I-002123,O-00598,P-07,3,280000,840000
I-002124,O-00599,P-06,3,341000,1023000
I-002125,O-00599,P-08,3,36000,108000
I-002126,O-00599,P-02,2,210000,420000
I-002127,O-00600,P-08,1,36000,36000
I-002128,O-00600,P-09,2,47500,95000
I-002129,O-00600,P-05,3,520000,1560000
I-002130,O-00600,P-01,3,45000,135000
I-002131,O-00601,P-05,3,520000,1560000
I-002132,O-00601,P-06,2,341000,682000
I-002133,O-00601,P-01,1,45000,45000
I-002134,O-00601,P-09,3,47500,142500
I-002135,O-00602,P-01,1,45000,45000
I-002136,O-00602,P-05,2,520000,1040000
I-002137,O-00603,P-07,2,280000,560000
I-002138,O-00603,P-08,1,36000,36000
I-002139,O-00603,P-01,3,45000,135000
I-002140,O-00603,P-09,1,47500,47500
I-002141,O-00604,P-10,3,28000,84000
I-002142,O-00604,P-03,3,62000,186000
I-002143,O-00604,P-09,3,47500,142500
I-002144,O-00604,P-08,1,36000,36000
I-002145,O-00604,P-05,3,520000,1560000
I-002146,O-00605,P-01,2,45000,90000
I-002147,O-00605,P-04,1,625000,625000
I-002148,O-00605,P-05,2,520000,1040000
I-002149,O-00606,P-10,3,28000,84000
I-002150,O-00606,P-07,1,280000,280000
I-002151,O-00606,P-04,1,625000,625000
I-002152,O-00607,P-01,2,45000,90000
I-002153,O-00607,P-04,2,625000,1250000
I-002154,O-00607,P-08,1,36000,36000
I-002155,O-00607,P-05,2,520000,1040000
I-002156,O-00608,P-01,2,45000,90000
I-002157,O-00608,P-09,1,47500,47500
I-002158,O-00609,P-09,3,47500,142500
I-002159,O-00609,P-02,3,210000,630000
I-002160,O-00609,P-05,2,520000,1040000
I-002161,O-00610,P-02,2,210000,420000
I-002162,O-00610,P-03,2,62000,124000
I-002163,O-00610,P-06,3,341000,1023000
I-002164,O-00610,P-04,2,625000,1250000
I-002165,O-00610,P-08,1,36000,36000
I-002166,O-00611,P-01,3,45000,135000
I-002167,O-00611,P-09,3,47500,142500
I-002168,O-00611,P-10,3,28000,84000
I-002169,O-00611,P-03,3,62000,186000
I-002170,O-00611,P-05,3,520000,1560000
I-002171,O-00612,P-10,2,28000,56000
I-002172,O-00612,P-06,3,341000,1023000
I-002173,O-00612,P-05,1,520000,520000
I-002174,O-00612,P-01,3,45000,135000
I-002175,O-00613,P-07,2,280000,560000
I-002176,O-00613,P-06,3,341000,1023000
I-002177,O-00613,P-04,2,625000,1250000
I-002178,O-00613,P-08,3,36000,108000
I-002179,O-00613,P-05,3,520000,1560000
I-002180,O-00614,P-01,2,45000,90000
I-002181,O-00614,P-09,2,47500,95000
I-002182,O-00615,P-08,3,36000,108000
I-002183,O-00615,P-10,1,28000,28000
I-002184,O-00615,P-09,1,47500,47500
I-002185,O-00615,P-04,1,625000,625000
I-002186,O-00616,P-09,1,47500,47500
I-002187,O-00616,P-06,2,341000,682000
I-002188,O-00617,P-06,2,341000,682000
I-002189,O-00617,P-08,3,36000,108000
I-002190,O-00617,P-02,1,210000,210000
I-002191,O-00617,P-09,1,47500,47500
I-002192,O-00617,P-03,2,62000,124000
I-002193,O-00618,P-04,2,625000,1250000
I-002194,O-00618,P-09,1,47500,47500
I-002195,O-00619,P-05,2,520000,1040000
I-002196,O-00619,P-09,3,47500,142500
I-002197,O-00619,P-07,3,280000,840000
I-002198,O-00620,P-01,2,45000,90000
I-002199,O-00620,P-06,2,341000,682000
I-002200,O-00621,P-06,1,341000,341000
I-002201,O-00621,P-01,3,45000,135000
I-002202,O-00621,P-05,3,520000,1560000
I-002203,O-00621,P-09,3,47500,142500
I-002204,O-00621,P-02,3,210000,630000
I-002205,O-00622,P-04,3,625000,1875000
I-002206,O-00622,P-02,1,210000,210000
I-002207,O-00622,P-10,1,28000,28000
I-002208,O-00622,P-09,3,47500,142500
I-002209,O-00622,P-01,3,45000,135000
I-002210,O-00623,P-04,3,625000,1875000
I-002211,O-00623,P-10,2,28000,56000
I-002212,O-00623,P-07,3,280000,840000
I-002213,O-00623,P-08,3,36000,108000
I-002214,O-00624,P-08,1,36000,36000
I-002215,O-00624,P-05,2,520000,1040000
I-002216,O-00624,P-04,3,625000,1875000
I-002217,O-00624,P-09,3,47500,142500
I-002218,O-00624,P-02,3,210000,630000
I-002219,O-00625,P-08,3,36000,108000
I-002220,O-00625,P-07,1,280000,280000
I-002221,O-00625,P-03,3,62000,186000
I-002222,O-00625,P-02,2,210000,420000
I-002223,O-00625,P-04,2,625000,1250000
I-002224,O-00626,P-02,2,210000,420000
I-002225,O-00626,P-03,1,62000,62000
I-002226,O-00626,P-05,1,520000,520000
I-002227,O-00627,P-01,1,45000,45000
I-002228,O-00627,P-03,3,62000,186000
I-002229,O-00628,P-01,2,45000,90000
I-002230,O-00628,P-02,3,210000,630000
I-002231,O-00628,P-10,3,28000,84000
I-002232,O-00629,P-02,1,210000,210000
I-002233,O-00629,P-08,1,36000,36000
I-002234,O-00629,P-07,2,280000,560000
I-002235,O-00630,P-08,3,36000,108000
I-002236,O-00630,P-01,3,45000,135000
I-002237,O-00630,P-07,1,280000,280000
I-002238,O-00631,P-05,1,520000,520000
I-002239,O-00631,P-02,3,210000,630000
I-002240,O-00632,P-09,1,47500,47500
I-002241,O-00632,P-04,3,625000,1875000
I-002242,O-00632,P-06,2,341000,682000
I-002243,O-00632,P-05,2,520000,1040000
I-002244,O-00633,P-07,2,280000,560000
I-002245,O-00633,P-01,1,45000,45000
I-002246,O-00633,P-10,3,28000,84000
I-002247,O-00633,P-02,3,210000,630000
I-002248,O-00633,P-03,1,62000,62000
I-002249,O-00634,P-04,3,625000,1875000
I-002250,O-00634,P-09,2,47500,95000
I-002251,O-00634,P-08,1,36000,36000
I-002252,O-00634,P-01,3,45000,135000
I-002253,O-00635,P-05,3,520000,1560000
I-002254,O-00635,P-01,1,45000,45000
I-002255,O-00635,P-02,1,210000,210000
I-002256,O-00636,P-10,3,28000,84000
I-002257,O-00636,P-08,1,36000,36000
I-002258,O-00636,P-02,1,210000,210000
I-002259,O-00636,P-06,2,341000,682000
I-002260,O-00636,P-01,1,45000,45000
I-002261,O-00637,P-01,3,45000,135000
I-002262,O-00637,P-05,1,520000,520000
I-002263,O-00638,P-08,3,36000,108000
I-002264,O-00638,P-03,3,62000,186000
I-002265,O-00639,P-09,1,47500,47500
I-002266,O-00639,P-07,2,280000,560000
I-002267,O-00640,P-08,2,36000,72000
I-002268,O-00640,P-02,2,210000,420000
I-002269,O-00640,P-05,2,520000,1040000
I-002270,O-00640,P-07,2,280000,560000
I-002271,O-00640,P-10,2,28000,56000
I-002272,O-00641,P-09,2,47500,95000
I-002273,O-00641,P-10,2,28000,56000
I-002274,O-00641,P-06,1,341000,341000
I-002275,O-00642,P-09,3,47500,142500
I-002276,O-00642,P-07,1,280000,280000
I-002277,O-00642,P-01,1,45000,45000
I-002278,O-00643,P-09,3,47500,142500
I-002279,O-00643,P-01,3,45000,135000
I-002280,O-00643,P-02,2,210000,420000
I-002281,O-00644,P-07,3,280000,840000
I-002282,O-00644,P-01,2,45000,90000
I-002283,O-00644,P-03,3,62000,186000
I-002284,O-00644,P-08,1,36000,36000
I-002285,O-00644,P-09,3,47500,142500
I-002286,O-00645,P-04,3,625000,1875000
I-002287,O-00645,P-02,1,210000,210000
I-002288,O-00645,P-09,2,47500,95000
I-002289,O-00645,P-03,3,62000,186000
I-002290,O-00646,P-01,3,45000,135000
I-002291,O-00646,P-09,2,47500,95000
I-002292,O-00647,P-09,3,47500,142500
I-002293,O-00647,P-01,2,45000,90000
I-002294,O-00648,P-05,1,520000,520000
I-002295,O-00648,P-04,1,625000,625000
I-002296,O-00649,P-10,3,28000,84000
I-002297,O-00649,P-02,1,210000,210000
I-002298,O-00649,P-07,3,280000,840000
I-002299,O-00649,P-04,3,625000,1875000
I-002300,O-00649,P-09,1,47500,47500
I-002301,O-00650,P-06,3,341000,1023000
I-002302,O-00650,P-01,1,45000,45000
I-002303,O-00650,P-09,2,47500,95000
I-002304,O-00651,P-06,3,341000,1023000
I-002305,O-00651,P-03,2,62000,124000
I-002306,O-00651,P-07,2,280000,560000
I-002307,O-00651,P-10,3,28000,84000
I-002308,O-00651,P-08,2,36000,72000
I-002309,O-00652,P-09,2,47500,95000
I-002310,O-00652,P-03,2,62000,124000
I-002311,O-00652,P-04,3,625000,1875000
I-002312,O-00652,P-10,1,28000,28000
I-002313,O-00653,P-10,3,28000,84000
I-002314,O-00653,P-02,1,210000,210000
I-002315,O-00653,P-01,3,45000,135000
I-002316,O-00653,P-03,2,62000,124000
I-002317,O-00653,P-09,2,47500,95000
I-002318,O-00654,P-10,3,28000,84000
I-002319,O-00654,P-06,1,341000,341000
I-002320,O-00654,P-04,1,625000,625000
I-002321,O-00654,P-05,3,520000,1560000
I-002322,O-00655,P-01,2,45000,90000
I-002323,O-00655,P-05,3,520000,1560000
I-002324,O-00656,P-10,1,28000,28000
I-002325,O-00656,P-07,1,280000,280000
I-002326,O-00656,P-05,1,520000,520000
I-002327,O-00656,P-08,2,36000,72000
I-002328,O-00656,P-01,1,45000,45000
I-002329,O-00657,P-05,1,520000,520000
I-002330,O-00657,P-08,2,36000,72000
I-002331,O-00657,P-07,2,280000,560000
I-002332,O-00657,P-03,3,62000,186000
I-002333,O-00658,P-05,3,520000,1560000
I-002334,O-00658,P-04,3,625000,1875000
I-002335,O-00658,P-07,1,280000,280000
I-002336,O-00659,P-10,1,28000,28000
I-002337,O-00659,P-01,1,45000,45000
I-002338,O-00659,P-09,1,47500,47500
I-002339,O-00660,P-08,3,36000,108000
I-002340,O-00660,P-01,1,45000,45000
I-002341,O-00660,P-09,3,47500,142500
I-002342,O-00660,P-10,1,28000,28000
I-002343,O-00661,P-09,1,47500,47500
I-002344,O-00661,P-06,1,341000,341000
I-002345,O-00661,P-10,3,28000,84000
I-002346,O-00662,P-01,2,45000,90000
I-002347,O-00662,P-09,2,47500,95000
I-002348,O-00662,P-05,3,520000,1560000
I-002349,O-00662,P-03,2,62000,124000
I-002350,O-00662,P-04,2,625000,1250000
I-002351,O-00663,P-10,1,28000,28000
I-002352,O-00663,P-03,3,62000,186000
I-002353,O-00663,P-09,2,47500,95000
I-002354,O-00664,P-05,1,520000,520000
I-002355,O-00664,P-08,3,36000,108000
I-002356,O-00664,P-01,3,45000,135000
I-002357,O-00664,P-02,1,210000,210000
I-002358,O-00664,P-09,1,47500,47500
I-002359,O-00665,P-06,2,341000,682000
I-002360,O-00665,P-03,2,62000,124000
I-002361,O-00666,P-04,2,625000,1250000
I-002362,O-00666,P-02,3,210000,630000
I-002363,O-00666,P-05,1,520000,520000
I-002364,O-00666,P-09,1,47500,47500
I-002365,O-00667,P-05,3,520000,1560000
I-002366,O-00667,P-06,3,341000,1023000
I-002367,O-00667,P-03,1,62000,62000
I-002368,O-00668,P-02,3,210000,630000
I-002369,O-00668,P-05,2,520000,1040000
I-002370,O-00668,P-06,2,341000,682000
I-002371,O-00668,P-10,3,28000,84000
I-002372,O-00668,P-01,3,45000,135000
I-002373,O-00669,P-01,2,45000,90000
I-002374,O-00669,P-07,3,280000,840000
I-002375,O-00670,P-03,2,62000,124000
I-002376,O-00670,P-02,3,210000,630000
I-002377,O-00670,P-08,1,36000,36000
I-002378,O-00670,P-07,3,280000,840000
I-002379,O-00671,P-08,2,36000,72000
I-002380,O-00671,P-09,1,47500,47500
I-002381,O-00671,P-05,3,520000,1560000
I-002382,O-00672,P-01,1,45000,45000
I-002383,O-00672,P-07,3,280000,840000
I-002384,O-00672,P-05,3,520000,1560000
I-002385,O-00672,P-06,1,341000,341000
I-002386,O-00673,P-03,2,62000,124000
I-002387,O-00673,P-09,3,47500,142500
I-002388,O-00674,P-03,1,62000,62000
I-002389,O-00674,P-05,3,520000,1560000
I-002390,O-00674,P-09,2,47500,95000
I-002391,O-00675,P-01,2,45000,90000
I-002392,O-00675,P-10,1,28000,28000
I-002393,O-00675,P-03,1,62000,62000
I-002394,O-00675,P-06,1,341000,341000
I-002395,O-00676,P-03,1,62000,62000
I-002396,O-00676,P-09,3,47500,142500
I-002397,O-00676,P-06,3,341000,1023000
I-002398,O-00676,P-08,2,36000,72000
I-002399,O-00676,P-01,3,45000,135000
I-002400,O-00677,P-04,1,625000,625000
I-002401,O-00677,P-02,2,210000,420000
I-002402,O-00677,P-01,1,45000,45000
I-002403,O-00677,P-08,3,36000,108000
I-002404,O-00678,P-06,2,341000,682000
I-002405,O-00678,P-07,1,280000,280000
I-002406,O-00678,P-09,1,47500,47500
I-002407,O-00678,P-02,3,210000,630000
I-002408,O-00679,P-02,2,210000,420000
I-002409,O-00679,P-08,3,36000,108000
I-002410,O-00679,P-03,3,62000,186000
I-002411,O-00679,P-01,2,45000,90000
I-002412,O-00680,P-09,3,47500,142500
I-002413,O-00680,P-01,2,45000,90000
I-002414,O-00680,P-05,1,520000,520000
I-002415,O-00680,P-07,3,280000,840000
I-002416,O-00681,P-10,1,28000,28000
I-002417,O-00681,P-05,3,520000,1560000
I-002418,O-00681,P-08,3,36000,108000
I-002419,O-00681,P-04,2,625000,1250000
I-002420,O-00682,P-03,3,62000,186000
I-002421,O-00682,P-02,1,210000,210000
I-002422,O-00682,P-07,3,280000,840000
I-002423,O-00683,P-07,2,280000,560000
I-002424,O-00683,P-09,2,47500,95000
I-002425,O-00683,P-05,1,520000,520000
I-002426,O-00683,P-02,1,210000,210000
I-002427,O-00684,P-01,3,45000,135000
I-002428,O-00684,P-04,3,625000,1875000
I-002429,O-00684,P-09,1,47500,47500
I-002430,O-00684,P-06,1,341000,341000
I-002431,O-00684,P-02,3,210000,630000
I-002432,O-00685,P-09,1,47500,47500
I-002433,O-00685,P-06,1,341000,341000
I-002434,O-00686,P-05,1,520000,520000
I-002435,O-00686,P-08,3,36000,108000
I-002436,O-00686,P-02,1,210000,210000
I-002437,O-00686,P-07,1,280000,280000
I-002438,O-00686,P-10,1,28000,28000
I-002439,O-00687,P-09,2,47500,95000
I-002440,O-00687,P-02,1,210000,210000
I-002441,O-00687,P-06,1,341000,341000
I-002442,O-00688,P-01,3,45000,135000
I-002443,O-00688,P-04,3,625000,1875000
I-002444,O-00688,P-03,3,62000,186000
I-002445,O-00689,P-08,3,36000,108000
I-002446,O-00689,P-07,3,280000,840000
I-002447,O-00689,P-06,2,341000,682000
I-002448,O-00689,P-01,3,45000,135000
I-002449,O-00690,P-08,1,36000,36000
I-002450,O-00690,P-09,2,47500,95000
I-002451,O-00690,P-07,2,280000,560000
I-002452,O-00691,P-06,2,341000,682000
I-002453,O-00691,P-10,3,28000,84000
I-002454,O-00691,P-02,3,210000,630000
I-002455,O-00692,P-04,2,625000,1250000
I-002456,O-00692,P-05,1,520000,520000
I-002457,O-00692,P-10,2,28000,56000
I-002458,O-00692,P-08,2,36000,72000
I-002459,O-00692,P-06,2,341000,682000
I-002460,O-00693,P-10,2,28000,56000
I-002461,O-00693,P-07,2,280000,560000
I-002462,O-00693,P-09,2,47500,95000
I-002463,O-00694,P-06,1,341000,341000
I-002464,O-00694,P-03,2,62000,124000
I-002465,O-00695,P-06,3,341000,1023000
I-002466,O-00695,P-03,3,62000,186000
I-002467,O-00695,P-10,1,28000,28000
I-002468,O-00696,P-07,3,280000,840000
I-002469,O-00696,P-01,1,45000,45000
I-002470,O-00696,P-09,1,47500,47500
I-002471,O-00697,P-07,2,280000,560000
I-002472,O-00697,P-10,3,28000,84000
I-002473,O-00697,P-01,3,45000,135000
I-002474,O-00697,P-06,3,341000,1023000
I-002475,O-00698,P-07,3,280000,840000
I-002476,O-00698,P-01,1,45000,45000
I-002477,O-00698,P-10,3,28000,84000
I-002478,O-00698,P-05,3,520000,1560000
I-002479,O-00699,P-07,3,280000,840000
I-002480,O-00699,P-05,2,520000,1040000
I-002481,O-00699,P-03,3,62000,186000
I-002482,O-00700,P-08,2,36000,72000
I-002483,O-00700,P-10,3,28000,84000
I-002484,O-00700,P-09,3,47500,142500
I-002485,O-00700,P-03,2,62000,124000
I-002486,O-00700,P-04,3,625000,1875000
I-002487,O-00701,P-09,2,47500,95000
I-002488,O-00701,P-04,3,625000,1875000
I-002489,O-00701,P-06,2,341000,682000
I-002490,O-00702,P-08,1,36000,36000
I-002491,O-00702,P-03,1,62000,62000
I-002492,O-00702,P-02,2,210000,420000
I-002493,O-00702,P-05,1,520000,520000
I-002494,O-00703,P-01,2,45000,90000
I-002495,O-00703,P-04,2,625000,1250000
I-002496,O-00703,P-06,3,341000,1023000
I-002497,O-00704,P-07,3,280000,840000
I-002498,O-00704,P-04,2,625000,1250000
I-002499,O-00704,P-05,1,520000,520000
I-002500,O-00705,P-07,3,280000,840000
I-002501,O-00705,P-09,2,47500,95000
I-002502,O-00705,P-10,2,28000,56000
I-002503,O-00705,P-02,3,210000,630000
I-002504,O-00706,P-01,3,45000,135000
I-002505,O-00706,P-10,2,28000,56000
I-002506,O-00706,P-09,2,47500,95000
I-002507,O-00706,P-06,2,341000,682000
I-002508,O-00706,P-05,2,520000,1040000
I-002509,O-00707,P-03,3,62000,186000
I-002510,O-00707,P-08,2,36000,72000
I-002511,O-00707,P-01,1,45000,45000
I-002512,O-00707,P-06,1,341000,341000
I-002513,O-00707,P-07,2,280000,560000
I-002514,O-00708,P-03,3,62000,186000
I-002515,O-00708,P-02,3,210000,630000
I-002516,O-00708,P-07,1,280000,280000
I-002517,O-00709,P-03,2,62000,124000
I-002518,O-00709,P-09,1,47500,47500
I-002519,O-00710,P-03,1,62000,62000
I-002520,O-00710,P-02,3,210000,630000
I-002521,O-00711,P-03,3,62000,186000
I-002522,O-00711,P-05,3,520000,1560000
I-002523,O-00711,P-04,3,625000,1875000
I-002524,O-00712,P-07,1,280000,280000
I-002525,O-00712,P-03,1,62000,62000
I-002526,O-00713,P-05,2,520000,1040000
I-002527,O-00713,P-08,1,36000,36000
I-002528,O-00714,P-02,3,210000,630000
I-002529,O-00714,P-07,1,280000,280000
I-002530,O-00714,P-01,3,45000,135000
I-002531,O-00714,P-09,3,47500,142500
I-002532,O-00714,P-03,1,62000,62000
I-002533,O-00715,P-05,3,520000,1560000
I-002534,O-00715,P-09,3,47500,142500
I-002535,O-00716,P-06,1,341000,341000
I-002536,O-00716,P-08,3,36000,108000
I-002537,O-00716,P-10,3,28000,84000
I-002538,O-00716,P-07,2,280000,560000
I-002539,O-00717,P-10,3,28000,84000
I-002540,O-00717,P-08,1,36000,36000
I-002541,O-00717,P-09,2,47500,95000
I-002542,O-00718,P-10,2,28000,56000
I-002543,O-00718,P-02,3,210000,630000
I-002544,O-00718,P-04,2,625000,1250000
I-002545,O-00718,P-05,2,520000,1040000
I-002546,O-00719,P-07,2,280000,560000
I-002547,O-00719,P-03,1,62000,62000
I-002548,O-00719,P-01,3,45000,135000
I-002549,O-00719,P-09,1,47500,47500
I-002550,O-00720,P-04,3,625000,1875000
I-002551,O-00720,P-05,1,520000,520000
I-002552,O-00720,P-08,2,36000,72000
I-002553,O-00720,P-10,1,28000,28000
I-002554,O-00720,P-07,2,280000,560000
I-002555,O-00721,P-06,3,341000,1023000
I-002556,O-00721,P-02,1,210000,210000
I-002557,O-00721,P-09,3,47500,142500
I-002558,O-00721,P-05,2,520000,1040000
I-002559,O-00721,P-08,2,36000,72000
I-002560,O-00722,P-03,1,62000,62000
I-002561,O-00722,P-02,2,210000,420000
I-002562,O-00723,P-05,1,520000,520000
I-002563,O-00723,P-07,3,280000,840000
I-002564,O-00723,P-10,1,28000,28000
I-002565,O-00724,P-04,1,625000,625000
I-002566,O-00724,P-09,2,47500,95000
I-002567,O-00724,P-03,2,62000,124000
I-002568,O-00724,P-01,1,45000,45000
I-002569,O-00724,P-02,2,210000,420000
I-002570,O-00725,P-09,3,47500,142500
I-002571,O-00725,P-05,3,520000,1560000
I-002572,O-00725,P-04,1,625000,625000
I-002573,O-00725,P-08,3,36000,108000
I-002574,O-00726,P-09,3,47500,142500
I-002575,O-00726,P-05,3,520000,1560000
I-002576,O-00727,P-05,2,520000,1040000
I-002577,O-00727,P-03,2,62000,124000
I-002578,O-00727,P-04,3,625000,1875000
I-002579,O-00727,P-07,3,280000,840000
I-002580,O-00727,P-02,2,210000,420000
I-002581,O-00728,P-07,1,280000,280000
I-002582,O-00728,P-09,3,47500,142500
I-002583,O-00728,P-10,3,28000,84000
I-002584,O-00728,P-05,2,520000,1040000
I-002585,O-00729,P-03,2,62000,124000
I-002586,O-00729,P-05,2,520000,1040000
I-002587,O-00729,P-10,3,28000,84000
I-002588,O-00729,P-09,1,47500,47500
I-002589,O-00729,P-04,1,625000,625000
I-002590,O-00730,P-03,1,62000,62000
I-002591,O-00730,P-10,2,28000,56000
I-002592,O-00731,P-06,2,341000,682000
I-002593,O-00731,P-05,3,520000,1560000
I-002594,O-00731,P-03,3,62000,186000
I-002595,O-00731,P-02,2,210000,420000
I-002596,O-00731,P-04,2,625000,1250000
I-002597,O-00732,P-02,2,210000,420000
I-002598,O-00732,P-09,1,47500,47500
I-002599,O-00733,P-01,1,45000,45000
I-002600,O-00733,P-04,3,625000,1875000
I-002601,O-00733,P-07,3,280000,840000
I-002602,O-00733,P-05,2,520000,1040000
I-002603,O-00733,P-02,1,210000,210000
I-002604,O-00734,P-04,1,625000,625000
I-002605,O-00734,P-02,1,210000,210000
I-002606,O-00734,P-08,3,36000,108000
I-002607,O-00735,P-03,3,62000,186000
I-002608,O-00735,P-10,3,28000,84000
I-002609,O-00735,P-07,3,280000,840000
I-002610,O-00736,P-05,1,520000,520000
I-002611,O-00736,P-03,1,62000,62000
I-002612,O-00736,P-01,2,45000,90000
I-002613,O-00737,P-02,3,210000,630000
I-002614,O-00737,P-09,1,47500,47500
I-002615,O-00737,P-07,2,280000,560000
I-002616,O-00737,P-08,1,36000,36000
I-002617,O-00738,P-07,1,280000,280000
I-002618,O-00738,P-09,1,47500,47500
I-002619,O-00739,P-10,2,28000,56000
I-002620,O-00739,P-05,3,520000,1560000
I-002621,O-00739,P-08,1,36000,36000
I-002622,O-00739,P-02,2,210000,420000
I-002623,O-00740,P-08,3,36000,108000
I-002624,O-00740,P-05,2,520000,1040000
I-002625,O-00740,P-01,2,45000,90000
I-002626,O-00740,P-06,1,341000,341000
I-002627,O-00740,P-09,3,47500,142500
I-002628,O-00741,P-03,1,62000,62000
I-002629,O-00741,P-01,2,45000,90000
I-002630,O-00742,P-09,1,47500,47500
I-002631,O-00742,P-02,3,210000,630000
I-002632,O-00742,P-06,2,341000,682000
I-002633,O-00742,P-05,3,520000,1560000
I-002634,O-00742,P-08,1,36000,36000
I-002635,O-00743,P-02,2,210000,420000
I-002636,O-00743,P-06,1,341000,341000
I-002637,O-00744,P-06,3,341000,1023000
I-002638,O-00744,P-03,1,62000,62000
I-002639,O-00744,P-07,2,280000,560000
I-002640,O-00745,P-06,3,341000,1023000
I-002641,O-00745,P-03,1,62000,62000
I-002642,O-00746,P-10,2,28000,56000
I-002643,O-00746,P-01,1,45000,45000
I-002644,O-00747,P-06,1,341000,341000
I-002645,O-00747,P-05,3,520000,1560000
I-002646,O-00748,P-03,3,62000,186000
I-002647,O-00748,P-08,1,36000,36000
I-002648,O-00749,P-05,2,520000,1040000
I-002649,O-00749,P-08,2,36000,72000
I-002650,O-00749,P-06,1,341000,341000
I-002651,O-00749,P-07,3,280000,840000
I-002652,O-00750,P-03,1,62000,62000
I-002653,O-00750,P-04,3,625000,1875000
I-002654,O-00750,P-06,3,341000,1023000
I-002655,O-00750,P-05,2,520000,1040000
I-002656,O-00750,P-09,1,47500,47500
I-002657,O-00751,P-10,1,28000,28000
I-002658,O-00751,P-09,2,47500,95000
I-002659,O-00751,P-03,2,62000,124000
I-002660,O-00751,P-04,2,625000,1250000
I-002661,O-00752,P-09,3,47500,142500
I-002662,O-00752,P-10,3,28000,84000
I-002663,O-00753,P-04,1,625000,625000
I-002664,O-00753,P-02,1,210000,210000
I-002665,O-00753,P-08,3,36000,108000
I-002666,O-00754,P-06,3,341000,1023000
I-002667,O-00754,P-04,1,625000,625000
I-002668,O-00754,P-07,3,280000,840000
I-002669,O-00754,P-10,1,28000,28000
I-002670,O-00754,P-05,1,520000,520000
I-002671,O-00755,P-05,3,520000,1560000
I-002672,O-00755,P-10,3,28000,84000
I-002673,O-00755,P-04,2,625000,1250000
I-002674,O-00756,P-03,3,62000,186000
I-002675,O-00756,P-04,1,625000,625000
I-002676,O-00757,P-02,1,210000,210000
I-002677,O-00757,P-03,3,62000,186000
I-002678,O-00758,P-01,1,45000,45000
I-002679,O-00758,P-03,2,62000,124000
I-002680,O-00758,P-04,2,625000,1250000
I-002681,O-00759,P-02,1,210000,210000
I-002682,O-00759,P-03,3,62000,186000
I-002683,O-00759,P-10,3,28000,84000
I-002684,O-00759,P-07,1,280000,280000
I-002685,O-00760,P-03,3,62000,186000
I-002686,O-00760,P-04,3,625000,1875000
I-002687,O-00761,P-03,2,62000,124000
I-002688,O-00761,P-07,2,280000,560000
I-002689,O-00762,P-02,3,210000,630000
I-002690,O-00762,P-05,1,520000,520000
I-002691,O-00762,P-07,2,280000,560000
I-002692,O-00762,P-01,1,45000,45000
I-002693,O-00762,P-06,3,341000,1023000
I-002694,O-00763,P-09,1,47500,47500
I-002695,O-00763,P-01,3,45000,135000
I-002696,O-00763,P-05,3,520000,1560000
I-002697,O-00764,P-02,1,210000,210000
I-002698,O-00764,P-03,1,62000,62000
I-002699,O-00764,P-08,3,36000,108000
I-002700,O-00764,P-06,3,341000,1023000
I-002701,O-00764,P-01,2,45000,90000
I-002702,O-00765,P-03,2,62000,124000
I-002703,O-00765,P-07,3,280000,840000
I-002704,O-00765,P-05,3,520000,1560000
I-002705,O-00765,P-09,2,47500,95000
I-002706,O-00766,P-08,2,36000,72000
I-002707,O-00766,P-09,2,47500,95000
I-002708,O-00766,P-06,3,341000,1023000
I-002709,O-00766,P-05,3,520000,1560000
I-002710,O-00766,P-02,1,210000,210000
I-002711,O-00767,P-04,3,625000,1875000
I-002712,O-00767,P-02,3,210000,630000
I-002713,O-00767,P-06,1,341000,341000
I-002714,O-00768,P-06,1,341000,341000
I-002715,O-00768,P-01,3,45000,135000
I-002716,O-00768,P-04,3,625000,1875000
I-002717,O-00768,P-03,1,62000,62000
I-002718,O-00768,P-08,1,36000,36000
I-002719,O-00769,P-02,1,210000,210000
I-002720,O-00769,P-04,2,625000,1250000
I-002721,O-00769,P-07,2,280000,560000
I-002722,O-00769,P-06,1,341000,341000
I-002723,O-00770,P-08,3,36000,108000
I-002724,O-00770,P-03,1,62000,62000
I-002725,O-00771,P-02,2,210000,420000
I-002726,O-00771,P-08,3,36000,108000
I-002727,O-00771,P-01,2,45000,90000
I-002728,O-00771,P-05,1,520000,520000
I-002729,O-00771,P-03,3,62000,186000
I-002730,O-00772,P-08,3,36000,108000
I-002731,O-00772,P-09,3,47500,142500
I-002732,O-00772,P-04,1,625000,625000
I-002733,O-00772,P-05,1,520000,520000
I-002734,O-00773,P-05,1,520000,520000
I-002735,O-00773,P-09,2,47500,95000
I-002736,O-00773,P-01,2,45000,90000
I-002737,O-00774,P-02,3,210000,630000
I-002738,O-00774,P-03,2,62000,124000
I-002739,O-00774,P-05,2,520000,1040000
I-002740,O-00775,P-04,3,625000,1875000
I-002741,O-00775,P-03,1,62000,62000
I-002742,O-00775,P-01,3,45000,135000
I-002743,O-00775,P-05,2,520000,1040000
I-002744,O-00776,P-06,2,341000,682000
I-002745,O-00776,P-10,1,28000,28000
I-002746,O-00776,P-03,3,62000,186000
I-002747,O-00776,P-07,1,280000,280000
I-002748,O-00777,P-10,1,28000,28000
I-002749,O-00777,P-02,3,210000,630000
I-002750,O-00778,P-05,2,520000,1040000
I-002751,O-00778,P-07,1,280000,280000
I-002752,O-00779,P-05,3,520000,1560000
I-002753,O-00779,P-01,2,45000,90000
I-002754,O-00779,P-04,1,625000,625000
I-002755,O-00779,P-02,2,210000,420000
I-002756,O-00780,P-05,2,520000,1040000
I-002757,O-00780,P-08,1,36000,36000
I-002758,O-00780,P-09,3,47500,142500
I-002759,O-00781,P-06,3,341000,1023000
I-002760,O-00781,P-02,3,210000,630000
I-002761,O-00781,P-01,1,45000,45000
I-002762,O-00781,P-05,1,520000,520000
I-002763,O-00781,P-04,1,625000,625000
I-002764,O-00782,P-07,2,280000,560000
I-002765,O-00782,P-09,3,47500,142500
I-002766,O-00782,P-10,3,28000,84000
I-002767,O-00783,P-04,2,625000,1250000
I-002768,O-00783,P-05,3,520000,1560000
I-002769,O-00783,P-09,2,47500,95000
I-002770,O-00783,P-08,3,36000,108000
I-002771,O-00783,P-06,3,341000,1023000
I-002772,O-00784,P-05,2,520000,1040000
I-002773,O-00784,P-04,3,625000,1875000
I-002774,O-00784,P-03,3,62000,186000
I-002775,O-00784,P-06,3,341000,1023000
I-002776,O-00784,P-01,2,45000,90000
I-002777,O-00785,P-04,2,625000,1250000
I-002778,O-00785,P-06,2,341000,682000
I-002779,O-00785,P-05,2,520000,1040000
I-002780,O-00785,P-09,3,47500,142500
I-002781,O-00786,P-01,1,45000,45000
I-002782,O-00786,P-06,3,341000,1023000
I-002783,O-00786,P-03,3,62000,186000
I-002784,O-00786,P-02,1,210000,210000
I-002785,O-00786,P-07,2,280000,560000
I-002786,O-00787,P-10,2,28000,56000
I-002787,O-00787,P-07,2,280000,560000
I-002788,O-00787,P-03,2,62000,124000
I-002789,O-00787,P-04,2,625000,1250000
I-002790,O-00788,P-01,2,45000,90000
I-002791,O-00788,P-02,3,210000,630000
I-002792,O-00788,P-07,2,280000,560000
I-002793,O-00788,P-06,2,341000,682000
I-002794,O-00789,P-02,2,210000,420000
I-002795,O-00789,P-08,2,36000,72000
I-002796,O-00790,P-01,2,45000,90000
I-002797,O-00790,P-04,3,625000,1875000
I-002798,O-00790,P-07,3,280000,840000
I-002799,O-00790,P-05,3,520000,1560000
I-002800,O-00790,P-10,1,28000,28000
I-002801,O-00791,P-08,2,36000,72000
I-002802,O-00791,P-04,3,625000,1875000
I-002803,O-00791,P-05,1,520000,520000
I-002804,O-00791,P-07,1,280000,280000
I-002805,O-00791,P-03,1,62000,62000
I-002806,O-00792,P-01,3,45000,135000
I-002807,O-00792,P-03,1,62000,62000
I-002808,O-00792,P-10,3,28000,84000
I-002809,O-00792,P-06,1,341000,341000
I-002810,O-00792,P-04,3,625000,1875000
I-002811,O-00793,P-05,1,520000,520000
I-002812,O-00793,P-10,1,28000,28000
I-002813,O-00793,P-06,1,341000,341000
I-002814,O-00793,P-01,1,45000,45000
I-002815,O-00794,P-01,3,45000,135000
I-002816,O-00794,P-06,1,341000,341000
I-002817,O-00794,P-03,1,62000,62000
I-002818,O-00794,P-02,1,210000,210000
I-002819,O-00795,P-07,3,280000,840000
I-002820,O-00795,P-05,1,520000,520000
I-002821,O-00796,P-06,3,341000,1023000
I-002822,O-00796,P-08,3,36000,108000
I-002823,O-00796,P-09,2,47500,95000
I-002824,O-00796,P-03,3,62000,186000
I-002825,O-00796,P-05,1,520000,520000
I-002826,O-00797,P-09,2,47500,95000
I-002827,O-00797,P-10,3,28000,84000
I-002828,O-00797,P-06,1,341000,341000
I-002829,O-00797,P-04,2,625000,1250000
I-002830,O-00798,P-08,1,36000,36000
I-002831,O-00798,P-04,1,625000,625000
I-002832,O-00798,P-06,3,341000,1023000
I-002833,O-00799,P-01,2,45000,90000
I-002834,O-00799,P-05,3,520000,1560000
I-002835,O-00799,P-10,1,28000,28000
I-002836,O-00799,P-02,1,210000,210000
I-002837,O-00799,P-08,2,36000,72000
I-002838,O-00800,P-02,3,210000,630000
I-002839,O-00800,P-10,3,28000,84000
I-002840,O-00801,P-04,2,625000,1250000
I-002841,O-00801,P-01,2,45000,90000
I-002842,O-00801,P-05,3,520000,1560000
I-002843,O-00801,P-07,3,280000,840000
I-002844,O-00801,P-08,3,36000,108000
I-002845,O-00802,P-04,1,625000,625000
I-002846,O-00802,P-02,3,210000,630000
I-002847,O-00802,P-09,3,47500,142500
I-002848,O-00802,P-03,3,62000,186000
I-002849,O-00802,P-10,1,28000,28000
I-002850,O-00803,P-10,2,28000,56000
I-002851,O-00803,P-04,1,625000,625000
I-002852,O-00803,P-07,1,280000,280000
I-002853,O-00804,P-06,3,341000,1023000
I-002854,O-00804,P-02,1,210000,210000
I-002855,O-00804,P-04,2,625000,1250000
I-002856,O-00804,P-05,2,520000,1040000
I-002857,O-00804,P-09,1,47500,47500
I-002858,O-00805,P-05,3,520000,1560000
I-002859,O-00805,P-09,3,47500,142500
I-002860,O-00805,P-06,2,341000,682000
I-002861,O-00805,P-08,2,36000,72000
I-002862,O-00805,P-07,2,280000,560000
I-002863,O-00806,P-04,3,625000,1875000
I-002864,O-00806,P-07,3,280000,840000
I-002865,O-00806,P-06,3,341000,1023000
I-002866,O-00807,P-05,3,520000,1560000
I-002867,O-00807,P-04,1,625000,625000
I-002868,O-00807,P-02,2,210000,420000
I-002869,O-00807,P-09,3,47500,142500
I-002870,O-00807,P-08,3,36000,108000
I-002871,O-00808,P-04,1,625000,625000
I-002872,O-00808,P-06,1,341000,341000
I-002873,O-00809,P-07,1,280000,280000
I-002874,O-00809,P-08,2,36000,72000
I-002875,O-00809,P-01,3,45000,135000
I-002876,O-00809,P-04,1,625000,625000
I-002877,O-00810,P-07,3,280000,840000
I-002878,O-00810,P-05,2,520000,1040000
I-002879,O-00810,P-04,1,625000,625000
I-002880,O-00810,P-09,3,47500,142500
I-002881,O-00811,P-09,2,47500,95000
I-002882,O-00811,P-02,1,210000,210000
I-002883,O-00811,P-10,2,28000,56000
I-002884,O-00812,P-04,2,625000,1250000
I-002885,O-00812,P-07,2,280000,560000
I-002886,O-00812,P-06,2,341000,682000
I-002887,O-00812,P-08,3,36000,108000
I-002888,O-00812,P-10,2,28000,56000
I-002889,O-00813,P-02,3,210000,630000
I-002890,O-00813,P-10,1,28000,28000
I-002891,O-00813,P-09,2,47500,95000
I-002892,O-00813,P-06,2,341000,682000
I-002893,O-00813,P-07,3,280000,840000
I-002894,O-00814,P-07,2,280000,560000
I-002895,O-00814,P-01,3,45000,135000
I-002896,O-00815,P-04,3,625000,1875000
I-002897,O-00815,P-05,1,520000,520000
I-002898,O-00815,P-03,2,62000,124000
I-002899,O-00815,P-01,3,45000,135000
I-002900,O-00816,P-08,2,36000,72000
I-002901,O-00816,P-04,3,625000,1875000
I-002902,O-00817,P-02,3,210000,630000
I-002903,O-00817,P-09,3,47500,142500
I-002904,O-00817,P-10,2,28000,56000
I-002905,O-00818,P-09,2,47500,95000
I-002906,O-00818,P-10,1,28000,28000
I-002907,O-00819,P-05,3,520000,1560000
I-002908,O-00819,P-06,1,341000,341000
I-002909,O-00819,P-03,2,62000,124000
I-002910,O-00819,P-09,3,47500,142500
I-002911,O-00819,P-01,1,45000,45000
I-002912,O-00820,P-04,1,625000,625000
I-002913,O-00820,P-09,2,47500,95000
I-002914,O-00820,P-01,3,45000,135000
I-002915,O-00821,P-04,3,625000,1875000
I-002916,O-00821,P-07,1,280000,280000
I-002917,O-00822,P-09,1,47500,47500
I-002918,O-00822,P-03,1,62000,62000
I-002919,O-00823,P-03,1,62000,62000
I-002920,O-00823,P-06,3,341000,1023000
I-002921,O-00823,P-04,3,625000,1875000
I-002922,O-00823,P-08,2,36000,72000
I-002923,O-00823,P-10,1,28000,28000
I-002924,O-00824,P-07,2,280000,560000
I-002925,O-00824,P-04,3,625000,1875000
I-002926,O-00825,P-10,2,28000,56000
I-002927,O-00825,P-07,3,280000,840000
I-002928,O-00826,P-07,2,280000,560000
I-002929,O-00826,P-02,3,210000,630000
I-002930,O-00826,P-06,2,341000,682000
I-002931,O-00826,P-10,3,28000,84000
I-002932,O-00827,P-08,1,36000,36000
I-002933,O-00827,P-04,3,625000,1875000
I-002934,O-00827,P-09,3,47500,142500
I-002935,O-00827,P-10,2,28000,56000
I-002936,O-00828,P-02,3,210000,630000
I-002937,O-00828,P-05,1,520000,520000
I-002938,O-00828,P-04,3,625000,1875000
I-002939,O-00828,P-01,3,45000,135000
I-002940,O-00829,P-01,1,45000,45000
I-002941,O-00829,P-08,2,36000,72000
I-002942,O-00829,P-06,3,341000,1023000
I-002943,O-00830,P-09,1,47500,47500
I-002944,O-00830,P-07,1,280000,280000
I-002945,O-00830,P-02,1,210000,210000
I-002946,O-00830,P-01,3,45000,135000
I-002947,O-00831,P-04,2,625000,1250000
I-002948,O-00831,P-07,2,280000,560000
I-002949,O-00831,P-02,1,210000,210000
I-002950,O-00831,P-03,3,62000,186000
I-002951,O-00831,P-10,1,28000,28000
I-002952,O-00832,P-07,3,280000,840000
I-002953,O-00832,P-03,2,62000,124000
I-002954,O-00832,P-10,1,28000,28000
I-002955,O-00832,P-06,1,341000,341000
I-002956,O-00832,P-09,2,47500,95000
I-002957,O-00833,P-10,1,28000,28000
I-002958,O-00833,P-08,1,36000,36000
I-002959,O-00834,P-01,1,45000,45000
I-002960,O-00834,P-04,2,625000,1250000
I-002961,O-00834,P-05,3,520000,1560000
I-002962,O-00834,P-10,1,28000,28000
I-002963,O-00835,P-03,1,62000,62000
I-002964,O-00835,P-01,2,45000,90000
I-002965,O-00835,P-10,3,28000,84000
I-002966,O-00835,P-06,1,341000,341000
I-002967,O-00835,P-09,3,47500,142500
I-002968,O-00836,P-04,1,625000,625000
I-002969,O-00836,P-09,1,47500,47500
I-002970,O-00836,P-10,2,28000,56000
I-002971,O-00837,P-10,1,28000,28000
I-002972,O-00837,P-03,3,62000,186000
I-002973,O-00837,P-06,1,341000,341000
I-002974,O-00837,P-09,2,47500,95000
I-002975,O-00838,P-02,2,210000,420000
I-002976,O-00838,P-07,2,280000,560000
I-002977,O-00838,P-03,1,62000,62000
I-002978,O-00839,P-09,2,47500,95000
I-002979,O-00839,P-02,1,210000,210000
I-002980,O-00840,P-09,2,47500,95000
I-002981,O-00840,P-03,2,62000,124000
I-002982,O-00840,P-10,2,28000,56000
I-002983,O-00840,P-01,3,45000,135000
I-002984,O-00840,P-02,3,210000,630000
I-002985,O-00841,P-03,3,62000,186000
I-002986,O-00841,P-01,1,45000,45000
I-002987,O-00841,P-04,1,625000,625000
I-002988,O-00841,P-09,2,47500,95000
I-002989,O-00841,P-02,1,210000,210000
I-002990,O-00842,P-10,3,28000,84000
I-002991,O-00842,P-01,1,45000,45000
I-002992,O-00843,P-04,3,625000,1875000
I-002993,O-00843,P-02,2,210000,420000
I-002994,O-00843,P-10,3,28000,84000
I-002995,O-00843,P-03,3,62000,186000
I-002996,O-00844,P-03,2,62000,124000
I-002997,O-00844,P-10,3,28000,84000
I-002998,O-00844,P-05,2,520000,1040000
I-002999,O-00844,P-02,1,210000,210000
I-003000,O-00844,P-06,2,341000,682000
I-003001,O-00845,P-10,2,28000,56000
I-003002,O-00845,P-04,2,625000,1250000
I-003003,O-00846,P-10,2,28000,56000
I-003004,O-00846,P-09,1,47500,47500
I-003005,O-00847,P-03,2,62000,124000
I-003006,O-00847,P-07,1,280000,280000
I-003007,O-00848,P-02,3,210000,630000
I-003008,O-00848,P-07,3,280000,840000
I-003009,O-00848,P-06,1,341000,341000
I-003010,O-00848,P-08,3,36000,108000
I-003011,O-00849,P-01,2,45000,90000
I-003012,O-00849,P-06,2,341000,682000
I-003013,O-00849,P-02,3,210000,630000
I-003014,O-00849,P-07,1,280000,280000
I-003015,O-00850,P-08,1,36000,36000
I-003016,O-00850,P-06,3,341000,1023000
I-003017,O-00850,P-02,1,210000,210000
I-003018,O-00850,P-01,2,45000,90000
I-003019,O-00850,P-05,1,520000,520000
I-003020,O-00851,P-05,2,520000,1040000
I-003021,O-00851,P-08,1,36000,36000
I-003022,O-00852,P-03,3,62000,186000
I-003023,O-00852,P-09,3,47500,142500
I-003024,O-00852,P-10,3,28000,84000
I-003025,O-00852,P-05,1,520000,520000
I-003026,O-00852,P-04,2,625000,1250000
I-003027,O-00853,P-03,1,62000,62000
I-003028,O-00853,P-01,3,45000,135000
I-003029,O-00853,P-10,1,28000,28000
I-003030,O-00854,P-05,3,520000,1560000
I-003031,O-00854,P-01,1,45000,45000
I-003032,O-00854,P-02,2,210000,420000
I-003033,O-00855,P-07,2,280000,560000
I-003034,O-00855,P-03,3,62000,186000
I-003035,O-00856,P-09,1,47500,47500
I-003036,O-00856,P-03,3,62000,186000
I-003037,O-00856,P-10,1,28000,28000
I-003038,O-00857,P-07,3,280000,840000
I-003039,O-00857,P-04,1,625000,625000
I-003040,O-00857,P-02,1,210000,210000
I-003041,O-00858,P-09,3,47500,142500
I-003042,O-00858,P-04,1,625000,625000
I-003043,O-00858,P-06,3,341000,1023000
I-003044,O-00858,P-02,1,210000,210000
I-003045,O-00858,P-10,3,28000,84000
I-003046,O-00859,P-03,1,62000,62000
I-003047,O-00859,P-08,2,36000,72000
I-003048,O-00860,P-04,3,625000,1875000
I-003049,O-00860,P-03,3,62000,186000
I-003050,O-00860,P-08,2,36000,72000
I-003051,O-00860,P-09,3,47500,142500
I-003052,O-00860,P-10,1,28000,28000
I-003053,O-00861,P-04,1,625000,625000
I-003054,O-00861,P-05,1,520000,520000
I-003055,O-00862,P-04,2,625000,1250000
I-003056,O-00862,P-03,1,62000,62000
I-003057,O-00862,P-01,2,45000,90000
I-003058,O-00863,P-07,2,280000,560000
I-003059,O-00863,P-03,3,62000,186000
I-003060,O-00863,P-05,2,520000,1040000
I-003061,O-00863,P-06,3,341000,1023000
I-003062,O-00863,P-01,3,45000,135000
I-003063,O-00864,P-05,3,520000,1560000
I-003064,O-00864,P-04,3,625000,1875000
I-003065,O-00864,P-09,1,47500,47500
I-003066,O-00865,P-02,1,210000,210000
I-003067,O-00865,P-07,3,280000,840000
I-003068,O-00866,P-04,1,625000,625000
I-003069,O-00866,P-10,3,28000,84000
I-003070,O-00866,P-07,2,280000,560000
I-003071,O-00866,P-08,3,36000,108000
I-003072,O-00866,P-09,1,47500,47500
I-003073,O-00867,P-10,2,28000,56000
I-003074,O-00867,P-01,3,45000,135000
I-003075,O-00867,P-03,1,62000,62000
I-003076,O-00868,P-06,1,341000,341000
I-003077,O-00868,P-09,2,47500,95000
I-003078,O-00868,P-10,2,28000,56000
I-003079,O-00868,P-08,2,36000,72000
I-003080,O-00868,P-02,2,210000,420000
I-003081,O-00869,P-08,1,36000,36000
I-003082,O-00869,P-07,1,280000,280000
I-003083,O-00870,P-09,2,47500,95000
I-003084,O-00870,P-10,2,28000,56000
I-003085,O-00870,P-06,3,341000,1023000
I-003086,O-00871,P-10,2,28000,56000
I-003087,O-00871,P-01,2,45000,90000
I-003088,O-00871,P-06,1,341000,341000
I-003089,O-00872,P-03,2,62000,124000
I-003090,O-00872,P-06,2,341000,682000
I-003091,O-00872,P-05,1,520000,520000
I-003092,O-00872,P-02,1,210000,210000
I-003093,O-00872,P-10,2,28000,56000
I-003094,O-00873,P-07,2,280000,560000
I-003095,O-00873,P-09,3,47500,142500
I-003096,O-00873,P-05,1,520000,520000
I-003097,O-00873,P-08,1,36000,36000
I-003098,O-00873,P-02,3,210000,630000
I-003099,O-00874,P-03,3,62000,186000
I-003100,O-00874,P-08,3,36000,108000
I-003101,O-00874,P-06,2,341000,682000
I-003102,O-00875,P-06,3,341000,1023000
I-003103,O-00875,P-04,2,625000,1250000
I-003104,O-00876,P-04,1,625000,625000
I-003105,O-00876,P-09,2,47500,95000
I-003106,O-00877,P-10,2,28000,56000
I-003107,O-00877,P-05,3,520000,1560000
I-003108,O-00877,P-08,1,36000,36000
I-003109,O-00877,P-07,1,280000,280000
I-003110,O-00878,P-09,1,47500,47500
I-003111,O-00878,P-05,3,520000,1560000
I-003112,O-00879,P-10,3,28000,84000
I-003113,O-00879,P-05,2,520000,1040000
I-003114,O-00879,P-08,1,36000,36000
I-003115,O-00880,P-01,2,45000,90000
I-003116,O-00880,P-08,3,36000,108000
I-003117,O-00880,P-07,2,280000,560000
I-003118,O-00881,P-02,2,210000,420000
I-003119,O-00881,P-10,1,28000,28000
I-003120,O-00881,P-05,2,520000,1040000
I-003121,O-00881,P-04,1,625000,625000
I-003122,O-00882,P-04,1,625000,625000
I-003123,O-00882,P-08,3,36000,108000
I-003124,O-00882,P-07,2,280000,560000
I-003125,O-00882,P-01,1,45000,45000
I-003126,O-00883,P-10,3,28000,84000
I-003127,O-00883,P-04,3,625000,1875000
I-003128,O-00883,P-06,2,341000,682000
I-003129,O-00884,P-03,1,62000,62000
I-003130,O-00884,P-07,1,280000,280000
I-003131,O-00884,P-08,1,36000,36000
I-003132,O-00884,P-10,3,28000,84000
I-003133,O-00884,P-09,3,47500,142500
I-003134,O-00885,P-01,2,45000,90000
I-003135,O-00885,P-10,3,28000,84000
I-003136,O-00885,P-04,2,625000,1250000
I-003137,O-00886,P-10,3,28000,84000
I-003138,O-00886,P-08,3,36000,108000
I-003139,O-00887,P-01,1,45000,45000
I-003140,O-00887,P-08,1,36000,36000
I-003141,O-00887,P-06,3,341000,1023000
I-003142,O-00888,P-04,1,625000,625000
I-003143,O-00888,P-08,2,36000,72000
I-003144,O-00888,P-02,2,210000,420000
I-003145,O-00889,P-06,1,341000,341000
I-003146,O-00889,P-01,2,45000,90000
I-003147,O-00890,P-09,3,47500,142500
I-003148,O-00890,P-05,1,520000,520000
I-003149,O-00890,P-07,1,280000,280000
I-003150,O-00891,P-09,2,47500,95000
I-003151,O-00891,P-06,2,341000,682000
I-003152,O-00891,P-10,1,28000,28000
I-003153,O-00891,P-01,3,45000,135000
I-003154,O-00891,P-04,3,625000,1875000
I-003155,O-00892,P-03,1,62000,62000
I-003156,O-00892,P-02,3,210000,630000
I-003157,O-00892,P-05,2,520000,1040000
I-003158,O-00892,P-10,2,28000,56000
I-003159,O-00892,P-09,2,47500,95000
I-003160,O-00893,P-10,1,28000,28000
I-003161,O-00893,P-05,3,520000,1560000
I-003162,O-00893,P-09,1,47500,47500
I-003163,O-00894,P-09,1,47500,47500
I-003164,O-00894,P-10,1,28000,28000
I-003165,O-00894,P-04,2,625000,1250000
I-003166,O-00894,P-03,1,62000,62000
I-003167,O-00895,P-02,1,210000,210000
I-003168,O-00895,P-06,3,341000,1023000
I-003169,O-00895,P-08,3,36000,108000
I-003170,O-00895,P-09,2,47500,95000
I-003171,O-00895,P-05,3,520000,1560000
I-003172,O-00896,P-03,3,62000,186000
I-003173,O-00896,P-09,2,47500,95000
I-003174,O-00896,P-04,1,625000,625000
I-003175,O-00896,P-10,2,28000,56000
I-003176,O-00896,P-02,2,210000,420000
I-003177,O-00897,P-02,1,210000,210000
I-003178,O-00897,P-04,1,625000,625000
I-003179,O-00897,P-06,2,341000,682000
I-003180,O-00897,P-01,1,45000,45000
I-003181,O-00897,P-07,3,280000,840000
I-003182,O-00898,P-03,3,62000,186000
I-003183,O-00898,P-06,2,341000,682000
I-003184,O-00898,P-08,1,36000,36000
I-003185,O-00898,P-02,2,210000,420000
I-003186,O-00899,P-08,1,36000,36000
I-003187,O-00899,P-01,1,45000,45000
I-003188,O-00900,P-09,1,47500,47500
I-003189,O-00900,P-04,3,625000,1875000
I-003190,O-00900,P-06,2,341000,682000
I-003191,O-00900,P-03,2,62000,124000
I-003192,O-00901,P-06,1,341000,341000
I-003193,O-00901,P-04,2,625000,1250000
I-003194,O-00902,P-04,1,625000,625000
I-003195,O-00902,P-10,1,28000,28000
I-003196,O-00902,P-08,1,36000,36000
I-003197,O-00903,P-03,3,62000,186000
I-003198,O-00903,P-10,2,28000,56000
I-003199,O-00903,P-04,2,625000,1250000
I-003200,O-00904,P-03,1,62000,62000
I-003201,O-00904,P-10,1,28000,28000
I-003202,O-00904,P-01,3,45000,135000
I-003203,O-00904,P-02,3,210000,630000
I-003204,O-00904,P-05,2,520000,1040000
I-003205,O-00905,P-04,2,625000,1250000
I-003206,O-00905,P-03,1,62000,62000
I-003207,O-00905,P-09,2,47500,95000
I-003208,O-00906,P-06,3,341000,1023000
I-003209,O-00906,P-07,2,280000,560000
I-003210,O-00906,P-09,2,47500,95000
I-003211,O-00906,P-04,3,625000,1875000
I-003212,O-00906,P-03,1,62000,62000
I-003213,O-00907,P-06,3,341000,1023000
I-003214,O-00907,P-02,1,210000,210000
I-003215,O-00907,P-05,3,520000,1560000
I-003216,O-00908,P-10,3,28000,84000
I-003217,O-00908,P-01,3,45000,135000
I-003218,O-00908,P-02,3,210000,630000
I-003219,O-00908,P-05,2,520000,1040000
I-003220,O-00909,P-04,1,625000,625000
I-003221,O-00909,P-10,2,28000,56000
I-003222,O-00909,P-07,1,280000,280000
I-003223,O-00909,P-01,2,45000,90000
I-003224,O-00910,P-10,1,28000,28000
I-003225,O-00910,P-05,3,520000,1560000
I-003226,O-00910,P-08,2,36000,72000
I-003227,O-00911,P-07,2,280000,560000
I-003228,O-00911,P-04,1,625000,625000
I-003229,O-00911,P-06,3,341000,1023000
I-003230,O-00911,P-09,1,47500,47500
I-003231,O-00912,P-09,1,47500,47500
I-003232,O-00912,P-06,2,341000,682000
I-003233,O-00913,P-01,1,45000,45000
I-003234,O-00913,P-07,3,280000,840000
I-003235,O-00913,P-08,1,36000,36000
I-003236,O-00913,P-03,3,62000,186000
I-003237,O-00913,P-10,3,28000,84000
I-003238,O-00914,P-05,1,520000,520000
I-003239,O-00914,P-03,2,62000,124000
I-003240,O-00914,P-08,1,36000,36000
I-003241,O-00915,P-09,1,47500,47500
I-003242,O-00915,P-08,1,36000,36000
I-003243,O-00916,P-08,2,36000,72000
I-003244,O-00916,P-03,1,62000,62000
I-003245,O-00916,P-04,1,625000,625000
I-003246,O-00916,P-09,3,47500,142500
I-003247,O-00917,P-09,1,47500,47500
I-003248,O-00917,P-04,2,625000,1250000
I-003249,O-00917,P-01,1,45000,45000
I-003250,O-00917,P-05,1,520000,520000
I-003251,O-00918,P-10,3,28000,84000
I-003252,O-00918,P-02,3,210000,630000
I-003253,O-00918,P-06,1,341000,341000
I-003254,O-00919,P-07,1,280000,280000
I-003255,O-00919,P-09,1,47500,47500
I-003256,O-00919,P-02,2,210000,420000
I-003257,O-00919,P-10,1,28000,28000
I-003258,O-00920,P-09,3,47500,142500
I-003259,O-00920,P-02,3,210000,630000
I-003260,O-00921,P-04,2,625000,1250000
I-003261,O-00921,P-10,2,28000,56000
I-003262,O-00922,P-09,1,47500,47500
I-003263,O-00922,P-04,2,625000,1250000
I-003264,O-00922,P-07,1,280000,280000
I-003265,O-00923,P-10,2,28000,56000
I-003266,O-00923,P-01,3,45000,135000
I-003267,O-00923,P-09,2,47500,95000
I-003268,O-00924,P-03,3,62000,186000
I-003269,O-00924,P-07,1,280000,280000
I-003270,O-00924,P-05,1,520000,520000
I-003271,O-00924,P-10,2,28000,56000
I-003272,O-00924,P-09,1,47500,47500
I-003273,O-00925,P-08,1,36000,36000
I-003274,O-00925,P-02,3,210000,630000
I-003275,O-00925,P-07,1,280000,280000
I-003276,O-00925,P-05,3,520000,1560000
I-003277,O-00925,P-03,1,62000,62000
I-003278,O-00926,P-09,3,47500,142500
I-003279,O-00926,P-04,1,625000,625000
I-003280,O-00926,P-02,1,210000,210000
I-003281,O-00926,P-07,3,280000,840000
I-003282,O-00926,P-03,3,62000,186000
I-003283,O-00927,P-03,1,62000,62000
I-003284,O-00927,P-05,3,520000,1560000
I-003285,O-00927,P-07,1,280000,280000
I-003286,O-00927,P-06,3,341000,1023000
I-003287,O-00927,P-09,3,47500,142500
I-003288,O-00928,P-08,1,36000,36000
I-003289,O-00928,P-03,2,62000,124000
I-003290,O-00928,P-02,2,210000,420000
I-003291,O-00928,P-07,2,280000,560000
I-003292,O-00929,P-10,1,28000,28000
I-003293,O-00929,P-04,2,625000,1250000
I-003294,O-00929,P-05,3,520000,1560000
I-003295,O-00930,P-05,2,520000,1040000
I-003296,O-00930,P-07,3,280000,840000
I-003297,O-00930,P-01,2,45000,90000
I-003298,O-00930,P-08,3,36000,108000
I-003299,O-00931,P-04,1,625000,625000
I-003300,O-00931,P-08,1,36000,36000
I-003301,O-00931,P-06,2,341000,682000
I-003302,O-00932,P-08,2,36000,72000
I-003303,O-00932,P-07,2,280000,560000
I-003304,O-00932,P-06,3,341000,1023000
I-003305,O-00932,P-05,1,520000,520000
I-003306,O-00933,P-09,2,47500,95000
I-003307,O-00933,P-02,3,210000,630000
I-003308,O-00933,P-04,3,625000,1875000
I-003309,O-00934,P-07,3,280000,840000
I-003310,O-00934,P-03,3,62000,186000
I-003311,O-00934,P-09,3,47500,142500
I-003312,O-00934,P-06,3,341000,1023000
I-003313,O-00935,P-06,2,341000,682000
I-003314,O-00935,P-07,1,280000,280000
I-003315,O-00936,P-04,1,625000,625000
I-003316,O-00936,P-10,2,28000,56000
I-003317,O-00936,P-09,2,47500,95000
I-003318,O-00937,P-09,2,47500,95000
I-003319,O-00937,P-07,3,280000,840000
I-003320,O-00937,P-05,3,520000,1560000
I-003321,O-00937,P-02,3,210000,630000
I-003322,O-00938,P-05,2,520000,1040000
I-003323,O-00938,P-01,2,45000,90000
I-003324,O-00938,P-03,3,62000,186000
I-003325,O-00939,P-01,2,45000,90000
I-003326,O-00939,P-05,3,520000,1560000
I-003327,O-00939,P-07,3,280000,840000
I-003328,O-00939,P-02,2,210000,420000
I-003329,O-00939,P-10,2,28000,56000
I-003330,O-00940,P-04,1,625000,625000
I-003331,O-00940,P-07,2,280000,560000
I-003332,O-00940,P-03,3,62000,186000
I-003333,O-00940,P-10,3,28000,84000
I-003334,O-00941,P-05,1,520000,520000
I-003335,O-00941,P-06,3,341000,1023000
I-003336,O-00942,P-04,3,625000,1875000
I-003337,O-00942,P-06,3,341000,1023000
I-003338,O-00942,P-01,3,45000,135000
I-003339,O-00943,P-03,1,62000,62000
I-003340,O-00943,P-02,2,210000,420000
I-003341,O-00943,P-08,1,36000,36000
I-003342,O-00943,P-04,3,625000,1875000
I-003343,O-00943,P-06,1,341000,341000
I-003344,O-00944,P-06,2,341000,682000
I-003345,O-00944,P-10,2,28000,56000
I-003346,O-00944,P-09,1,47500,47500
I-003347,O-00944,P-08,2,36000,72000
I-003348,O-00944,P-04,1,625000,625000
I-003349,O-00945,P-02,1,210000,210000
I-003350,O-00945,P-10,3,28000,84000
I-003351,O-00946,P-01,1,45000,45000
I-003352,O-00946,P-05,1,520000,520000
I-003353,O-00947,P-05,1,520000,520000
I-003354,O-00947,P-07,1,280000,280000
I-003355,O-00947,P-04,2,625000,1250000
I-003356,O-00947,P-08,2,36000,72000
I-003357,O-00948,P-05,1,520000,520000
I-003358,O-00948,P-06,3,341000,1023000
I-003359,O-00948,P-07,2,280000,560000
I-003360,O-00948,P-09,2,47500,95000
I-003361,O-00949,P-05,3,520000,1560000
I-003362,O-00949,P-02,1,210000,210000
I-003363,O-00949,P-01,3,45000,135000
I-003364,O-00949,P-09,3,47500,142500
I-003365,O-00950,P-03,2,62000,124000
I-003366,O-00950,P-04,3,625000,1875000
I-003367,O-00950,P-07,1,280000,280000
I-003368,O-00951,P-01,1,45000,45000
I-003369,O-00951,P-04,3,625000,1875000
I-003370,O-00951,P-02,3,210000,630000
I-003371,O-00951,P-09,1,47500,47500
I-003372,O-00952,P-09,1,47500,47500
I-003373,O-00952,P-01,1,45000,45000
I-003374,O-00952,P-03,2,62000,124000
I-003375,O-00952,P-08,2,36000,72000
I-003376,O-00953,P-02,2,210000,420000
I-003377,O-00953,P-03,2,62000,124000
I-003378,O-00953,P-05,2,520000,1040000
I-003379,O-00954,P-04,2,625000,1250000
I-003380,O-00954,P-05,2,520000,1040000
I-003381,O-00954,P-03,1,62000,62000
I-003382,O-00954,P-01,2,45000,90000
I-003383,O-00954,P-07,1,280000,280000
I-003384,O-00955,P-02,2,210000,420000
I-003385,O-00955,P-09,1,47500,47500
I-003386,O-00955,P-03,1,62000,62000
I-003387,O-00955,P-05,3,520000,1560000
I-003388,O-00955,P-07,1,280000,280000
I-003389,O-00956,P-04,1,625000,625000
I-003390,O-00956,P-09,2,47500,95000
I-003391,O-00956,P-05,3,520000,1560000
I-003392,O-00957,P-09,2,47500,95000
I-003393,O-00957,P-10,2,28000,56000
I-003394,O-00957,P-01,3,45000,135000
I-003395,O-00957,P-03,2,62000,124000
I-003396,O-00958,P-08,1,36000,36000
I-003397,O-00958,P-03,2,62000,124000
I-003398,O-00958,P-07,3,280000,840000
I-003399,O-00959,P-06,3,341000,1023000
I-003400,O-00959,P-08,3,36000,108000
I-003401,O-00960,P-03,1,62000,62000
I-003402,O-00960,P-08,1,36000,36000
I-003403,O-00960,P-01,3,45000,135000
I-003404,O-00960,P-02,1,210000,210000
I-003405,O-00960,P-10,3,28000,84000
I-003406,O-00961,P-07,3,280000,840000
I-003407,O-00961,P-10,2,28000,56000
I-003408,O-00961,P-02,2,210000,420000
I-003409,O-00962,P-03,1,62000,62000
I-003410,O-00962,P-05,3,520000,1560000
I-003411,O-00962,P-06,3,341000,1023000
I-003412,O-00962,P-01,2,45000,90000
I-003413,O-00963,P-07,2,280000,560000
I-003414,O-00963,P-10,3,28000,84000
I-003415,O-00963,P-01,3,45000,135000
I-003416,O-00963,P-03,3,62000,186000
I-003417,O-00963,P-09,2,47500,95000
I-003418,O-00964,P-06,2,341000,682000
I-003419,O-00964,P-03,1,62000,62000
I-003420,O-00964,P-05,2,520000,1040000
I-003421,O-00964,P-04,2,625000,1250000
I-003422,O-00964,P-07,2,280000,560000
I-003423,O-00965,P-10,2,28000,56000
I-003424,O-00965,P-01,3,45000,135000
I-003425,O-00965,P-07,1,280000,280000
I-003426,O-00966,P-07,1,280000,280000
I-003427,O-00966,P-09,2,47500,95000
I-003428,O-00967,P-09,2,47500,95000
I-003429,O-00967,P-05,3,520000,1560000
I-003430,O-00968,P-09,2,47500,95000
I-003431,O-00968,P-02,2,210000,420000
I-003432,O-00968,P-01,2,45000,90000
I-003433,O-00968,P-07,3,280000,840000
I-003434,O-00969,P-04,3,625000,1875000
I-003435,O-00969,P-07,2,280000,560000
I-003436,O-00969,P-01,1,45000,45000
I-003437,O-00970,P-08,3,36000,108000
I-003438,O-00970,P-05,1,520000,520000
I-003439,O-00970,P-06,1,341000,341000
I-003440,O-00970,P-01,2,45000,90000
I-003441,O-00971,P-08,1,36000,36000
I-003442,O-00971,P-02,2,210000,420000
I-003443,O-00971,P-03,1,62000,62000
I-003444,O-00971,P-06,3,341000,1023000
I-003445,O-00972,P-04,3,625000,1875000
I-003446,O-00972,P-06,3,341000,1023000
I-003447,O-00972,P-03,3,62000,186000
I-003448,O-00972,P-01,1,45000,45000
I-003449,O-00972,P-10,2,28000,56000
I-003450,O-00973,P-05,2,520000,1040000
I-003451,O-00973,P-01,3,45000,135000
I-003452,O-00974,P-08,3,36000,108000
I-003453,O-00974,P-06,2,341000,682000
I-003454,O-00974,P-02,1,210000,210000
I-003455,O-00974,P-01,2,45000,90000
I-003456,O-00974,P-04,3,625000,1875000
I-003457,O-00975,P-09,2,47500,95000
I-003458,O-00975,P-06,2,341000,682000
I-003459,O-00975,P-05,1,520000,520000
I-003460,O-00975,P-02,3,210000,630000
I-003461,O-00975,P-04,3,625000,1875000
I-003462,O-00976,P-10,3,28000,84000
I-003463,O-00976,P-05,3,520000,1560000
I-003464,O-00976,P-04,2,625000,1250000
I-003465,O-00977,P-07,1,280000,280000
I-003466,O-00977,P-09,2,47500,95000
I-003467,O-00977,P-05,3,520000,1560000
I-003468,O-00978,P-08,3,36000,108000
I-003469,O-00978,P-07,3,280000,840000
I-003470,O-00978,P-02,2,210000,420000
I-003471,O-00978,P-01,1,45000,45000
I-003472,O-00978,P-03,3,62000,186000
I-003473,O-00979,P-05,1,520000,520000
I-003474,O-00979,P-02,3,210000,630000
I-003475,O-00979,P-08,1,36000,36000
I-003476,O-00979,P-01,2,45000,90000
I-003477,O-00979,P-03,1,62000,62000
I-003478,O-00980,P-02,1,210000,210000
I-003479,O-00980,P-01,1,45000,45000
I-003480,O-00980,P-03,3,62000,186000
I-003481,O-00980,P-05,2,520000,1040000
I-003482,O-00981,P-01,1,45000,45000
I-003483,O-00981,P-06,2,341000,682000
I-003484,O-00981,P-02,2,210000,420000
I-003485,O-00981,P-05,2,520000,1040000
I-003486,O-00982,P-01,1,45000,45000
I-003487,O-00982,P-05,1,520000,520000
I-003488,O-00982,P-08,1,36000,36000
I-003489,O-00982,P-10,1,28000,28000
I-003490,O-00982,P-04,2,625000,1250000
I-003491,O-00983,P-03,3,62000,186000
I-003492,O-00983,P-06,3,341000,1023000
I-003493,O-00983,P-07,3,280000,840000
I-003494,O-00983,P-05,3,520000,1560000
I-003495,O-00983,P-08,2,36000,72000
I-003496,O-00984,P-01,1,45000,45000
I-003497,O-00984,P-09,1,47500,47500
I-003498,O-00984,P-04,1,625000,625000
I-003499,O-00984,P-05,1,520000,520000
I-003500,O-00984,P-06,3,341000,1023000
I-003501,O-00985,P-02,3,210000,630000
I-003502,O-00985,P-10,1,28000,28000
I-003503,O-00985,P-08,3,36000,108000
I-003504,O-00985,P-03,2,62000,124000
I-003505,O-00986,P-04,2,625000,1250000
I-003506,O-00986,P-09,2,47500,95000
I-003507,O-00986,P-06,1,341000,341000
I-003508,O-00987,P-02,3,210000,630000
I-003509,O-00987,P-08,3,36000,108000
I-003510,O-00988,P-04,2,625000,1250000
I-003511,O-00988,P-05,1,520000,520000
I-003512,O-00988,P-02,3,210000,630000
I-003513,O-00988,P-10,2,28000,56000
I-003514,O-00988,P-08,3,36000,108000
I-003515,O-00989,P-05,3,520000,1560000
I-003516,O-00989,P-08,1,36000,36000
I-003517,O-00989,P-09,2,47500,95000
I-003518,O-00989,P-01,1,45000,45000
I-003519,O-00989,P-04,1,625000,625000
I-003520,O-00990,P-10,2,28000,56000
I-003521,O-00990,P-05,2,520000,1040000
I-003522,O-00991,P-09,1,47500,47500
I-003523,O-00991,P-04,1,625000,625000
I-003524,O-00992,P-09,2,47500,95000
I-003525,O-00992,P-07,3,280000,840000
I-003526,O-00992,P-08,1,36000,36000
I-003527,O-00993,P-09,1,47500,47500
I-003528,O-00993,P-02,3,210000,630000
I-003529,O-00994,P-05,2,520000,1040000
I-003530,O-00994,P-04,1,625000,625000
I-003531,O-00994,P-07,1,280000,280000
I-003532,O-00994,P-01,1,45000,45000
I-003533,O-00995,P-09,2,47500,95000
I-003534,O-00995,P-05,3,520000,1560000
I-003535,O-00995,P-03,3,62000,186000
I-003536,O-00995,P-07,2,280000,560000
I-003537,O-00995,P-10,3,28000,84000
I-003538,O-00996,P-08,3,36000,108000
I-003539,O-00996,P-05,3,520000,1560000
I-003540,O-00996,P-04,2,625000,1250000
I-003541,O-00996,P-02,3,210000,630000
I-003542,O-00996,P-01,2,45000,90000
I-003543,O-00997,P-10,3,28000,84000
I-003544,O-00997,P-03,2,62000,124000
I-003545,O-00998,P-01,2,45000,90000
I-003546,O-00998,P-06,3,341000,1023000
I-003547,O-00998,P-07,1,280000,280000
I-003548,O-00998,P-08,2,36000,72000
I-003549,O-00999,P-07,1,280000,280000
I-003550,O-00999,P-03,3,62000,186000
I-003551,O-01000,P-03,1,62000,62000
I-003552,O-01000,P-06,1,341000,341000
I-003553,O-01000,P-09,3,47500,142500
I-003554,O-01000,P-02,2,210000,420000
I-003555,O-01001,P-08,3,36000,108000
I-003556,O-01001,P-04,2,625000,1250000
I-003557,O-01002,P-09,1,47500,47500
I-003558,O-01002,P-01,3,45000,135000
I-003559,O-01002,P-03,1,62000,62000
I-003560,O-01002,P-06,2,341000,682000
I-003561,O-01003,P-01,3,45000,135000
I-003562,O-01003,P-03,2,62000,124000
I-003563,O-01003,P-04,3,625000,1875000
I-003564,O-01004,P-04,2,625000,1250000
I-003565,O-01004,P-10,1,28000,28000
I-003566,O-01004,P-07,2,280000,560000
I-003567,O-01004,P-02,1,210000,210000
I-003568,O-01005,P-04,2,625000,1250000
I-003569,O-01005,P-03,3,62000,186000
I-003570,O-01005,P-08,1,36000,36000
I-003571,O-01005,P-05,3,520000,1560000
I-003572,O-01005,P-01,2,45000,90000
I-003573,O-01006,P-01,3,45000,135000
I-003574,O-01006,P-03,1,62000,62000
I-003575,O-01006,P-02,1,210000,210000
I-003576,O-01006,P-07,2,280000,560000
I-003577,O-01006,P-10,1,28000,28000
I-003578,O-01007,P-09,2,47500,95000
I-003579,O-01007,P-06,1,341000,341000
I-003580,O-01008,P-09,1,47500,47500
I-003581,O-01008,P-03,1,62000,62000
I-003582,O-01008,P-07,2,280000,560000
I-003583,O-01008,P-10,3,28000,84000
I-003584,O-01009,P-10,2,28000,56000
I-003585,O-01009,P-03,1,62000,62000
I-003586,O-01009,P-09,1,47500,47500
I-003587,O-01009,P-05,2,520000,1040000
I-003588,O-01009,P-01,2,45000,90000
I-003589,O-01010,P-07,3,280000,840000
I-003590,O-01010,P-10,3,28000,84000
I-003591,O-01010,P-05,3,520000,1560000
I-003592,O-01011,P-07,1,280000,280000
I-003593,O-01011,P-08,2,36000,72000
I-003594,O-01011,P-10,2,28000,56000
I-003595,O-01011,P-04,3,625000,1875000
I-003596,O-01012,P-07,1,280000,280000
I-003597,O-01012,P-09,2,47500,95000
I-003598,O-01012,P-02,3,210000,630000
I-003599,O-01012,P-08,3,36000,108000
I-003600,O-01012,P-04,2,625000,1250000
I-003601,O-01013,P-09,3,47500,142500
I-003602,O-01013,P-05,2,520000,1040000
I-003603,O-01013,P-07,1,280000,280000
I-003604,O-01013,P-02,1,210000,210000
I-003605,O-01014,P-01,1,45000,45000
I-003606,O-01014,P-02,2,210000,420000
I-003607,O-01014,P-08,2,36000,72000
I-003608,O-01014,P-04,2,625000,1250000
I-003609,O-01015,P-03,1,62000,62000
I-003610,O-01015,P-04,1,625000,625000
I-003611,O-01015,P-07,2,280000,560000
I-003612,O-01015,P-09,2,47500,95000
I-003613,O-01015,P-05,2,520000,1040000
I-003614,O-01016,P-05,3,520000,1560000
I-003615,O-01016,P-04,1,625000,625000
I-003616,O-01016,P-09,1,47500,47500
I-003617,O-01017,P-08,3,36000,108000
I-003618,O-01017,P-06,1,341000,341000
I-003619,O-01017,P-07,1,280000,280000
I-003620,O-01017,P-03,3,62000,186000
I-003621,O-01018,P-01,3,45000,135000
I-003622,O-01018,P-04,2,625000,1250000
I-003623,O-01018,P-08,2,36000,72000
I-003624,O-01018,P-07,1,280000,280000
I-003625,O-01018,P-10,2,28000,56000
I-003626,O-01019,P-03,1,62000,62000
I-003627,O-01019,P-04,2,625000,1250000
I-003628,O-01019,P-09,1,47500,47500
I-003629,O-01020,P-09,3,47500,142500
I-003630,O-01020,P-08,3,36000,108000
I-003631,O-01021,P-09,2,47500,95000
I-003632,O-01021,P-03,1,62000,62000
I-003633,O-01021,P-05,2,520000,1040000
I-003634,O-01021,P-06,1,341000,341000
I-003635,O-01022,P-05,3,520000,1560000
I-003636,O-01022,P-07,1,280000,280000
I-003637,O-01023,P-05,1,520000,520000
I-003638,O-01023,P-09,3,47500,142500
I-003639,O-01023,P-06,1,341000,341000
I-003640,O-01023,P-04,1,625000,625000
I-003641,O-01023,P-07,2,280000,560000
I-003642,O-01024,P-06,1,341000,341000
I-003643,O-01024,P-05,1,520000,520000
I-003644,O-01025,P-08,1,36000,36000
I-003645,O-01025,P-06,2,341000,682000
I-003646,O-01025,P-09,2,47500,95000
I-003647,O-01025,P-04,3,625000,1875000
I-003648,O-01026,P-07,2,280000,560000
I-003649,O-01026,P-06,3,341000,1023000
I-003650,O-01027,P-07,1,280000,280000
I-003651,O-01027,P-01,2,45000,90000
I-003652,O-01028,P-07,2,280000,560000
I-003653,O-01028,P-08,1,36000,36000
I-003654,O-01028,P-06,1,341000,341000
I-003655,O-01029,P-05,2,520000,1040000
I-003656,O-01029,P-10,3,28000,84000
I-003657,O-01030,P-10,1,28000,28000
I-003658,O-01030,P-08,1,36000,36000
I-003659,O-01031,P-08,3,36000,108000
I-003660,O-01031,P-06,3,341000,1023000
I-003661,O-01031,P-03,1,62000,62000
I-003662,O-01031,P-02,1,210000,210000
I-003663,O-01031,P-09,3,47500,142500
I-003664,O-01032,P-10,3,28000,84000
I-003665,O-01032,P-05,1,520000,520000
I-003666,O-01032,P-09,3,47500,142500
I-003667,O-01032,P-01,2,45000,90000
I-003668,O-01033,P-08,3,36000,108000
I-003669,O-01033,P-03,1,62000,62000
I-003670,O-01034,P-05,2,520000,1040000
I-003671,O-01034,P-07,2,280000,560000
I-003672,O-01034,P-01,3,45000,135000
I-003673,O-01034,P-02,2,210000,420000
I-003674,O-01035,P-04,3,625000,1875000
I-003675,O-01035,P-09,2,47500,95000
I-003676,O-01035,P-01,1,45000,45000
I-003677,O-01035,P-02,2,210000,420000
I-003678,O-01035,P-10,2,28000,56000
I-003679,O-01036,P-02,3,210000,630000
I-003680,O-01036,P-03,2,62000,124000
I-003681,O-01036,P-10,2,28000,56000
I-003682,O-01036,P-04,2,625000,1250000
I-003683,O-01037,P-03,1,62000,62000
I-003684,O-01037,P-01,3,45000,135000
I-003685,O-01038,P-09,3,47500,142500
I-003686,O-01038,P-01,1,45000,45000
I-003687,O-01038,P-08,2,36000,72000
I-003688,O-01038,P-02,1,210000,210000
I-003689,O-01038,P-07,1,280000,280000
I-003690,O-01039,P-08,3,36000,108000
I-003691,O-01039,P-02,2,210000,420000
I-003692,O-01040,P-08,3,36000,108000
I-003693,O-01040,P-07,2,280000,560000
I-003694,O-01040,P-04,1,625000,625000
I-003695,O-01040,P-10,3,28000,84000
I-003696,O-01040,P-05,3,520000,1560000
I-003697,O-01041,P-03,3,62000,186000
I-003698,O-01041,P-10,2,28000,56000
I-003699,O-01041,P-02,2,210000,420000
I-003700,O-01041,P-08,2,36000,72000
I-003701,O-01041,P-09,3,47500,142500
I-003702,O-01042,P-05,1,520000,520000
I-003703,O-01042,P-02,1,210000,210000
I-003704,O-01042,P-03,1,62000,62000
I-003705,O-01042,P-07,1,280000,280000
I-003706,O-01043,P-04,3,625000,1875000
I-003707,O-01043,P-07,3,280000,840000
I-003708,O-01043,P-05,3,520000,1560000
I-003709,O-01044,P-09,2,47500,95000
I-003710,O-01044,P-02,1,210000,210000
I-003711,O-01045,P-01,2,45000,90000
I-003712,O-01045,P-02,2,210000,420000
I-003713,O-01046,P-10,2,28000,56000
I-003714,O-01046,P-06,2,341000,682000
I-003715,O-01046,P-03,2,62000,124000
I-003716,O-01046,P-04,1,625000,625000
I-003717,O-01046,P-05,1,520000,520000
I-003718,O-01047,P-07,3,280000,840000
I-003719,O-01047,P-04,3,625000,1875000
I-003720,O-01047,P-01,1,45000,45000
I-003721,O-01048,P-08,1,36000,36000
I-003722,O-01048,P-06,3,341000,1023000
I-003723,O-01048,P-05,2,520000,1040000
I-003724,O-01048,P-07,1,280000,280000
I-003725,O-01049,P-01,1,45000,45000
I-003726,O-01049,P-04,3,625000,1875000
I-003727,O-01049,P-07,3,280000,840000
I-003728,O-01050,P-04,3,625000,1875000
I-003729,O-01050,P-09,1,47500,47500
I-003730,O-01050,P-10,3,28000,84000
I-003731,O-01050,P-02,2,210000,420000
I-003732,O-01051,P-06,3,341000,1023000
I-003733,O-01051,P-01,2,45000,90000
I-003734,O-01051,P-10,3,28000,84000
I-003735,O-01051,P-07,2,280000,560000
I-003736,O-01051,P-09,2,47500,95000
I-003737,O-01052,P-09,1,47500,47500
I-003738,O-01052,P-03,1,62000,62000
I-003739,O-01052,P-10,2,28000,56000
I-003740,O-01053,P-03,1,62000,62000
I-003741,O-01053,P-06,1,341000,341000
I-003742,O-01053,P-08,3,36000,108000
I-003743,O-01053,P-10,3,28000,84000
I-003744,O-01053,P-01,3,45000,135000
I-003745,O-01054,P-05,3,520000,1560000
I-003746,O-01054,P-02,3,210000,630000
I-003747,O-01054,P-08,3,36000,108000
I-003748,O-01054,P-07,3,280000,840000
I-003749,O-01054,P-03,2,62000,124000
I-003750,O-01055,P-07,3,280000,840000
I-003751,O-01055,P-03,3,62000,186000
I-003752,O-01056,P-10,1,28000,28000
I-003753,O-01056,P-07,2,280000,560000
I-003754,O-01056,P-01,3,45000,135000
I-003755,O-01056,P-06,3,341000,1023000
I-003756,O-01056,P-03,2,62000,124000
I-003757,O-01057,P-07,1,280000,280000
I-003758,O-01057,P-06,1,341000,341000
I-003759,O-01058,P-03,2,62000,124000
I-003760,O-01058,P-09,2,47500,95000
I-003761,O-01059,P-10,3,28000,84000
I-003762,O-01059,P-01,3,45000,135000
I-003763,O-01059,P-07,1,280000,280000
I-003764,O-01059,P-06,2,341000,682000
I-003765,O-01059,P-04,2,625000,1250000
I-003766,O-01060,P-08,1,36000,36000
I-003767,O-01060,P-07,2,280000,560000
I-003768,O-01061,P-02,2,210000,420000
I-003769,O-01061,P-07,3,280000,840000
I-003770,O-01062,P-06,3,341000,1023000
I-003771,O-01062,P-02,2,210000,420000
I-003772,O-01062,P-10,2,28000,56000
I-003773,O-01063,P-07,1,280000,280000
I-003774,O-01063,P-10,1,28000,28000
I-003775,O-01063,P-03,3,62000,186000
I-003776,O-01064,P-01,2,45000,90000
I-003777,O-01064,P-05,2,520000,1040000
I-003778,O-01064,P-03,2,62000,124000
I-003779,O-01065,P-05,1,520000,520000
I-003780,O-01065,P-04,3,625000,1875000
I-003781,O-01066,P-02,2,210000,420000
I-003782,O-01066,P-08,1,36000,36000
I-003783,O-01066,P-10,2,28000,56000
I-003784,O-01066,P-01,2,45000,90000
I-003785,O-01067,P-08,2,36000,72000
I-003786,O-01067,P-05,3,520000,1560000
I-003787,O-01068,P-10,2,28000,56000
I-003788,O-01068,P-08,3,36000,108000
I-003789,O-01068,P-04,3,625000,1875000
I-003790,O-01069,P-04,3,625000,1875000
I-003791,O-01069,P-06,1,341000,341000
I-003792,O-01070,P-05,1,520000,520000
I-003793,O-01070,P-07,2,280000,560000
I-003794,O-01070,P-10,1,28000,28000
I-003795,O-01070,P-04,3,625000,1875000
I-003796,O-01070,P-08,2,36000,72000
I-003797,O-01071,P-10,1,28000,28000
I-003798,O-01071,P-03,2,62000,124000
I-003799,O-01071,P-06,2,341000,682000
I-003800,O-01072,P-08,3,36000,108000
I-003801,O-01072,P-09,2,47500,95000
I-003802,O-01072,P-04,1,625000,625000
I-003803,O-01073,P-06,2,341000,682000
I-003804,O-01073,P-03,2,62000,124000
I-003805,O-01073,P-08,1,36000,36000
I-003806,O-01073,P-05,1,520000,520000
I-003807,O-01073,P-09,3,47500,142500
I-003808,O-01074,P-06,1,341000,341000
I-003809,O-01074,P-08,2,36000,72000
I-003810,O-01075,P-06,2,341000,682000
I-003811,O-01075,P-04,3,625000,1875000
I-003812,O-01075,P-02,2,210000,420000
I-003813,O-01076,P-09,3,47500,142500
I-003814,O-01076,P-05,2,520000,1040000
I-003815,O-01076,P-02,2,210000,420000
I-003816,O-01077,P-01,2,45000,90000
I-003817,O-01077,P-10,2,28000,56000
I-003818,O-01077,P-05,2,520000,1040000
I-003819,O-01078,P-10,2,28000,56000
I-003820,O-01078,P-04,2,625000,1250000
I-003821,O-01079,P-06,2,341000,682000
I-003822,O-01079,P-01,3,45000,135000
I-003823,O-01079,P-10,1,28000,28000
I-003824,O-01080,P-08,3,36000,108000
I-003825,O-01080,P-02,1,210000,210000
I-003826,O-01080,P-07,2,280000,560000
I-003827,O-01080,P-01,2,45000,90000
I-003828,O-01080,P-06,2,341000,682000
I-003829,O-01081,P-10,2,28000,56000
I-003830,O-01081,P-07,2,280000,560000
I-003831,O-01081,P-04,1,625000,625000
I-003832,O-01082,P-09,1,47500,47500
I-003833,O-01082,P-10,2,28000,56000
I-003834,O-01083,P-07,2,280000,560000
I-003835,O-01083,P-04,3,625000,1875000
I-003836,O-01083,P-02,2,210000,420000
I-003837,O-01084,P-04,3,625000,1875000
I-003838,O-01084,P-01,3,45000,135000
I-003839,O-01084,P-05,3,520000,1560000
I-003840,O-01084,P-08,3,36000,108000
I-003841,O-01084,P-03,3,62000,186000
I-003842,O-01085,P-08,1,36000,36000
I-003843,O-01085,P-01,2,45000,90000
I-003844,O-01085,P-10,2,28000,56000
I-003845,O-01085,P-03,2,62000,124000
I-003846,O-01085,P-02,1,210000,210000
I-003847,O-01086,P-02,1,210000,210000
I-003848,O-01086,P-08,1,36000,36000
I-003849,O-01086,P-01,3,45000,135000
I-003850,O-01087,P-08,2,36000,72000
I-003851,O-01087,P-04,3,625000,1875000
I-003852,O-01087,P-05,1,520000,520000
I-003853,O-01087,P-02,3,210000,630000
I-003854,O-01088,P-09,2,47500,95000
I-003855,O-01088,P-01,1,45000,45000
I-003856,O-01088,P-05,2,520000,1040000
I-003857,O-01088,P-03,1,62000,62000
I-003858,O-01088,P-06,1,341000,341000
I-003859,O-01089,P-04,2,625000,1250000
I-003860,O-01089,P-02,1,210000,210000
I-003861,O-01090,P-02,1,210000,210000
I-003862,O-01090,P-08,2,36000,72000
I-003863,O-01090,P-07,3,280000,840000
I-003864,O-01090,P-04,1,625000,625000
I-003865,O-01091,P-08,3,36000,108000
I-003866,O-01091,P-10,1,28000,28000
I-003867,O-01092,P-09,3,47500,142500
I-003868,O-01092,P-08,2,36000,72000
I-003869,O-01092,P-01,3,45000,135000
I-003870,O-01092,P-10,2,28000,56000
I-003871,O-01092,P-04,3,625000,1875000
I-003872,O-01093,P-02,3,210000,630000
I-003873,O-01093,P-06,1,341000,341000
I-003874,O-01094,P-09,3,47500,142500
I-003875,O-01094,P-10,3,28000,84000
I-003876,O-01094,P-08,1,36000,36000
I-003877,O-01094,P-03,2,62000,124000
I-003878,O-01094,P-01,1,45000,45000
I-003879,O-01095,P-05,2,520000,1040000
I-003880,O-01095,P-02,2,210000,420000
I-003881,O-01095,P-01,2,45000,90000
I-003882,O-01096,P-05,2,520000,1040000
I-003883,O-01096,P-04,2,625000,1250000
I-003884,O-01097,P-04,1,625000,625000
I-003885,O-01097,P-09,2,47500,95000
I-003886,O-01097,P-03,2,62000,124000
I-003887,O-01097,P-02,3,210000,630000
I-003888,O-01098,P-03,2,62000,124000
I-003889,O-01098,P-04,2,625000,1250000
I-003890,O-01098,P-02,3,210000,630000
I-003891,O-01098,P-08,1,36000,36000
I-003892,O-01099,P-09,1,47500,47500
I-003893,O-01099,P-07,3,280000,840000
I-003894,O-01099,P-10,3,28000,84000
I-003895,O-01100,P-05,1,520000,520000
I-003896,O-01100,P-06,2,341000,682000
I-003897,O-01101,P-08,3,36000,108000
I-003898,O-01101,P-09,2,47500,95000
I-003899,O-01101,P-01,2,45000,90000
I-003900,O-01102,P-10,1,28000,28000
I-003901,O-01102,P-02,1,210000,210000
I-003902,O-01102,P-01,2,45000,90000
I-003903,O-01102,P-05,2,520000,1040000
I-003904,O-01103,P-06,3,341000,1023000
I-003905,O-01103,P-04,1,625000,625000
I-003906,O-01103,P-07,1,280000,280000
I-003907,O-01103,P-02,1,210000,210000
I-003908,O-01103,P-10,3,28000,84000
I-003909,O-01104,P-02,3,210000,630000
I-003910,O-01104,P-09,2,47500,95000
I-003911,O-01104,P-06,2,341000,682000
I-003912,O-01105,P-09,1,47500,47500
I-003913,O-01105,P-05,3,520000,1560000
I-003914,O-01105,P-06,2,341000,682000
I-003915,O-01105,P-07,3,280000,840000
I-003916,O-01106,P-05,2,520000,1040000
I-003917,O-01106,P-08,1,36000,36000
I-003918,O-01106,P-04,2,625000,1250000
I-003919,O-01106,P-01,3,45000,135000
I-003920,O-01107,P-06,1,341000,341000
I-003921,O-01107,P-04,2,625000,1250000
I-003922,O-01107,P-08,2,36000,72000
I-003923,O-01107,P-02,3,210000,630000
I-003924,O-01107,P-10,2,28000,56000
I-003925,O-01108,P-06,1,341000,341000
I-003926,O-01108,P-09,1,47500,47500
I-003927,O-01108,P-08,2,36000,72000
I-003928,O-01108,P-02,1,210000,210000
I-003929,O-01108,P-01,2,45000,90000
I-003930,O-01109,P-05,2,520000,1040000
I-003931,O-01109,P-09,2,47500,95000
I-003932,O-01109,P-01,1,45000,45000
I-003933,O-01109,P-06,3,341000,1023000
I-003934,O-01110,P-04,1,625000,625000
I-003935,O-01110,P-08,3,36000,108000
I-003936,O-01111,P-02,2,210000,420000
I-003937,O-01111,P-06,2,341000,682000
I-003938,O-01111,P-07,3,280000,840000
I-003939,O-01111,P-08,1,36000,36000
I-003940,O-01112,P-10,2,28000,56000
I-003941,O-01112,P-08,2,36000,72000
I-003942,O-01112,P-02,2,210000,420000
I-003943,O-01113,P-06,2,341000,682000
I-003944,O-01113,P-08,1,36000,36000
I-003945,O-01113,P-02,1,210000,210000
I-003946,O-01113,P-04,1,625000,625000
I-003947,O-01114,P-03,1,62000,62000
I-003948,O-01114,P-08,1,36000,36000
I-003949,O-01115,P-08,2,36000,72000
I-003950,O-01115,P-04,3,625000,1875000
I-003951,O-01116,P-04,2,625000,1250000
I-003952,O-01116,P-09,1,47500,47500
I-003953,O-01116,P-10,3,28000,84000
I-003954,O-01117,P-08,2,36000,72000
I-003955,O-01117,P-07,1,280000,280000
I-003956,O-01117,P-01,3,45000,135000
I-003957,O-01118,P-09,3,47500,142500
I-003958,O-01118,P-02,2,210000,420000
I-003959,O-01118,P-06,2,341000,682000
I-003960,O-01119,P-02,3,210000,630000
I-003961,O-01119,P-05,3,520000,1560000
I-003962,O-01119,P-07,2,280000,560000
I-003963,O-01119,P-04,3,625000,1875000
I-003964,O-01119,P-10,2,28000,56000
I-003965,O-01120,P-04,2,625000,1250000
I-003966,O-01120,P-06,1,341000,341000
I-003967,O-01121,P-09,1,47500,47500
I-003968,O-01121,P-01,1,45000,45000
I-003969,O-01121,P-06,2,341000,682000
I-003970,O-01121,P-02,3,210000,630000
I-003971,O-01121,P-08,3,36000,108000
I-003972,O-01122,P-07,1,280000,280000
I-003973,O-01122,P-09,1,47500,47500
I-003974,O-01122,P-02,1,210000,210000
I-003975,O-01122,P-01,3,45000,135000
I-003976,O-01123,P-05,1,520000,520000
I-003977,O-01123,P-06,1,341000,341000
I-003978,O-01124,P-06,2,341000,682000
I-003979,O-01124,P-01,1,45000,45000
I-003980,O-01124,P-03,3,62000,186000
I-003981,O-01125,P-05,3,520000,1560000
I-003982,O-01125,P-07,1,280000,280000
I-003983,O-01125,P-01,3,45000,135000
I-003984,O-01126,P-08,3,36000,108000
I-003985,O-01126,P-03,2,62000,124000
I-003986,O-01126,P-02,3,210000,630000
I-003987,O-01126,P-01,2,45000,90000
I-003988,O-01126,P-05,3,520000,1560000
I-003989,O-01127,P-06,3,341000,1023000
I-003990,O-01127,P-04,1,625000,625000
I-003991,O-01127,P-01,1,45000,45000
I-003992,O-01127,P-09,3,47500,142500
I-003993,O-01128,P-07,3,280000,840000
I-003994,O-01128,P-09,1,47500,47500
I-003995,O-01128,P-02,1,210000,210000
I-003996,O-01128,P-10,2,28000,56000
I-003997,O-01128,P-08,3,36000,108000
I-003998,O-01129,P-04,2,625000,1250000
I-003999,O-01129,P-03,3,62000,186000
I-004000,O-01130,P-04,1,625000,625000
I-004001,O-01130,P-08,2,36000,72000
I-004002,O-01130,P-05,1,520000,520000
I-004003,O-01131,P-10,2,28000,56000
I-004004,O-01131,P-03,3,62000,186000
I-004005,O-01132,P-03,3,62000,186000
I-004006,O-01132,P-07,2,280000,560000
I-004007,O-01132,P-04,2,625000,1250000
I-004008,O-01132,P-05,1,520000,520000
I-004009,O-01132,P-08,1,36000,36000
I-004010,O-01133,P-05,1,520000,520000
I-004011,O-01133,P-08,3,36000,108000
I-004012,O-01133,P-01,1,45000,45000
I-004013,O-01133,P-03,2,62000,124000
I-004014,O-01134,P-02,2,210000,420000
I-004015,O-01134,P-07,1,280000,280000
I-004016,O-01134,P-09,1,47500,47500
I-004017,O-01134,P-05,3,520000,1560000
I-004018,O-01135,P-09,2,47500,95000
I-004019,O-01135,P-10,2,28000,56000
I-004020,O-01136,P-06,2,341000,682000
I-004021,O-01136,P-05,2,520000,1040000
I-004022,O-01136,P-10,2,28000,56000
I-004023,O-01137,P-04,2,625000,1250000
I-004024,O-01137,P-08,1,36000,36000
I-004025,O-01137,P-09,3,47500,142500
I-004026,O-01137,P-05,3,520000,1560000
I-004027,O-01137,P-06,2,341000,682000
I-004028,O-01138,P-03,2,62000,124000
I-004029,O-01138,P-02,3,210000,630000
I-004030,O-01138,P-10,1,28000,28000
I-004031,O-01138,P-04,3,625000,1875000
I-004032,O-01138,P-06,1,341000,341000
I-004033,O-01139,P-05,1,520000,520000
I-004034,O-01139,P-04,3,625000,1875000
I-004035,O-01139,P-09,2,47500,95000
I-004036,O-01139,P-07,1,280000,280000
I-004037,O-01140,P-02,3,210000,630000
I-004038,O-01140,P-08,2,36000,72000
I-004039,O-01140,P-07,2,280000,560000
I-004040,O-01140,P-04,1,625000,625000
I-004041,O-01140,P-03,1,62000,62000
I-004042,O-01141,P-08,1,36000,36000
I-004043,O-01141,P-06,2,341000,682000
I-004044,O-01141,P-10,1,28000,28000
I-004045,O-01141,P-03,1,62000,62000
I-004046,O-01141,P-01,3,45000,135000
I-004047,O-01142,P-02,3,210000,630000
I-004048,O-01142,P-04,2,625000,1250000
I-004049,O-01142,P-03,3,62000,186000
I-004050,O-01142,P-05,2,520000,1040000
I-004051,O-01142,P-08,1,36000,36000
I-004052,O-01143,P-06,1,341000,341000
I-004053,O-01143,P-02,3,210000,630000
I-004054,O-01144,P-09,3,47500,142500
I-004055,O-01144,P-02,2,210000,420000
I-004056,O-01144,P-01,3,45000,135000
I-004057,O-01144,P-08,1,36000,36000
I-004058,O-01144,P-10,1,28000,28000
I-004059,O-01145,P-03,3,62000,186000
I-004060,O-01145,P-06,2,341000,682000
I-004061,O-01145,P-01,1,45000,45000
I-004062,O-01145,P-05,3,520000,1560000
I-004063,O-01145,P-10,2,28000,56000
I-004064,O-01146,P-05,2,520000,1040000
I-004065,O-01146,P-08,3,36000,108000
I-004066,O-01146,P-01,1,45000,45000
I-004067,O-01146,P-06,2,341000,682000
I-004068,O-01146,P-09,2,47500,95000
I-004069,O-01147,P-07,3,280000,840000
I-004070,O-01147,P-02,3,210000,630000
I-004071,O-01147,P-10,2,28000,56000
I-004072,O-01147,P-04,1,625000,625000
I-004073,O-01148,P-05,2,520000,1040000
I-004074,O-01148,P-10,1,28000,28000
I-004075,O-01148,P-03,3,62000,186000
I-004076,O-01149,P-07,3,280000,840000
I-004077,O-01149,P-09,3,47500,142500
I-004078,O-01149,P-04,2,625000,1250000
I-004079,O-01149,P-08,2,36000,72000
I-004080,O-01150,P-03,3,62000,186000
I-004081,O-01150,P-06,1,341000,341000
I-004082,O-01150,P-01,1,45000,45000
I-004083,O-01151,P-07,2,280000,560000
I-004084,O-01151,P-08,1,36000,36000
I-004085,O-01152,P-03,3,62000,186000
I-004086,O-01152,P-09,3,47500,142500
I-004087,O-01152,P-05,3,520000,1560000
I-004088,O-01152,P-04,3,625000,1875000
I-004089,O-01152,P-06,3,341000,1023000
I-004090,O-01153,P-07,2,280000,560000
I-004091,O-01153,P-08,2,36000,72000
I-004092,O-01153,P-05,2,520000,1040000
I-004093,O-01153,P-10,3,28000,84000
I-004094,O-01154,P-02,2,210000,420000
I-004095,O-01154,P-06,2,341000,682000
I-004096,O-01155,P-04,3,625000,1875000
I-004097,O-01155,P-07,2,280000,560000
I-004098,O-01155,P-03,1,62000,62000
I-004099,O-01155,P-02,3,210000,630000
I-004100,O-01155,P-09,1,47500,47500
I-004101,O-01156,P-08,2,36000,72000
I-004102,O-01156,P-06,3,341000,1023000
I-004103,O-01156,P-09,2,47500,95000
I-004104,O-01156,P-02,1,210000,210000
I-004105,O-01156,P-04,1,625000,625000
I-004106,O-01157,P-05,3,520000,1560000
I-004107,O-01157,P-08,2,36000,72000
I-004108,O-01157,P-01,3,45000,135000
I-004109,O-01157,P-10,3,28000,84000
I-004110,O-01157,P-04,2,625000,1250000
I-004111,O-01158,P-03,3,62000,186000
I-004112,O-01158,P-10,3,28000,84000
I-004113,O-01158,P-02,3,210000,630000
I-004114,O-01158,P-08,2,36000,72000
I-004115,O-01158,P-04,3,625000,1875000
I-004116,O-01159,P-10,3,28000,84000
I-004117,O-01159,P-06,3,341000,1023000
I-004118,O-01159,P-05,3,520000,1560000
I-004119,O-01159,P-09,2,47500,95000
I-004120,O-01159,P-08,1,36000,36000
I-004121,O-01160,P-10,3,28000,84000
I-004122,O-01160,P-01,2,45000,90000
I-004123,O-01160,P-07,2,280000,560000
I-004124,O-01160,P-09,2,47500,95000
I-004125,O-01160,P-05,1,520000,520000
I-004126,O-01161,P-08,2,36000,72000
I-004127,O-01161,P-04,1,625000,625000
I-004128,O-01162,P-08,1,36000,36000
I-004129,O-01162,P-01,3,45000,135000
I-004130,O-01162,P-04,1,625000,625000
I-004131,O-01162,P-05,3,520000,1560000
I-004132,O-01162,P-07,2,280000,560000
I-004133,O-01163,P-02,1,210000,210000
I-004134,O-01163,P-09,2,47500,95000
I-004135,O-01163,P-05,1,520000,520000
I-004136,O-01163,P-01,1,45000,45000
I-004137,O-01164,P-02,2,210000,420000
I-004138,O-01164,P-04,2,625000,1250000
I-004139,O-01164,P-05,1,520000,520000
I-004140,O-01165,P-03,3,62000,186000
I-004141,O-01165,P-04,1,625000,625000
I-004142,O-01165,P-06,1,341000,341000
I-004143,O-01166,P-01,1,45000,45000
I-004144,O-01166,P-10,1,28000,28000
I-004145,O-01166,P-02,2,210000,420000
I-004146,O-01166,P-07,2,280000,560000
I-004147,O-01167,P-04,2,625000,1250000
I-004148,O-01167,P-10,2,28000,56000
I-004149,O-01167,P-03,1,62000,62000
I-004150,O-01167,P-06,3,341000,1023000
I-004151,O-01168,P-05,3,520000,1560000
I-004152,O-01168,P-04,3,625000,1875000
I-004153,O-01168,P-10,1,28000,28000
I-004154,O-01169,P-07,3,280000,840000
I-004155,O-01169,P-04,1,625000,625000
I-004156,O-01170,P-08,2,36000,72000
I-004157,O-01170,P-09,3,47500,142500
I-004158,O-01170,P-04,1,625000,625000
I-004159,O-01171,P-08,1,36000,36000
I-004160,O-01171,P-10,3,28000,84000
I-004161,O-01171,P-05,1,520000,520000
I-004162,O-01172,P-01,3,45000,135000
I-004163,O-01172,P-08,3,36000,108000
I-004164,O-01172,P-06,3,341000,1023000
I-004165,O-01173,P-03,1,62000,62000
I-004166,O-01173,P-10,1,28000,28000
I-004167,O-01173,P-04,2,625000,1250000
I-004168,O-01173,P-06,1,341000,341000
I-004169,O-01173,P-01,1,45000,45000
I-004170,O-01174,P-10,2,28000,56000
I-004171,O-01174,P-01,2,45000,90000
I-004172,O-01174,P-06,2,341000,682000
I-004173,O-01175,P-06,3,341000,1023000
I-004174,O-01175,P-02,2,210000,420000
I-004175,O-01175,P-04,3,625000,1875000
I-004176,O-01175,P-09,3,47500,142500
I-004177,O-01176,P-01,3,45000,135000
I-004178,O-01176,P-02,1,210000,210000
I-004179,O-01176,P-08,1,36000,36000
I-004180,O-01176,P-07,3,280000,840000
I-004181,O-01177,P-08,2,36000,72000
I-004182,O-01177,P-01,1,45000,45000
I-004183,O-01178,P-05,2,520000,1040000
I-004184,O-01178,P-02,1,210000,210000
I-004185,O-01178,P-09,3,47500,142500
I-004186,O-01178,P-04,1,625000,625000
I-004187,O-01179,P-08,3,36000,108000
I-004188,O-01179,P-06,3,341000,1023000
I-004189,O-01179,P-02,1,210000,210000
I-004190,O-01179,P-03,1,62000,62000
I-004191,O-01179,P-10,2,28000,56000
I-004192,O-01180,P-01,1,45000,45000
I-004193,O-01180,P-07,1,280000,280000
I-004194,O-01180,P-10,3,28000,84000
I-004195,O-01181,P-07,1,280000,280000
I-004196,O-01181,P-10,2,28000,56000
I-004197,O-01181,P-01,3,45000,135000
I-004198,O-01181,P-04,1,625000,625000
I-004199,O-01181,P-09,3,47500,142500
I-004200,O-01182,P-07,3,280000,840000
I-004201,O-01182,P-10,3,28000,84000
I-004202,O-01182,P-04,2,625000,1250000
I-004203,O-01182,P-09,3,47500,142500
I-004204,O-01183,P-01,1,45000,45000
I-004205,O-01183,P-07,2,280000,560000
I-004206,O-01183,P-08,2,36000,72000
I-004207,O-01183,P-04,3,625000,1875000
I-004208,O-01183,P-02,1,210000,210000
I-004209,O-01184,P-03,1,62000,62000
I-004210,O-01184,P-06,3,341000,1023000
I-004211,O-01185,P-02,3,210000,630000
I-004212,O-01185,P-03,3,62000,186000
I-004213,O-01186,P-01,1,45000,45000
I-004214,O-01186,P-03,3,62000,186000
I-004215,O-01187,P-04,1,625000,625000
I-004216,O-01187,P-06,1,341000,341000
I-004217,O-01188,P-07,1,280000,280000
I-004218,O-01188,P-02,2,210000,420000
I-004219,O-01188,P-05,2,520000,1040000
I-004220,O-01188,P-06,3,341000,1023000
I-004221,O-01189,P-07,1,280000,280000
I-004222,O-01189,P-09,2,47500,95000
I-004223,O-01189,P-02,1,210000,210000
I-004224,O-01189,P-10,2,28000,56000
I-004225,O-01190,P-04,1,625000,625000
I-004226,O-01190,P-07,2,280000,560000
I-004227,O-01190,P-03,3,62000,186000
I-004228,O-01190,P-08,1,36000,36000
I-004229,O-01191,P-10,3,28000,84000
I-004230,O-01191,P-06,1,341000,341000
I-004231,O-01191,P-01,3,45000,135000
I-004232,O-01192,P-07,2,280000,560000
I-004233,O-01192,P-06,3,341000,1023000
I-004234,O-01192,P-04,1,625000,625000
I-004235,O-01193,P-07,1,280000,280000
I-004236,O-01193,P-05,2,520000,1040000
I-004237,O-01193,P-01,3,45000,135000
I-004238,O-01193,P-08,3,36000,108000
I-004239,O-01194,P-09,3,47500,142500
I-004240,O-01194,P-02,3,210000,630000
I-004241,O-01195,P-03,1,62000,62000
I-004242,O-01195,P-05,3,520000,1560000
I-004243,O-01195,P-01,3,45000,135000
I-004244,O-01196,P-06,1,341000,341000
I-004245,O-01196,P-01,2,45000,90000
I-004246,O-01196,P-08,3,36000,108000
I-004247,O-01196,P-05,3,520000,1560000
I-004248,O-01196,P-04,2,625000,1250000
I-004249,O-01197,P-08,2,36000,72000
I-004250,O-01197,P-05,2,520000,1040000
I-004251,O-01197,P-10,2,28000,56000
I-004252,O-01197,P-03,1,62000,62000
I-004253,O-01198,P-07,3,280000,840000
I-004254,O-01198,P-08,3,36000,108000
I-004255,O-01198,P-03,2,62000,124000
I-004256,O-01198,P-09,1,47500,47500
I-004257,O-01198,P-10,1,28000,28000
I-004258,O-01199,P-03,1,62000,62000
I-004259,O-01199,P-01,1,45000,45000
I-004260,O-01199,P-04,1,625000,625000
I-004261,O-01199,P-05,2,520000,1040000
I-004262,O-01200,P-09,2,47500,95000
I-004263,O-01200,P-05,3,520000,1560000
I-004264,O-01200,P-03,3,62000,186000
I-004265,O-01200,P-04,2,625000,1250000
I-004266,O-01201,P-02,1,210000,210000
I-004267,O-01201,P-04,1,625000,625000
I-004268,O-01201,P-10,1,28000,28000
I-004269,O-01202,P-01,2,45000,90000
I-004270,O-01202,P-03,2,62000,124000
I-004271,O-01202,P-06,1,341000,341000
I-004272,O-01202,P-10,3,28000,84000
I-004273,O-01202,P-02,1,210000,210000
I-004274,O-01203,P-03,3,62000,186000
I-004275,O-01203,P-07,2,280000,560000
I-004276,O-01203,P-09,2,47500,95000
I-004277,O-01203,P-10,3,28000,84000
I-004278,O-01203,P-05,3,520000,1560000
I-004279,O-01204,P-01,3,45000,135000
I-004280,O-01204,P-10,3,28000,84000
I-004281,O-01204,P-09,1,47500,47500
I-004282,O-01204,P-02,2,210000,420000
I-004283,O-01205,P-09,3,47500,142500
I-004284,O-01205,P-03,3,62000,186000
I-004285,O-01206,P-10,1,28000,28000
I-004286,O-01206,P-02,3,210000,630000
I-004287,O-01207,P-09,1,47500,47500
I-004288,O-01207,P-07,1,280000,280000
I-004289,O-01207,P-03,3,62000,186000
I-004290,O-01207,P-10,2,28000,56000
I-004291,O-01208,P-02,3,210000,630000
I-004292,O-01208,P-08,3,36000,108000
I-004293,O-01208,P-06,1,341000,341000
I-004294,O-01209,P-01,1,45000,45000
I-004295,O-01209,P-09,3,47500,142500
I-004296,O-01210,P-06,2,341000,682000
I-004297,O-01210,P-05,1,520000,520000
I-004298,O-01210,P-02,2,210000,420000
I-004299,O-01210,P-07,3,280000,840000
I-004300,O-01211,P-05,2,520000,1040000
I-004301,O-01211,P-03,2,62000,124000
I-004302,O-01211,P-10,3,28000,84000
I-004303,O-01212,P-05,1,520000,520000
I-004304,O-01212,P-03,2,62000,124000
I-004305,O-01212,P-04,3,625000,1875000
I-004306,O-01212,P-09,1,47500,47500
I-004307,O-01212,P-01,3,45000,135000
I-004308,O-01213,P-02,3,210000,630000
I-004309,O-01213,P-08,1,36000,36000
I-004310,O-01213,P-10,1,28000,28000
I-004311,O-01213,P-01,1,45000,45000
I-004312,O-01213,P-06,1,341000,341000
I-004313,O-01214,P-10,1,28000,28000
I-004314,O-01214,P-02,1,210000,210000
I-004315,O-01214,P-07,2,280000,560000
I-004316,O-01214,P-08,3,36000,108000
I-004317,O-01215,P-06,1,341000,341000
I-004318,O-01215,P-10,3,28000,84000
I-004319,O-01215,P-04,2,625000,1250000
I-004320,O-01216,P-07,2,280000,560000
I-004321,O-01216,P-02,3,210000,630000
I-004322,O-01217,P-06,1,341000,341000
I-004323,O-01217,P-01,2,45000,90000
I-004324,O-01217,P-07,1,280000,280000
I-004325,O-01218,P-06,3,341000,1023000
I-004326,O-01218,P-04,2,625000,1250000
I-004327,O-01219,P-02,2,210000,420000
I-004328,O-01219,P-07,3,280000,840000
I-004329,O-01219,P-08,1,36000,36000
I-004330,O-01219,P-05,1,520000,520000
I-004331,O-01219,P-06,1,341000,341000
I-004332,O-01220,P-03,2,62000,124000
I-004333,O-01220,P-08,1,36000,36000
I-004334,O-01220,P-09,2,47500,95000
I-004335,O-01221,P-07,2,280000,560000
I-004336,O-01221,P-08,2,36000,72000
I-004337,O-01221,P-04,2,625000,1250000
I-004338,O-01222,P-10,2,28000,56000
I-004339,O-01222,P-06,3,341000,1023000
I-004340,O-01222,P-07,1,280000,280000
I-004341,O-01222,P-02,1,210000,210000
I-004342,O-01223,P-07,3,280000,840000
I-004343,O-01223,P-08,3,36000,108000
I-004344,O-01224,P-06,1,341000,341000
I-004345,O-01224,P-03,1,62000,62000
I-004346,O-01224,P-07,1,280000,280000
I-004347,O-01224,P-09,3,47500,142500
I-004348,O-01224,P-05,3,520000,1560000
I-004349,O-01225,P-03,3,62000,186000
I-004350,O-01225,P-07,3,280000,840000
I-004351,O-01225,P-05,3,520000,1560000
I-004352,O-01225,P-09,2,47500,95000
I-004353,O-01225,P-04,3,625000,1875000
I-004354,O-01226,P-02,2,210000,420000
I-004355,O-01226,P-09,2,47500,95000
I-004356,O-01226,P-08,3,36000,108000
I-004357,O-01227,P-06,3,341000,1023000
I-004358,O-01227,P-01,1,45000,45000
I-004359,O-01227,P-02,2,210000,420000
I-004360,O-01227,P-07,3,280000,840000
I-004361,O-01228,P-04,2,625000,1250000
I-004362,O-01228,P-08,3,36000,108000
I-004363,O-01228,P-06,3,341000,1023000
I-004364,O-01229,P-08,1,36000,36000
I-004365,O-01229,P-07,1,280000,280000
I-004366,O-01229,P-10,3,28000,84000
I-004367,O-01229,P-06,1,341000,341000
I-004368,O-01229,P-03,1,62000,62000
I-004369,O-01230,P-10,1,28000,28000
I-004370,O-01230,P-06,3,341000,1023000
I-004371,O-01230,P-04,3,625000,1875000
I-004372,O-01230,P-03,2,62000,124000
I-004373,O-01230,P-05,2,520000,1040000
I-004374,O-01231,P-10,3,28000,84000
I-004375,O-01231,P-03,3,62000,186000
I-004376,O-01231,P-05,3,520000,1560000
I-004377,O-01231,P-04,1,625000,625000
I-004378,O-01232,P-02,1,210000,210000
I-004379,O-01232,P-04,2,625000,1250000
I-004380,O-01233,P-09,3,47500,142500
I-004381,O-01233,P-07,2,280000,560000
I-004382,O-01234,P-07,1,280000,280000
I-004383,O-01234,P-01,1,45000,45000
I-004384,O-01234,P-10,2,28000,56000
I-004385,O-01234,P-08,3,36000,108000
I-004386,O-01235,P-01,3,45000,135000
I-004387,O-01235,P-03,1,62000,62000
I-004388,O-01235,P-07,3,280000,840000
I-004389,O-01236,P-01,1,45000,45000
I-004390,O-01236,P-07,1,280000,280000
I-004391,O-01236,P-03,2,62000,124000
I-004392,O-01236,P-06,3,341000,1023000
I-004393,O-01236,P-08,2,36000,72000
I-004394,O-01237,P-07,3,280000,840000
I-004395,O-01237,P-03,2,62000,124000
I-004396,O-01237,P-08,2,36000,72000
I-004397,O-01237,P-04,1,625000,625000
I-004398,O-01238,P-01,1,45000,45000
I-004399,O-01238,P-08,1,36000,36000
I-004400,O-01238,P-06,1,341000,341000
I-004401,O-01238,P-09,3,47500,142500
I-004402,O-01239,P-05,1,520000,520000
I-004403,O-01239,P-03,3,62000,186000
I-004404,O-01239,P-08,2,36000,72000
I-004405,O-01239,P-04,1,625000,625000
I-004406,O-01240,P-10,1,28000,28000
I-004407,O-01240,P-01,3,45000,135000
I-004408,O-01240,P-04,2,625000,1250000
I-004409,O-01240,P-08,2,36000,72000
I-004410,O-01241,P-01,3,45000,135000
I-004411,O-01241,P-03,3,62000,186000
I-004412,O-01241,P-07,2,280000,560000
I-004413,O-01241,P-08,1,36000,36000
I-004414,O-01241,P-10,2,28000,56000
I-004415,O-01242,P-06,1,341000,341000
I-004416,O-01242,P-04,2,625000,1250000
I-004417,O-01243,P-01,3,45000,135000
I-004418,O-01243,P-07,1,280000,280000
I-004419,O-01243,P-04,1,625000,625000
I-004420,O-01243,P-09,1,47500,47500
I-004421,O-01243,P-10,1,28000,28000
I-004422,O-01244,P-03,1,62000,62000
I-004423,O-01244,P-02,2,210000,420000
I-004424,O-01244,P-10,3,28000,84000
I-004425,O-01245,P-07,3,280000,840000
I-004426,O-01245,P-10,1,28000,28000
I-004427,O-01245,P-03,3,62000,186000
I-004428,O-01245,P-05,3,520000,1560000
I-004429,O-01245,P-09,3,47500,142500
I-004430,O-01246,P-03,2,62000,124000
I-004431,O-01246,P-06,2,341000,682000
I-004432,O-01246,P-05,2,520000,1040000
I-004433,O-01247,P-06,2,341000,682000
I-004434,O-01247,P-04,2,625000,1250000
I-004435,O-01247,P-02,1,210000,210000
I-004436,O-01247,P-05,2,520000,1040000
I-004437,O-01248,P-10,3,28000,84000
I-004438,O-01248,P-07,2,280000,560000
I-004439,O-01248,P-06,2,341000,682000
I-004440,O-01248,P-02,1,210000,210000
I-004441,O-01248,P-08,1,36000,36000
I-004442,O-01249,P-09,1,47500,47500
I-004443,O-01249,P-10,2,28000,56000
I-004444,O-01249,P-05,1,520000,520000
I-004445,O-01249,P-04,2,625000,1250000
I-004446,O-01250,P-07,3,280000,840000
I-004447,O-01250,P-06,3,341000,1023000
I-004448,O-01251,P-01,2,45000,90000
I-004449,O-01251,P-06,1,341000,341000
I-004450,O-01251,P-03,3,62000,186000
I-004451,O-01252,P-07,3,280000,840000
I-004452,O-01252,P-04,1,625000,625000
I-004453,O-01252,P-02,2,210000,420000
I-004454,O-01253,P-07,3,280000,840000
I-004455,O-01253,P-05,2,520000,1040000
I-004456,O-01254,P-07,2,280000,560000
I-004457,O-01254,P-03,2,62000,124000
I-004458,O-01255,P-01,1,45000,45000
I-004459,O-01255,P-10,2,28000,56000
I-004460,O-01255,P-09,1,47500,47500
I-004461,O-01255,P-05,2,520000,1040000
I-004462,O-01256,P-04,1,625000,625000
I-004463,O-01256,P-01,2,45000,90000
I-004464,O-01257,P-01,3,45000,135000
I-004465,O-01257,P-04,1,625000,625000
I-004466,O-01257,P-05,2,520000,1040000
I-004467,O-01257,P-02,1,210000,210000
I-004468,O-01258,P-06,3,341000,1023000
I-004469,O-01258,P-10,3,28000,84000
I-004470,O-01259,P-04,2,625000,1250000
I-004471,O-01259,P-09,3,47500,142500
I-004472,O-01259,P-07,2,280000,560000
I-004473,O-01259,P-03,2,62000,124000
I-004474,O-01259,P-01,1,45000,45000
I-004475,O-01260,P-02,3,210000,630000
I-004476,O-01260,P-05,1,520000,520000
I-004477,O-01260,P-01,3,45000,135000
I-004478,O-01261,P-07,1,280000,280000
I-004479,O-01261,P-01,3,45000,135000
I-004480,O-01262,P-09,2,47500,95000
I-004481,O-01262,P-06,1,341000,341000
I-004482,O-01262,P-10,1,28000,28000
I-004483,O-01262,P-02,2,210000,420000
I-004484,O-01262,P-05,2,520000,1040000
I-004485,O-01263,P-04,1,625000,625000
I-004486,O-01263,P-09,2,47500,95000
I-004487,O-01263,P-03,2,62000,124000
I-004488,O-01264,P-03,1,62000,62000
I-004489,O-01264,P-08,1,36000,36000
I-004490,O-01264,P-06,2,341000,682000
I-004491,O-01264,P-04,2,625000,1250000
I-004492,O-01264,P-01,2,45000,90000
I-004493,O-01265,P-03,1,62000,62000
I-004494,O-01265,P-08,2,36000,72000
I-004495,O-01265,P-04,3,625000,1875000
I-004496,O-01265,P-06,3,341000,1023000
I-004497,O-01265,P-07,3,280000,840000
I-004498,O-01266,P-09,2,47500,95000
I-004499,O-01266,P-05,3,520000,1560000
I-004500,O-01266,P-07,1,280000,280000
I-004501,O-01267,P-06,2,341000,682000
I-004502,O-01267,P-02,2,210000,420000
I-004503,O-01267,P-10,3,28000,84000
I-004504,O-01268,P-03,1,62000,62000
I-004505,O-01268,P-07,1,280000,280000
I-004506,O-01268,P-06,2,341000,682000
I-004507,O-01268,P-02,1,210000,210000
I-004508,O-01268,P-04,3,625000,1875000
I-004509,O-01269,P-07,1,280000,280000
I-004510,O-01269,P-10,3,28000,84000
I-004511,O-01269,P-04,3,625000,1875000
I-004512,O-01269,P-09,3,47500,142500
I-004513,O-01270,P-08,3,36000,108000
I-004514,O-01270,P-02,3,210000,630000
I-004515,O-01271,P-08,1,36000,36000
I-004516,O-01271,P-05,3,520000,1560000
I-004517,O-01272,P-09,1,47500,47500
I-004518,O-01272,P-05,2,520000,1040000
I-004519,O-01273,P-02,2,210000,420000
I-004520,O-01273,P-08,3,36000,108000
I-004521,O-01273,P-07,3,280000,840000
I-004522,O-01274,P-04,2,625000,1250000
I-004523,O-01274,P-03,2,62000,124000
I-004524,O-01274,P-01,3,45000,135000
I-004525,O-01275,P-06,2,341000,682000
I-004526,O-01275,P-09,2,47500,95000
I-004527,O-01275,P-10,1,28000,28000
I-004528,O-01275,P-03,1,62000,62000
I-004529,O-01276,P-03,2,62000,124000
I-004530,O-01276,P-01,1,45000,45000
I-004531,O-01277,P-04,2,625000,1250000
I-004532,O-01277,P-05,3,520000,1560000
I-004533,O-01277,P-09,1,47500,47500
I-004534,O-01277,P-02,2,210000,420000
I-004535,O-01278,P-07,3,280000,840000
I-004536,O-01278,P-10,1,28000,28000
I-004537,O-01278,P-09,3,47500,142500
I-004538,O-01278,P-03,2,62000,124000
I-004539,O-01279,P-03,3,62000,186000
I-004540,O-01279,P-02,1,210000,210000
I-004541,O-01279,P-07,1,280000,280000
I-004542,O-01279,P-01,1,45000,45000
I-004543,O-01279,P-06,1,341000,341000
I-004544,O-01280,P-04,2,625000,1250000
I-004545,O-01280,P-06,2,341000,682000
I-004546,O-01281,P-10,2,28000,56000
I-004547,O-01281,P-04,3,625000,1875000
I-004548,O-01281,P-02,3,210000,630000
I-004549,O-01282,P-06,1,341000,341000
I-004550,O-01282,P-10,1,28000,28000
I-004551,O-01283,P-09,3,47500,142500
I-004552,O-01283,P-07,2,280000,560000
I-004553,O-01283,P-01,1,45000,45000
I-004554,O-01284,P-08,3,36000,108000
I-004555,O-01284,P-04,3,625000,1875000
I-004556,O-01285,P-05,3,520000,1560000
I-004557,O-01285,P-02,2,210000,420000
I-004558,O-01286,P-09,2,47500,95000
I-004559,O-01286,P-10,3,28000,84000
I-004560,O-01286,P-08,3,36000,108000
I-004561,O-01287,P-01,1,45000,45000
I-004562,O-01287,P-02,2,210000,420000
I-004563,O-01287,P-09,1,47500,47500
I-004564,O-01287,P-04,2,625000,1250000
I-004565,O-01287,P-03,2,62000,124000
I-004566,O-01288,P-01,2,45000,90000
I-004567,O-01288,P-03,2,62000,124000
I-004568,O-01288,P-07,1,280000,280000
I-004569,O-01288,P-05,3,520000,1560000
I-004570,O-01288,P-04,1,625000,625000
I-004571,O-01289,P-03,2,62000,124000
I-004572,O-01289,P-09,2,47500,95000
I-004573,O-01289,P-02,3,210000,630000
I-004574,O-01289,P-07,3,280000,840000
I-004575,O-01290,P-05,1,520000,520000
I-004576,O-01290,P-07,3,280000,840000
I-004577,O-01290,P-10,2,28000,56000
I-004578,O-01291,P-09,1,47500,47500
I-004579,O-01291,P-06,1,341000,341000
I-004580,O-01291,P-01,3,45000,135000
I-004581,O-01291,P-08,3,36000,108000
I-004582,O-01292,P-08,2,36000,72000
I-004583,O-01292,P-10,1,28000,28000
I-004584,O-01292,P-06,2,341000,682000
I-004585,O-01293,P-02,1,210000,210000
I-004586,O-01293,P-06,2,341000,682000
I-004587,O-01293,P-05,1,520000,520000
I-004588,O-01293,P-10,2,28000,56000
I-004589,O-01294,P-01,1,45000,45000
I-004590,O-01294,P-07,2,280000,560000
I-004591,O-01294,P-10,3,28000,84000
I-004592,O-01295,P-01,1,45000,45000
I-004593,O-01295,P-09,3,47500,142500
I-004594,O-01295,P-08,2,36000,72000
I-004595,O-01296,P-02,1,210000,210000
I-004596,O-01296,P-10,3,28000,84000
I-004597,O-01297,P-02,2,210000,420000
I-004598,O-01297,P-05,1,520000,520000
I-004599,O-01298,P-02,2,210000,420000
I-004600,O-01298,P-10,3,28000,84000
I-004601,O-01298,P-04,3,625000,1875000
I-004602,O-01298,P-01,2,45000,90000
I-004603,O-01298,P-09,1,47500,47500
I-004604,O-01299,P-07,2,280000,560000
I-004605,O-01299,P-05,3,520000,1560000
I-004606,O-01299,P-02,1,210000,210000
I-004607,O-01300,P-01,2,45000,90000
I-004608,O-01300,P-10,1,28000,28000
I-004609,O-01301,P-02,1,210000,210000
I-004610,O-01301,P-01,2,45000,90000
I-004611,O-01301,P-10,2,28000,56000
I-004612,O-01302,P-03,2,62000,124000
I-004613,O-01302,P-07,3,280000,840000
I-004614,O-01302,P-01,2,45000,90000
I-004615,O-01303,P-03,1,62000,62000
I-004616,O-01303,P-07,1,280000,280000
I-004617,O-01303,P-09,3,47500,142500
I-004618,O-01303,P-02,1,210000,210000
I-004619,O-01304,P-07,1,280000,280000
I-004620,O-01304,P-08,2,36000,72000
I-004621,O-01305,P-03,1,62000,62000
I-004622,O-01305,P-05,1,520000,520000
I-004623,O-01305,P-07,1,280000,280000
I-004624,O-01305,P-02,3,210000,630000
I-004625,O-01306,P-01,3,45000,135000
I-004626,O-01306,P-06,1,341000,341000
I-004627,O-01306,P-02,1,210000,210000
I-004628,O-01307,P-05,3,520000,1560000
I-004629,O-01307,P-07,1,280000,280000
I-004630,O-01308,P-10,2,28000,56000
I-004631,O-01308,P-09,1,47500,47500
I-004632,O-01309,P-09,1,47500,47500
I-004633,O-01309,P-06,2,341000,682000
I-004634,O-01309,P-08,1,36000,36000
I-004635,O-01309,P-05,2,520000,1040000
I-004636,O-01310,P-03,3,62000,186000
I-004637,O-01310,P-09,3,47500,142500
I-004638,O-01310,P-04,3,625000,1875000
I-004639,O-01310,P-07,1,280000,280000
I-004640,O-01311,P-07,2,280000,560000
I-004641,O-01311,P-05,3,520000,1560000
I-004642,O-01312,P-04,1,625000,625000
I-004643,O-01312,P-02,2,210000,420000
I-004644,O-01312,P-06,2,341000,682000
I-004645,O-01312,P-05,1,520000,520000
I-004646,O-01313,P-07,3,280000,840000
I-004647,O-01313,P-04,1,625000,625000
I-004648,O-01313,P-08,3,36000,108000
I-004649,O-01313,P-09,3,47500,142500
I-004650,O-01314,P-08,3,36000,108000
I-004651,O-01314,P-02,3,210000,630000
I-004652,O-01314,P-07,1,280000,280000
I-004653,O-01314,P-06,1,341000,341000
I-004654,O-01314,P-05,3,520000,1560000
I-004655,O-01315,P-06,1,341000,341000
I-004656,O-01315,P-03,1,62000,62000
I-004657,O-01315,P-07,3,280000,840000
I-004658,O-01316,P-09,2,47500,95000
I-004659,O-01316,P-01,2,45000,90000
I-004660,O-01316,P-10,3,28000,84000
I-004661,O-01316,P-08,3,36000,108000
I-004662,O-01317,P-10,1,28000,28000
I-004663,O-01317,P-07,2,280000,560000
I-004664,O-01318,P-01,3,45000,135000
I-004665,O-01318,P-04,1,625000,625000
I-004666,O-01318,P-09,1,47500,47500
I-004667,O-01318,P-06,1,341000,341000
I-004668,O-01319,P-01,3,45000,135000
I-004669,O-01319,P-04,1,625000,625000
I-004670,O-01319,P-02,1,210000,210000
I-004671,O-01319,P-03,3,62000,186000
I-004672,O-01320,P-02,1,210000,210000
I-004673,O-01320,P-06,1,341000,341000
I-004674,O-01321,P-06,3,341000,1023000
I-004675,O-01321,P-07,3,280000,840000
I-004676,O-01321,P-05,1,520000,520000
I-004677,O-01321,P-08,3,36000,108000
I-004678,O-01321,P-03,2,62000,124000
I-004679,O-01322,P-08,1,36000,36000
I-004680,O-01322,P-09,3,47500,142500
I-004681,O-01322,P-06,3,341000,1023000
I-004682,O-01323,P-08,3,36000,108000
I-004683,O-01323,P-10,1,28000,28000
I-004684,O-01324,P-04,1,625000,625000
I-004685,O-01324,P-01,2,45000,90000
I-004686,O-01324,P-08,1,36000,36000
I-004687,O-01324,P-02,3,210000,630000
I-004688,O-01325,P-07,2,280000,560000
I-004689,O-01325,P-03,2,62000,124000
I-004690,O-01325,P-05,1,520000,520000
I-004691,O-01325,P-04,2,625000,1250000
I-004692,O-01325,P-06,2,341000,682000
I-004693,O-01326,P-06,3,341000,1023000
I-004694,O-01326,P-05,1,520000,520000
I-004695,O-01326,P-03,3,62000,186000
I-004696,O-01327,P-01,2,45000,90000
I-004697,O-01327,P-08,1,36000,36000
I-004698,O-01327,P-07,2,280000,560000
I-004699,O-01327,P-06,1,341000,341000
I-004700,O-01328,P-09,3,47500,142500
I-004701,O-01328,P-06,1,341000,341000
I-004702,O-01328,P-02,1,210000,210000
I-004703,O-01329,P-01,2,45000,90000
I-004704,O-01329,P-03,1,62000,62000
I-004705,O-01330,P-04,2,625000,1250000
I-004706,O-01330,P-05,3,520000,1560000
I-004707,O-01331,P-01,3,45000,135000
I-004708,O-01331,P-06,1,341000,341000
I-004709,O-01331,P-09,2,47500,95000
I-004710,O-01332,P-08,2,36000,72000
I-004711,O-01332,P-10,3,28000,84000
I-004712,O-01332,P-07,3,280000,840000
I-004713,O-01333,P-06,2,341000,682000
I-004714,O-01333,P-09,2,47500,95000
I-004715,O-01333,P-01,2,45000,90000
I-004716,O-01334,P-03,2,62000,124000
I-004717,O-01334,P-09,2,47500,95000
I-004718,O-01334,P-02,1,210000,210000
I-004719,O-01334,P-04,3,625000,1875000
I-004720,O-01335,P-05,1,520000,520000
I-004721,O-01335,P-03,3,62000,186000
I-004722,O-01336,P-10,3,28000,84000
I-004723,O-01336,P-03,2,62000,124000
I-004724,O-01336,P-09,3,47500,142500
I-004725,O-01337,P-01,1,45000,45000
I-004726,O-01337,P-07,1,280000,280000
I-004727,O-01337,P-02,3,210000,630000
I-004728,O-01338,P-08,1,36000,36000
I-004729,O-01338,P-06,3,341000,1023000
I-004730,O-01338,P-10,2,28000,56000
I-004731,O-01338,P-07,1,280000,280000
I-004732,O-01338,P-04,3,625000,1875000
I-004733,O-01339,P-10,3,28000,84000
I-004734,O-01339,P-08,3,36000,108000
I-004735,O-01340,P-06,3,341000,1023000
I-004736,O-01340,P-02,3,210000,630000
I-004737,O-01340,P-04,1,625000,625000
I-004738,O-01340,P-07,2,280000,560000
I-004739,O-01340,P-10,3,28000,84000
I-004740,O-01341,P-10,3,28000,84000
I-004741,O-01341,P-09,1,47500,47500
I-004742,O-01342,P-07,3,280000,840000
I-004743,O-01342,P-05,1,520000,520000
I-004744,O-01342,P-01,2,45000,90000
I-004745,O-01342,P-10,3,28000,84000
I-004746,O-01342,P-08,3,36000,108000
I-004747,O-01343,P-10,2,28000,56000
I-004748,O-01343,P-01,2,45000,90000
I-004749,O-01343,P-07,3,280000,840000
I-004750,O-01343,P-02,1,210000,210000
I-004751,O-01343,P-03,2,62000,124000
I-004752,O-01344,P-05,3,520000,1560000
I-004753,O-01344,P-10,2,28000,56000
I-004754,O-01344,P-03,3,62000,186000
I-004755,O-01344,P-07,3,280000,840000
I-004756,O-01345,P-07,3,280000,840000
I-004757,O-01345,P-09,3,47500,142500
I-004758,O-01345,P-04,1,625000,625000
I-004759,O-01346,P-06,3,341000,1023000
I-004760,O-01346,P-02,3,210000,630000
I-004761,O-01347,P-07,2,280000,560000
I-004762,O-01347,P-08,2,36000,72000
I-004763,O-01347,P-05,1,520000,520000
I-004764,O-01348,P-09,1,47500,47500
I-004765,O-01348,P-02,2,210000,420000
I-004766,O-01348,P-01,1,45000,45000
I-004767,O-01348,P-06,3,341000,1023000
I-004768,O-01348,P-08,1,36000,36000
I-004769,O-01349,P-03,1,62000,62000
I-004770,O-01349,P-04,1,625000,625000
I-004771,O-01349,P-09,2,47500,95000
I-004772,O-01350,P-09,1,47500,47500
I-004773,O-01350,P-03,2,62000,124000
I-004774,O-01350,P-06,3,341000,1023000
I-004775,O-01350,P-10,2,28000,56000
I-004776,O-01351,P-07,3,280000,840000
I-004777,O-01351,P-03,2,62000,124000
I-004778,O-01351,P-02,1,210000,210000
I-004779,O-01352,P-02,2,210000,420000
I-004780,O-01352,P-08,2,36000,72000
I-004781,O-01352,P-01,2,45000,90000
I-004782,O-01353,P-10,1,28000,28000
I-004783,O-01353,P-09,2,47500,95000
I-004784,O-01353,P-02,1,210000,210000
I-004785,O-01353,P-04,2,625000,1250000
I-004786,O-01354,P-06,3,341000,1023000
I-004787,O-01354,P-04,2,625000,1250000
I-004788,O-01354,P-03,3,62000,186000
I-004789,O-01354,P-07,2,280000,560000
I-004790,O-01355,P-08,2,36000,72000
I-004791,O-01355,P-02,2,210000,420000
I-004792,O-01355,P-06,1,341000,341000
I-004793,O-01355,P-09,3,47500,142500
I-004794,O-01356,P-01,1,45000,45000
I-004795,O-01356,P-02,3,210000,630000
I-004796,O-01356,P-09,1,47500,47500
I-004797,O-01357,P-04,2,625000,1250000
I-004798,O-01357,P-05,3,520000,1560000
I-004799,O-01357,P-01,3,45000,135000
I-004800,O-01357,P-09,3,47500,142500
I-004801,O-01358,P-01,2,45000,90000
I-004802,O-01358,P-06,1,341000,341000
I-004803,O-01358,P-10,1,28000,28000
I-004804,O-01358,P-08,1,36000,36000
I-004805,O-01358,P-07,2,280000,560000
I-004806,O-01359,P-04,1,625000,625000
I-004807,O-01359,P-03,1,62000,62000
I-004808,O-01359,P-07,3,280000,840000
I-004809,O-01360,P-01,3,45000,135000
I-004810,O-01360,P-02,2,210000,420000
I-004811,O-01360,P-08,3,36000,108000
I-004812,O-01360,P-10,1,28000,28000
I-004813,O-01361,P-07,3,280000,840000
I-004814,O-01361,P-05,3,520000,1560000
I-004815,O-01361,P-08,2,36000,72000
I-004816,O-01362,P-05,1,520000,520000
I-004817,O-01362,P-08,3,36000,108000
I-004818,O-01362,P-02,1,210000,210000
I-004819,O-01363,P-04,1,625000,625000
I-004820,O-01363,P-03,2,62000,124000
I-004821,O-01363,P-02,2,210000,420000
I-004822,O-01363,P-08,2,36000,72000
I-004823,O-01363,P-05,1,520000,520000
I-004824,O-01364,P-03,1,62000,62000
I-004825,O-01364,P-04,3,625000,1875000
I-004826,O-01364,P-09,2,47500,95000
I-004827,O-01364,P-02,3,210000,630000
I-004828,O-01364,P-10,2,28000,56000
I-004829,O-01365,P-05,2,520000,1040000
I-004830,O-01365,P-04,1,625000,625000
I-004831,O-01365,P-08,1,36000,36000
I-004832,O-01366,P-01,1,45000,45000
I-004833,O-01366,P-03,2,62000,124000
I-004834,O-01366,P-06,1,341000,341000
I-004835,O-01367,P-08,2,36000,72000
I-004836,O-01367,P-04,3,625000,1875000
I-004837,O-01367,P-10,2,28000,56000
I-004838,O-01368,P-05,3,520000,1560000
I-004839,O-01368,P-06,1,341000,341000
I-004840,O-01368,P-03,2,62000,124000
I-004841,O-01369,P-07,2,280000,560000
I-004842,O-01369,P-10,2,28000,56000
I-004843,O-01369,P-05,1,520000,520000
I-004844,O-01369,P-06,3,341000,1023000
I-004845,O-01370,P-03,2,62000,124000
I-004846,O-01370,P-07,1,280000,280000
I-004847,O-01370,P-06,3,341000,1023000
I-004848,O-01370,P-01,1,45000,45000
I-004849,O-01371,P-01,1,45000,45000
I-004850,O-01371,P-05,1,520000,520000
I-004851,O-01371,P-03,2,62000,124000
I-004852,O-01372,P-04,2,625000,1250000
I-004853,O-01372,P-06,2,341000,682000
I-004854,O-01372,P-01,2,45000,90000
I-004855,O-01372,P-07,1,280000,280000
I-004856,O-01373,P-03,2,62000,124000
I-004857,O-01373,P-07,1,280000,280000
I-004858,O-01373,P-06,3,341000,1023000
I-004859,O-01373,P-08,1,36000,36000
I-004860,O-01374,P-02,1,210000,210000
I-004861,O-01374,P-07,2,280000,560000
I-004862,O-01374,P-10,3,28000,84000
I-004863,O-01374,P-06,3,341000,1023000
I-004864,O-01374,P-04,2,625000,1250000
I-004865,O-01375,P-04,3,625000,1875000
I-004866,O-01375,P-01,2,45000,90000
I-004867,O-01375,P-07,2,280000,560000
I-004868,O-01375,P-09,1,47500,47500
I-004869,O-01375,P-10,1,28000,28000
I-004870,O-01376,P-04,3,625000,1875000
I-004871,O-01376,P-01,2,45000,90000
I-004872,O-01376,P-07,1,280000,280000
I-004873,O-01376,P-06,2,341000,682000
I-004874,O-01376,P-05,2,520000,1040000
I-004875,O-01377,P-10,1,28000,28000
I-004876,O-01377,P-01,1,45000,45000
I-004877,O-01377,P-06,1,341000,341000
I-004878,O-01377,P-08,1,36000,36000
I-004879,O-01378,P-02,2,210000,420000
I-004880,O-01378,P-01,1,45000,45000
I-004881,O-01378,P-09,3,47500,142500
I-004882,O-01378,P-03,3,62000,186000
I-004883,O-01378,P-10,3,28000,84000
I-004884,O-01379,P-04,3,625000,1875000
I-004885,O-01379,P-09,2,47500,95000
I-004886,O-01380,P-06,3,341000,1023000
I-004887,O-01380,P-07,2,280000,560000
I-004888,O-01381,P-10,2,28000,56000
I-004889,O-01381,P-05,1,520000,520000
I-004890,O-01381,P-06,2,341000,682000
I-004891,O-01382,P-08,3,36000,108000
I-004892,O-01382,P-02,3,210000,630000
I-004893,O-01382,P-06,2,341000,682000
I-004894,O-01383,P-02,2,210000,420000
I-004895,O-01383,P-06,2,341000,682000
I-004896,O-01383,P-10,1,28000,28000
I-004897,O-01383,P-01,3,45000,135000
I-004898,O-01383,P-04,3,625000,1875000
I-004899,O-01384,P-03,3,62000,186000
I-004900,O-01384,P-09,1,47500,47500
I-004901,O-01385,P-07,1,280000,280000
I-004902,O-01385,P-02,2,210000,420000
I-004903,O-01385,P-08,1,36000,36000
I-004904,O-01385,P-01,1,45000,45000
I-004905,O-01386,P-01,1,45000,45000
I-004906,O-01386,P-07,3,280000,840000
I-004907,O-01386,P-08,1,36000,36000
I-004908,O-01386,P-02,3,210000,630000
I-004909,O-01386,P-05,2,520000,1040000
I-004910,O-01387,P-04,3,625000,1875000
I-004911,O-01387,P-05,1,520000,520000
I-004912,O-01388,P-03,2,62000,124000
I-004913,O-01388,P-01,2,45000,90000
I-004914,O-01389,P-01,2,45000,90000
I-004915,O-01389,P-04,2,625000,1250000
I-004916,O-01390,P-01,1,45000,45000
I-004917,O-01390,P-06,2,341000,682000
I-004918,O-01390,P-03,2,62000,124000
I-004919,O-01390,P-04,2,625000,1250000
I-004920,O-01390,P-10,2,28000,56000
I-004921,O-01391,P-06,2,341000,682000
I-004922,O-01391,P-10,2,28000,56000
I-004923,O-01391,P-07,3,280000,840000
I-004924,O-01391,P-03,3,62000,186000
I-004925,O-01392,P-10,2,28000,56000
I-004926,O-01392,P-05,3,520000,1560000
I-004927,O-01392,P-06,2,341000,682000
I-004928,O-01392,P-02,1,210000,210000
I-004929,O-01393,P-03,2,62000,124000
I-004930,O-01393,P-01,3,45000,135000
I-004931,O-01393,P-06,1,341000,341000
I-004932,O-01393,P-09,2,47500,95000
I-004933,O-01394,P-03,1,62000,62000
I-004934,O-01394,P-05,1,520000,520000
I-004935,O-01394,P-01,3,45000,135000
I-004936,O-01394,P-02,2,210000,420000
I-004937,O-01395,P-07,2,280000,560000
I-004938,O-01395,P-04,2,625000,1250000
I-004939,O-01395,P-02,2,210000,420000
I-004940,O-01395,P-01,3,45000,135000
I-004941,O-01395,P-10,1,28000,28000
I-004942,O-01396,P-10,2,28000,56000
I-004943,O-01396,P-03,1,62000,62000
I-004944,O-01396,P-09,2,47500,95000
I-004945,O-01396,P-02,1,210000,210000
I-004946,O-01397,P-04,3,625000,1875000
I-004947,O-01397,P-10,1,28000,28000
I-004948,O-01397,P-06,3,341000,1023000
I-004949,O-01397,P-09,2,47500,95000
I-004950,O-01397,P-05,3,520000,1560000
I-004951,O-01398,P-06,1,341000,341000
I-004952,O-01398,P-07,3,280000,840000
I-004953,O-01398,P-10,1,28000,28000
I-004954,O-01398,P-05,2,520000,1040000
I-004955,O-01399,P-07,2,280000,560000
I-004956,O-01399,P-06,2,341000,682000
I-004957,O-01399,P-02,2,210000,420000
I-004958,O-01400,P-05,2,520000,1040000
I-004959,O-01400,P-06,1,341000,341000
I-004960,O-01400,P-04,1,625000,625000
I-004961,O-01401,P-04,1,625000,625000
I-004962,O-01401,P-03,1,62000,62000
I-004963,O-01401,P-10,1,28000,28000
I-004964,O-01401,P-06,3,341000,1023000
I-004965,O-01402,P-09,1,47500,47500
I-004966,O-01402,P-05,1,520000,520000
I-004967,O-01402,P-07,2,280000,560000
I-004968,O-01402,P-06,1,341000,341000
I-004969,O-01403,P-10,3,28000,84000
I-004970,O-01403,P-02,3,210000,630000
I-004971,O-01403,P-04,3,625000,1875000
I-004972,O-01404,P-06,1,341000,341000
I-004973,O-01404,P-10,2,28000,56000
I-004974,O-01404,P-02,2,210000,420000
I-004975,O-01404,P-09,1,47500,47500
I-004976,O-01404,P-03,2,62000,124000
I-004977,O-01405,P-09,2,47500,95000
I-004978,O-01405,P-04,3,625000,1875000
I-004979,O-01406,P-02,2,210000,420000
I-004980,O-01406,P-10,2,28000,56000
I-004981,O-01406,P-09,3,47500,142500
I-004982,O-01407,P-03,2,62000,124000
I-004983,O-01407,P-09,1,47500,47500
I-004984,O-01408,P-07,2,280000,560000
I-004985,O-01408,P-09,2,47500,95000
I-004986,O-01409,P-07,1,280000,280000
I-004987,O-01409,P-04,2,625000,1250000
I-004988,O-01409,P-02,2,210000,420000
I-004989,O-01409,P-01,3,45000,135000
I-004990,O-01410,P-09,2,47500,95000
I-004991,O-01410,P-10,1,28000,28000
I-004992,O-01411,P-10,3,28000,84000
I-004993,O-01411,P-07,2,280000,560000
I-004994,O-01412,P-01,2,45000,90000
I-004995,O-01412,P-09,1,47500,47500
I-004996,O-01412,P-05,1,520000,520000
I-004997,O-01413,P-07,1,280000,280000
I-004998,O-01413,P-03,3,62000,186000
I-004999,O-01413,P-02,2,210000,420000
I-005000,O-01413,P-06,1,341000,341000
I-005001,O-01413,P-01,1,45000,45000
I-005002,O-01414,P-10,1,28000,28000
I-005003,O-01414,P-03,3,62000,186000
I-005004,O-01415,P-02,2,210000,420000
I-005005,O-01415,P-10,2,28000,56000
I-005006,O-01416,P-08,1,36000,36000
I-005007,O-01416,P-04,1,625000,625000
I-005008,O-01416,P-06,1,341000,341000
I-005009,O-01416,P-01,2,45000,90000
I-005010,O-01417,P-04,3,625000,1875000
I-005011,O-01417,P-08,1,36000,36000
I-005012,O-01418,P-04,3,625000,1875000
I-005013,O-01418,P-05,1,520000,520000
I-005014,O-01418,P-01,1,45000,45000
I-005015,O-01418,P-07,3,280000,840000
I-005016,O-01418,P-10,1,28000,28000
I-005017,O-01419,P-07,3,280000,840000
I-005018,O-01419,P-08,2,36000,72000
I-005019,O-01419,P-02,3,210000,630000
I-005020,O-01419,P-06,1,341000,341000
I-005021,O-01420,P-04,2,625000,1250000
I-005022,O-01420,P-02,3,210000,630000
I-005023,O-01421,P-06,3,341000,1023000
I-005024,O-01421,P-01,2,45000,90000
I-005025,O-01421,P-08,1,36000,36000
I-005026,O-01421,P-02,3,210000,630000
I-005027,O-01422,P-05,1,520000,520000
I-005028,O-01422,P-10,1,28000,28000
I-005029,O-01422,P-08,2,36000,72000
I-005030,O-01423,P-04,3,625000,1875000
I-005031,O-01423,P-03,1,62000,62000
I-005032,O-01423,P-05,3,520000,1560000
I-005033,O-01423,P-06,1,341000,341000
I-005034,O-01424,P-10,1,28000,28000
I-005035,O-01424,P-08,3,36000,108000
I-005036,O-01424,P-01,2,45000,90000
I-005037,O-01424,P-02,1,210000,210000
I-005038,O-01424,P-04,2,625000,1250000
I-005039,O-01425,P-01,3,45000,135000
I-005040,O-01425,P-10,2,28000,56000
I-005041,O-01425,P-04,2,625000,1250000
I-005042,O-01426,P-01,3,45000,135000
I-005043,O-01426,P-02,3,210000,630000
I-005044,O-01426,P-10,1,28000,28000
I-005045,O-01426,P-06,2,341000,682000
I-005046,O-01426,P-04,1,625000,625000
I-005047,O-01427,P-07,2,280000,560000
I-005048,O-01427,P-03,2,62000,124000
I-005049,O-01428,P-08,3,36000,108000
I-005050,O-01428,P-06,3,341000,1023000
I-005051,O-01428,P-07,1,280000,280000
I-005052,O-01429,P-03,2,62000,124000
I-005053,O-01429,P-08,1,36000,36000
I-005054,O-01429,P-06,2,341000,682000
I-005055,O-01429,P-09,1,47500,47500
I-005056,O-01430,P-05,1,520000,520000
I-005057,O-01430,P-07,3,280000,840000
I-005058,O-01430,P-03,2,62000,124000
I-005059,O-01430,P-01,1,45000,45000
I-005060,O-01430,P-06,1,341000,341000
I-005061,O-01431,P-10,2,28000,56000
I-005062,O-01431,P-07,2,280000,560000
I-005063,O-01431,P-08,1,36000,36000
I-005064,O-01431,P-03,1,62000,62000
I-005065,O-01431,P-04,3,625000,1875000
I-005066,O-01432,P-02,1,210000,210000
I-005067,O-01432,P-07,3,280000,840000
I-005068,O-01432,P-08,3,36000,108000
I-005069,O-01433,P-07,2,280000,560000
I-005070,O-01433,P-10,1,28000,28000
I-005071,O-01433,P-02,2,210000,420000
I-005072,O-01434,P-10,3,28000,84000
I-005073,O-01434,P-07,1,280000,280000
I-005074,O-01434,P-09,2,47500,95000
I-005075,O-01435,P-08,1,36000,36000
I-005076,O-01435,P-07,1,280000,280000
I-005077,O-01435,P-05,1,520000,520000
I-005078,O-01435,P-03,1,62000,62000
I-005079,O-01436,P-02,3,210000,630000
I-005080,O-01436,P-07,3,280000,840000
I-005081,O-01437,P-02,2,210000,420000
I-005082,O-01437,P-06,1,341000,341000
I-005083,O-01437,P-05,3,520000,1560000
I-005084,O-01437,P-08,1,36000,36000
I-005085,O-01438,P-09,3,47500,142500
I-005086,O-01438,P-02,2,210000,420000
I-005087,O-01439,P-09,2,47500,95000
I-005088,O-01439,P-08,1,36000,36000
I-005089,O-01439,P-03,1,62000,62000
I-005090,O-01439,P-05,2,520000,1040000
I-005091,O-01439,P-06,2,341000,682000
I-005092,O-01440,P-03,2,62000,124000
I-005093,O-01440,P-05,2,520000,1040000
I-005094,O-01441,P-08,3,36000,108000
I-005095,O-01441,P-06,2,341000,682000
I-005096,O-01441,P-10,2,28000,56000
I-005097,O-01441,P-04,1,625000,625000
I-005098,O-01442,P-07,1,280000,280000
I-005099,O-01442,P-10,3,28000,84000
I-005100,O-01443,P-07,3,280000,840000
I-005101,O-01443,P-06,2,341000,682000
I-005102,O-01443,P-08,1,36000,36000
I-005103,O-01444,P-06,1,341000,341000
I-005104,O-01444,P-05,2,520000,1040000
I-005105,O-01445,P-06,1,341000,341000
I-005106,O-01445,P-02,2,210000,420000
I-005107,O-01445,P-07,3,280000,840000
I-005108,O-01445,P-05,2,520000,1040000
I-005109,O-01446,P-05,3,520000,1560000
I-005110,O-01446,P-09,2,47500,95000
I-005111,O-01446,P-06,1,341000,341000
I-005112,O-01447,P-07,2,280000,560000
I-005113,O-01447,P-10,3,28000,84000
I-005114,O-01447,P-08,2,36000,72000
I-005115,O-01448,P-09,2,47500,95000
I-005116,O-01448,P-05,2,520000,1040000
I-005117,O-01449,P-10,1,28000,28000
I-005118,O-01449,P-07,2,280000,560000
I-005119,O-01450,P-10,2,28000,56000
I-005120,O-01450,P-05,1,520000,520000
I-005121,O-01450,P-01,1,45000,45000
I-005122,O-01450,P-03,1,62000,62000
I-005123,O-01451,P-07,1,280000,280000
I-005124,O-01451,P-09,3,47500,142500
I-005125,O-01451,P-05,3,520000,1560000
I-005126,O-01451,P-06,2,341000,682000
I-005127,O-01452,P-06,3,341000,1023000
I-005128,O-01452,P-05,1,520000,520000
I-005129,O-01452,P-04,3,625000,1875000
I-005130,O-01452,P-08,2,36000,72000
I-005131,O-01453,P-05,1,520000,520000
I-005132,O-01453,P-08,3,36000,108000
I-005133,O-01453,P-04,2,625000,1250000
I-005134,O-01453,P-09,2,47500,95000
I-005135,O-01454,P-07,1,280000,280000
I-005136,O-01454,P-05,3,520000,1560000
I-005137,O-01454,P-09,2,47500,95000
I-005138,O-01454,P-03,2,62000,124000
I-005139,O-01455,P-07,3,280000,840000
I-005140,O-01455,P-02,2,210000,420000
I-005141,O-01455,P-09,1,47500,47500
I-005142,O-01456,P-02,1,210000,210000
I-005143,O-01456,P-06,3,341000,1023000
I-005144,O-01456,P-10,3,28000,84000
I-005145,O-01456,P-05,2,520000,1040000
I-005146,O-01456,P-03,1,62000,62000
I-005147,O-01457,P-03,1,62000,62000
I-005148,O-01457,P-02,1,210000,210000
I-005149,O-01457,P-09,1,47500,47500
I-005150,O-01458,P-05,2,520000,1040000
I-005151,O-01458,P-09,2,47500,95000
I-005152,O-01458,P-10,3,28000,84000
I-005153,O-01458,P-04,3,625000,1875000
I-005154,O-01459,P-02,1,210000,210000
I-005155,O-01459,P-04,3,625000,1875000
I-005156,O-01459,P-03,1,62000,62000
I-005157,O-01459,P-08,1,36000,36000
I-005158,O-01459,P-01,2,45000,90000
I-005159,O-01460,P-04,1,625000,625000
I-005160,O-01460,P-08,1,36000,36000
I-005161,O-01460,P-07,1,280000,280000
I-005162,O-01460,P-09,1,47500,47500
I-005163,O-01461,P-08,1,36000,36000
I-005164,O-01461,P-06,3,341000,1023000
I-005165,O-01462,P-01,1,45000,45000
I-005166,O-01462,P-07,2,280000,560000
I-005167,O-01462,P-06,2,341000,682000
I-005168,O-01462,P-10,3,28000,84000
I-005169,O-01463,P-03,1,62000,62000
I-005170,O-01463,P-02,3,210000,630000
I-005171,O-01464,P-04,2,625000,1250000
I-005172,O-01464,P-06,2,341000,682000
I-005173,O-01464,P-01,3,45000,135000
I-005174,O-01464,P-02,1,210000,210000
I-005175,O-01464,P-08,2,36000,72000
I-005176,O-01465,P-09,2,47500,95000
I-005177,O-01465,P-08,3,36000,108000
I-005178,O-01465,P-01,2,45000,90000
I-005179,O-01465,P-10,1,28000,28000
I-005180,O-01466,P-08,3,36000,108000
I-005181,O-01466,P-07,1,280000,280000
I-005182,O-01467,P-05,3,520000,1560000
I-005183,O-01467,P-08,3,36000,108000
I-005184,O-01468,P-09,2,47500,95000
I-005185,O-01468,P-08,3,36000,108000
I-005186,O-01469,P-10,2,28000,56000
I-005187,O-01469,P-08,3,36000,108000
I-005188,O-01469,P-07,3,280000,840000
I-005189,O-01470,P-09,1,47500,47500
I-005190,O-01470,P-08,3,36000,108000
I-005191,O-01470,P-07,3,280000,840000
I-005192,O-01470,P-04,3,625000,1875000
I-005193,O-01470,P-05,1,520000,520000
I-005194,O-01471,P-06,3,341000,1023000
I-005195,O-01471,P-03,3,62000,186000
I-005196,O-01471,P-04,3,625000,1875000
I-005197,O-01471,P-07,1,280000,280000
I-005198,O-01472,P-02,2,210000,420000
I-005199,O-01472,P-06,3,341000,1023000
I-005200,O-01472,P-05,3,520000,1560000
I-005201,O-01472,P-01,1,45000,45000
I-005202,O-01473,P-10,1,28000,28000
I-005203,O-01473,P-09,1,47500,47500
I-005204,O-01474,P-07,3,280000,840000
I-005205,O-01474,P-09,3,47500,142500
I-005206,O-01474,P-06,3,341000,1023000
I-005207,O-01474,P-05,3,520000,1560000
I-005208,O-01474,P-04,1,625000,625000
I-005209,O-01475,P-01,3,45000,135000
I-005210,O-01475,P-06,1,341000,341000
I-005211,O-01476,P-10,2,28000,56000
I-005212,O-01476,P-05,1,520000,520000
I-005213,O-01476,P-08,3,36000,108000
I-005214,O-01476,P-07,1,280000,280000
I-005215,O-01476,P-06,1,341000,341000
I-005216,O-01477,P-09,2,47500,95000
I-005217,O-01477,P-10,2,28000,56000
I-005218,O-01477,P-05,3,520000,1560000
I-005219,O-01477,P-03,2,62000,124000
I-005220,O-01477,P-01,3,45000,135000
I-005221,O-01478,P-05,2,520000,1040000
I-005222,O-01478,P-09,1,47500,47500
I-005223,O-01478,P-04,2,625000,1250000
I-005224,O-01479,P-06,2,341000,682000
I-005225,O-01479,P-07,2,280000,560000
I-005226,O-01479,P-02,2,210000,420000
I-005227,O-01480,P-03,3,62000,186000
I-005228,O-01480,P-08,1,36000,36000
I-005229,O-01480,P-09,2,47500,95000
I-005230,O-01480,P-04,3,625000,1875000
I-005231,O-01481,P-07,2,280000,560000
I-005232,O-01481,P-04,2,625000,1250000
I-005233,O-01482,P-06,1,341000,341000
I-005234,O-01482,P-04,3,625000,1875000
I-005235,O-01482,P-09,3,47500,142500
I-005236,O-01482,P-07,1,280000,280000
I-005237,O-01482,P-01,1,45000,45000
I-005238,O-01483,P-05,3,520000,1560000
I-005239,O-01483,P-09,1,47500,47500
I-005240,O-01483,P-07,1,280000,280000
I-005241,O-01484,P-07,3,280000,840000
I-005242,O-01484,P-10,2,28000,56000
I-005243,O-01484,P-03,1,62000,62000
I-005244,O-01484,P-01,1,45000,45000
I-005245,O-01484,P-09,2,47500,95000
I-005246,O-01485,P-01,3,45000,135000
I-005247,O-01485,P-09,2,47500,95000
I-005248,O-01485,P-02,2,210000,420000
I-005249,O-01485,P-06,2,341000,682000
I-005250,O-01486,P-08,1,36000,36000
I-005251,O-01486,P-10,2,28000,56000
I-005252,O-01486,P-09,1,47500,47500
I-005253,O-01487,P-03,2,62000,124000
I-005254,O-01487,P-04,1,625000,625000
I-005255,O-01488,P-06,3,341000,1023000
I-005256,O-01488,P-05,3,520000,1560000
I-005257,O-01488,P-08,3,36000,108000
I-005258,O-01489,P-08,3,36000,108000
I-005259,O-01489,P-06,3,341000,1023000
I-005260,O-01489,P-01,3,45000,135000
I-005261,O-01489,P-02,2,210000,420000
I-005262,O-01490,P-09,1,47500,47500
I-005263,O-01490,P-02,3,210000,630000
I-005264,O-01490,P-07,1,280000,280000
I-005265,O-01490,P-08,1,36000,36000
I-005266,O-01491,P-09,1,47500,47500
I-005267,O-01491,P-05,1,520000,520000
I-005268,O-01492,P-09,3,47500,142500
I-005269,O-01492,P-06,3,341000,1023000
I-005270,O-01492,P-04,2,625000,1250000
I-005271,O-01493,P-09,3,47500,142500
I-005272,O-01493,P-10,3,28000,84000
I-005273,O-01494,P-03,3,62000,186000
I-005274,O-01494,P-05,1,520000,520000
I-005275,O-01495,P-06,1,341000,341000
I-005276,O-01495,P-07,3,280000,840000
I-005277,O-01495,P-01,2,45000,90000
I-005278,O-01496,P-07,3,280000,840000
I-005279,O-01496,P-09,3,47500,142500
I-005280,O-01496,P-01,2,45000,90000
I-005281,O-01496,P-04,2,625000,1250000
I-005282,O-01497,P-07,3,280000,840000
I-005283,O-01497,P-08,3,36000,108000
I-005284,O-01497,P-09,2,47500,95000
I-005285,O-01497,P-05,2,520000,1040000
I-005286,O-01497,P-04,3,625000,1875000
I-005287,O-01498,P-07,3,280000,840000
I-005288,O-01498,P-06,2,341000,682000
I-005289,O-01498,P-02,2,210000,420000
I-005290,O-01498,P-09,3,47500,142500
I-005291,O-01499,P-08,2,36000,72000
I-005292,O-01499,P-05,2,520000,1040000
I-005293,O-01499,P-09,1,47500,47500
I-005294,O-01499,P-04,1,625000,625000
I-005295,O-01500,P-09,2,47500,95000
I-005296,O-01500,P-02,2,210000,420000
I-005297,O-01500,P-06,1,341000,341000
I-005298,O-01501,P-09,2,47500,95000
I-005299,O-01501,P-02,1,210000,210000
I-005300,O-01502,P-06,1,341000,341000
I-005301,O-01502,P-10,2,28000,56000
I-005302,O-01502,P-09,3,47500,142500
I-005303,O-01502,P-08,1,36000,36000
I-005304,O-01502,P-04,3,625000,1875000
I-005305,O-01503,P-03,1,62000,62000
I-005306,O-01503,P-10,3,28000,84000
I-005307,O-01504,P-09,3,47500,142500
I-005308,O-01504,P-10,3,28000,84000
I-005309,O-01504,P-03,3,62000,186000
I-005310,O-01504,P-08,2,36000,72000
I-005311,O-01504,P-06,2,341000,682000
I-005312,O-01505,P-07,3,280000,840000
I-005313,O-01505,P-01,3,45000,135000
I-005314,O-01505,P-02,3,210000,630000
I-005315,O-01505,P-03,3,62000,186000
I-005316,O-01506,P-04,2,625000,1250000
I-005317,O-01506,P-07,1,280000,280000
I-005318,O-01506,P-09,1,47500,47500
I-005319,O-01506,P-02,2,210000,420000
I-005320,O-01507,P-02,2,210000,420000
I-005321,O-01507,P-01,1,45000,45000
I-005322,O-01508,P-04,1,625000,625000
I-005323,O-01508,P-07,3,280000,840000
I-005324,O-01508,P-02,2,210000,420000
I-005325,O-01509,P-02,3,210000,630000
I-005326,O-01509,P-07,3,280000,840000
I-005327,O-01509,P-08,1,36000,36000
I-005328,O-01509,P-05,2,520000,1040000
I-005329,O-01509,P-06,3,341000,1023000
I-005330,O-01510,P-03,1,62000,62000
I-005331,O-01510,P-07,3,280000,840000
I-005332,O-01511,P-02,3,210000,630000
I-005333,O-01511,P-08,3,36000,108000
I-005334,O-01511,P-07,1,280000,280000
I-005335,O-01511,P-01,3,45000,135000
I-005336,O-01511,P-06,1,341000,341000
I-005337,O-01512,P-03,2,62000,124000
I-005338,O-01512,P-05,3,520000,1560000
I-005339,O-01513,P-08,2,36000,72000
I-005340,O-01513,P-04,2,625000,1250000
I-005341,O-01513,P-05,3,520000,1560000
I-005342,O-01514,P-05,3,520000,1560000
I-005343,O-01514,P-04,2,625000,1250000
I-005344,O-01514,P-02,3,210000,630000
I-005345,O-01515,P-03,2,62000,124000
I-005346,O-01515,P-05,1,520000,520000
I-005347,O-01515,P-04,2,625000,1250000
I-005348,O-01516,P-07,3,280000,840000
I-005349,O-01516,P-10,2,28000,56000
I-005350,O-01517,P-08,2,36000,72000
I-005351,O-01517,P-04,3,625000,1875000
I-005352,O-01517,P-05,1,520000,520000
I-005353,O-01517,P-06,3,341000,1023000
I-005354,O-01517,P-09,1,47500,47500
I-005355,O-01518,P-03,1,62000,62000
I-005356,O-01518,P-05,1,520000,520000
I-005357,O-01518,P-08,3,36000,108000
I-005358,O-01519,P-02,3,210000,630000
I-005359,O-01519,P-10,2,28000,56000
I-005360,O-01519,P-06,2,341000,682000
I-005361,O-01519,P-08,3,36000,108000
I-005362,O-01520,P-04,1,625000,625000
I-005363,O-01520,P-02,1,210000,210000
I-005364,O-01520,P-06,1,341000,341000
I-005365,O-01520,P-05,3,520000,1560000
I-005366,O-01521,P-04,2,625000,1250000
I-005367,O-01521,P-02,2,210000,420000
I-005368,O-01521,P-10,1,28000,28000
I-005369,O-01521,P-05,2,520000,1040000
I-005370,O-01521,P-08,2,36000,72000
I-005371,O-01522,P-07,1,280000,280000
I-005372,O-01522,P-02,1,210000,210000
I-005373,O-01522,P-10,3,28000,84000
I-005374,O-01523,P-04,1,625000,625000
I-005375,O-01523,P-03,1,62000,62000
I-005376,O-01524,P-02,2,210000,420000
I-005377,O-01524,P-04,1,625000,625000
I-005378,O-01524,P-10,3,28000,84000
I-005379,O-01525,P-06,1,341000,341000
I-005380,O-01525,P-07,1,280000,280000
I-005381,O-01525,P-04,2,625000,1250000
I-005382,O-01525,P-08,3,36000,108000
I-005383,O-01526,P-01,1,45000,45000
I-005384,O-01526,P-04,1,625000,625000
I-005385,O-01526,P-03,2,62000,124000
I-005386,O-01526,P-09,3,47500,142500
I-005387,O-01526,P-08,2,36000,72000
I-005388,O-01527,P-03,3,62000,186000
I-005389,O-01527,P-06,1,341000,341000
I-005390,O-01528,P-09,3,47500,142500
I-005391,O-01528,P-01,2,45000,90000
I-005392,O-01529,P-05,3,520000,1560000
I-005393,O-01529,P-09,2,47500,95000
I-005394,O-01529,P-03,1,62000,62000
I-005395,O-01529,P-02,3,210000,630000
I-005396,O-01530,P-08,2,36000,72000
I-005397,O-01530,P-09,2,47500,95000
I-005398,O-01530,P-03,3,62000,186000
I-005399,O-01530,P-06,1,341000,341000
I-005400,O-01530,P-10,1,28000,28000
I-005401,O-01531,P-08,1,36000,36000
I-005402,O-01531,P-03,3,62000,186000
I-005403,O-01531,P-06,2,341000,682000
I-005404,O-01531,P-05,3,520000,1560000
I-005405,O-01532,P-03,3,62000,186000
I-005406,O-01532,P-06,2,341000,682000
I-005407,O-01532,P-07,1,280000,280000
I-005408,O-01532,P-08,2,36000,72000
I-005409,O-01532,P-02,3,210000,630000
I-005410,O-01533,P-03,2,62000,124000
I-005411,O-01533,P-01,2,45000,90000
I-005412,O-01533,P-04,3,625000,1875000
I-005413,O-01533,P-10,2,28000,56000
I-005414,O-01534,P-09,2,47500,95000
I-005415,O-01534,P-04,3,625000,1875000
I-005416,O-01534,P-02,1,210000,210000
I-005417,O-01535,P-02,1,210000,210000
I-005418,O-01535,P-09,3,47500,142500
I-005419,O-01536,P-01,3,45000,135000
I-005420,O-01536,P-06,2,341000,682000
I-005421,O-01537,P-07,1,280000,280000
I-005422,O-01537,P-08,3,36000,108000
I-005423,O-01537,P-10,3,28000,84000
I-005424,O-01537,P-02,1,210000,210000
I-005425,O-01537,P-05,2,520000,1040000
I-005426,O-01538,P-07,3,280000,840000
I-005427,O-01538,P-10,3,28000,84000
I-005428,O-01538,P-08,2,36000,72000
I-005429,O-01538,P-05,1,520000,520000
I-005430,O-01538,P-02,3,210000,630000
I-005431,O-01539,P-09,3,47500,142500
I-005432,O-01539,P-08,3,36000,108000
I-005433,O-01539,P-03,1,62000,62000
I-005434,O-01540,P-03,2,62000,124000
I-005435,O-01540,P-09,2,47500,95000
I-005436,O-01540,P-07,3,280000,840000
I-005437,O-01541,P-10,2,28000,56000
I-005438,O-01541,P-03,2,62000,124000
I-005439,O-01541,P-07,1,280000,280000
I-005440,O-01541,P-08,3,36000,108000
I-005441,O-01541,P-01,3,45000,135000
I-005442,O-01542,P-04,1,625000,625000
I-005443,O-01542,P-01,3,45000,135000
I-005444,O-01542,P-02,3,210000,630000
I-005445,O-01543,P-10,1,28000,28000
I-005446,O-01543,P-03,3,62000,186000
I-005447,O-01544,P-06,3,341000,1023000
I-005448,O-01544,P-04,3,625000,1875000
I-005449,O-01544,P-05,2,520000,1040000
I-005450,O-01544,P-02,1,210000,210000
I-005451,O-01545,P-07,3,280000,840000
I-005452,O-01545,P-08,1,36000,36000
I-005453,O-01546,P-04,1,625000,625000
I-005454,O-01546,P-08,1,36000,36000
I-005455,O-01547,P-01,1,45000,45000
I-005456,O-01547,P-10,1,28000,28000
I-005457,O-01548,P-09,1,47500,47500
I-005458,O-01548,P-10,3,28000,84000
I-005459,O-01548,P-03,1,62000,62000
I-005460,O-01548,P-02,1,210000,210000
I-005461,O-01548,P-06,1,341000,341000
I-005462,O-01549,P-09,2,47500,95000
I-005463,O-01549,P-05,1,520000,520000
I-005464,O-01549,P-06,3,341000,1023000
I-005465,O-01549,P-01,3,45000,135000
I-005466,O-01549,P-02,3,210000,630000
I-005467,O-01550,P-02,2,210000,420000
I-005468,O-01550,P-09,1,47500,47500
I-005469,O-01550,P-05,2,520000,1040000
I-005470,O-01550,P-08,3,36000,108000
I-005471,O-01551,P-03,3,62000,186000
I-005472,O-01551,P-07,2,280000,560000
I-005473,O-01551,P-10,1,28000,28000
I-005474,O-01551,P-08,1,36000,36000
I-005475,O-01552,P-01,1,45000,45000
I-005476,O-01552,P-03,1,62000,62000
I-005477,O-01552,P-02,2,210000,420000
I-005478,O-01552,P-05,3,520000,1560000
I-005479,O-01552,P-07,3,280000,840000
I-005480,O-01553,P-09,3,47500,142500
I-005481,O-01553,P-02,2,210000,420000
I-005482,O-01554,P-01,1,45000,45000
I-005483,O-01554,P-05,3,520000,1560000
I-005484,O-01555,P-04,2,625000,1250000
I-005485,O-01555,P-10,2,28000,56000
I-005486,O-01555,P-05,1,520000,520000
I-005487,O-01556,P-02,1,210000,210000
I-005488,O-01556,P-07,2,280000,560000
I-005489,O-01556,P-04,1,625000,625000
I-005490,O-01557,P-08,2,36000,72000
I-005491,O-01557,P-04,3,625000,1875000
I-005492,O-01558,P-08,3,36000,108000
I-005493,O-01558,P-04,3,625000,1875000
I-005494,O-01558,P-03,1,62000,62000
I-005495,O-01559,P-01,2,45000,90000
I-005496,O-01559,P-09,3,47500,142500
I-005497,O-01559,P-02,3,210000,630000
I-005498,O-01560,P-02,1,210000,210000
I-005499,O-01560,P-08,2,36000,72000
I-005500,O-01560,P-07,1,280000,280000
I-005501,O-01561,P-05,1,520000,520000
I-005502,O-01561,P-07,2,280000,560000
I-005503,O-01561,P-10,1,28000,28000
I-005504,O-01562,P-10,3,28000,84000
I-005505,O-01562,P-06,1,341000,341000
I-005506,O-01562,P-04,3,625000,1875000
I-005507,O-01562,P-02,1,210000,210000
I-005508,O-01562,P-05,2,520000,1040000
I-005509,O-01563,P-02,2,210000,420000
I-005510,O-01563,P-05,3,520000,1560000
I-005511,O-01563,P-08,2,36000,72000
I-005512,O-01564,P-05,1,520000,520000
I-005513,O-01564,P-08,3,36000,108000
I-005514,O-01565,P-07,2,280000,560000
I-005515,O-01565,P-05,1,520000,520000
I-005516,O-01565,P-01,1,45000,45000
I-005517,O-01565,P-06,1,341000,341000
I-005518,O-01565,P-02,1,210000,210000
I-005519,O-01566,P-09,1,47500,47500
I-005520,O-01566,P-07,2,280000,560000
I-005521,O-01566,P-10,3,28000,84000
I-005522,O-01566,P-01,2,45000,90000
I-005523,O-01566,P-08,1,36000,36000
I-005524,O-01567,P-02,2,210000,420000
I-005525,O-01567,P-04,2,625000,1250000
I-005526,O-01567,P-10,3,28000,84000
I-005527,O-01567,P-09,2,47500,95000
I-005528,O-01568,P-04,1,625000,625000
I-005529,O-01568,P-08,2,36000,72000
I-005530,O-01569,P-07,2,280000,560000
I-005531,O-01569,P-05,3,520000,1560000
I-005532,O-01570,P-01,1,45000,45000
I-005533,O-01570,P-08,2,36000,72000
I-005534,O-01570,P-02,1,210000,210000
I-005535,O-01570,P-07,3,280000,840000
I-005536,O-01571,P-02,3,210000,630000
I-005537,O-01571,P-06,1,341000,341000
I-005538,O-01572,P-02,1,210000,210000
I-005539,O-01572,P-03,2,62000,124000
I-005540,O-01572,P-08,3,36000,108000
I-005541,O-01573,P-03,3,62000,186000
I-005542,O-01573,P-04,2,625000,1250000
I-005543,O-01573,P-06,1,341000,341000
I-005544,O-01573,P-10,3,28000,84000
I-005545,O-01573,P-07,1,280000,280000
I-005546,O-01574,P-06,3,341000,1023000
I-005547,O-01574,P-07,3,280000,840000
I-005548,O-01574,P-10,2,28000,56000
I-005549,O-01575,P-10,1,28000,28000
I-005550,O-01575,P-03,1,62000,62000
I-005551,O-01575,P-04,3,625000,1875000
I-005552,O-01576,P-10,2,28000,56000
I-005553,O-01576,P-08,1,36000,36000
I-005554,O-01576,P-05,2,520000,1040000
I-005555,O-01577,P-04,2,625000,1250000
I-005556,O-01577,P-07,2,280000,560000
I-005557,O-01578,P-05,1,520000,520000
I-005558,O-01578,P-07,1,280000,280000
I-005559,O-01579,P-01,1,45000,45000
I-005560,O-01579,P-10,3,28000,84000
I-005561,O-01579,P-05,1,520000,520000
I-005562,O-01580,P-01,1,45000,45000
I-005563,O-01580,P-06,3,341000,1023000
I-005564,O-01581,P-06,2,341000,682000
I-005565,O-01581,P-08,1,36000,36000
I-005566,O-01581,P-10,3,28000,84000
I-005567,O-01582,P-02,1,210000,210000
I-005568,O-01582,P-09,1,47500,47500
I-005569,O-01582,P-01,1,45000,45000
I-005570,O-01582,P-03,2,62000,124000
I-005571,O-01582,P-06,3,341000,1023000
I-005572,O-01583,P-07,1,280000,280000
I-005573,O-01583,P-04,1,625000,625000
I-005574,O-01583,P-01,3,45000,135000
I-005575,O-01584,P-09,2,47500,95000
I-005576,O-01584,P-05,1,520000,520000
I-005577,O-01584,P-01,2,45000,90000
I-005578,O-01584,P-06,2,341000,682000
I-005579,O-01585,P-01,3,45000,135000
I-005580,O-01585,P-05,2,520000,1040000
I-005581,O-01586,P-01,1,45000,45000
I-005582,O-01586,P-06,2,341000,682000
I-005583,O-01587,P-06,3,341000,1023000
I-005584,O-01587,P-02,3,210000,630000
I-005585,O-01587,P-08,3,36000,108000
I-005586,O-01588,P-08,2,36000,72000
I-005587,O-01588,P-01,2,45000,90000
I-005588,O-01588,P-06,3,341000,1023000
I-005589,O-01588,P-02,3,210000,630000
I-005590,O-01589,P-06,3,341000,1023000
I-005591,O-01589,P-09,1,47500,47500
I-005592,O-01589,P-03,1,62000,62000
I-005593,O-01589,P-01,2,45000,90000
I-005594,O-01590,P-02,1,210000,210000
I-005595,O-01590,P-07,2,280000,560000
I-005596,O-01590,P-08,1,36000,36000
I-005597,O-01590,P-01,3,45000,135000
I-005598,O-01590,P-03,3,62000,186000
I-005599,O-01591,P-05,2,520000,1040000
I-005600,O-01591,P-04,1,625000,625000
I-005601,O-01591,P-02,3,210000,630000
I-005602,O-01592,P-07,3,280000,840000
I-005603,O-01592,P-05,3,520000,1560000
I-005604,O-01593,P-10,3,28000,84000
I-005605,O-01593,P-02,3,210000,630000
I-005606,O-01594,P-05,3,520000,1560000
I-005607,O-01594,P-02,1,210000,210000
I-005608,O-01594,P-01,1,45000,45000
I-005609,O-01594,P-03,3,62000,186000
I-005610,O-01595,P-03,2,62000,124000
I-005611,O-01595,P-01,1,45000,45000
I-005612,O-01595,P-05,1,520000,520000
I-005613,O-01596,P-05,1,520000,520000
I-005614,O-01596,P-08,3,36000,108000
I-005615,O-01596,P-03,1,62000,62000
I-005616,O-01597,P-02,1,210000,210000
I-005617,O-01597,P-03,3,62000,186000
I-005618,O-01597,P-05,2,520000,1040000
I-005619,O-01598,P-05,3,520000,1560000
I-005620,O-01598,P-08,1,36000,36000
I-005621,O-01598,P-03,2,62000,124000
I-005622,O-01599,P-03,2,62000,124000
I-005623,O-01599,P-05,3,520000,1560000
I-005624,O-01599,P-02,2,210000,420000
I-005625,O-01600,P-04,1,625000,625000
I-005626,O-01600,P-03,2,62000,124000
I-005627,O-01600,P-09,1,47500,47500
I-005628,O-01600,P-06,1,341000,341000
I-005629,O-01600,P-07,1,280000,280000
I-005630,O-01601,P-02,1,210000,210000
I-005631,O-01601,P-04,1,625000,625000
I-005632,O-01601,P-08,3,36000,108000
I-005633,O-01601,P-06,3,341000,1023000
I-005634,O-01601,P-01,1,45000,45000
I-005635,O-01602,P-08,1,36000,36000
I-005636,O-01602,P-09,2,47500,95000
I-005637,O-01602,P-01,3,45000,135000
I-005638,O-01602,P-07,2,280000,560000
I-005639,O-01603,P-10,1,28000,28000
I-005640,O-01603,P-02,3,210000,630000
I-005641,O-01603,P-07,1,280000,280000
I-005642,O-01603,P-03,3,62000,186000
I-005643,O-01604,P-02,2,210000,420000
I-005644,O-01604,P-08,2,36000,72000
I-005645,O-01604,P-01,3,45000,135000
I-005646,O-01605,P-02,1,210000,210000
I-005647,O-01605,P-01,2,45000,90000
I-005648,O-01605,P-06,1,341000,341000
I-005649,O-01605,P-05,3,520000,1560000
I-005650,O-01605,P-07,2,280000,560000
I-005651,O-01606,P-02,2,210000,420000
I-005652,O-01606,P-06,3,341000,1023000
I-005653,O-01606,P-03,3,62000,186000
I-005654,O-01606,P-04,2,625000,1250000
I-005655,O-01607,P-09,2,47500,95000
I-005656,O-01607,P-04,1,625000,625000
I-005657,O-01607,P-08,2,36000,72000
I-005658,O-01607,P-01,3,45000,135000
I-005659,O-01607,P-05,2,520000,1040000
I-005660,O-01608,P-06,3,341000,1023000
I-005661,O-01608,P-09,2,47500,95000
I-005662,O-01609,P-04,3,625000,1875000
I-005663,O-01609,P-07,1,280000,280000
I-005664,O-01609,P-06,2,341000,682000
I-005665,O-01610,P-03,3,62000,186000
I-005666,O-01610,P-07,1,280000,280000
I-005667,O-01610,P-04,3,625000,1875000
I-005668,O-01610,P-06,2,341000,682000
I-005669,O-01610,P-02,2,210000,420000
I-005670,O-01611,P-02,1,210000,210000
I-005671,O-01611,P-04,2,625000,1250000
I-005672,O-01611,P-03,3,62000,186000
I-005673,O-01612,P-09,2,47500,95000
I-005674,O-01612,P-07,3,280000,840000
I-005675,O-01612,P-03,3,62000,186000
I-005676,O-01612,P-04,3,625000,1875000
I-005677,O-01613,P-01,3,45000,135000
I-005678,O-01613,P-04,2,625000,1250000
I-005679,O-01613,P-05,3,520000,1560000
I-005680,O-01613,P-02,1,210000,210000
I-005681,O-01614,P-01,3,45000,135000
I-005682,O-01614,P-02,3,210000,630000
I-005683,O-01614,P-09,3,47500,142500
I-005684,O-01615,P-07,1,280000,280000
I-005685,O-01615,P-08,1,36000,36000
I-005686,O-01615,P-04,1,625000,625000
I-005687,O-01615,P-06,3,341000,1023000
I-005688,O-01616,P-06,3,341000,1023000
I-005689,O-01616,P-01,2,45000,90000
I-005690,O-01617,P-03,2,62000,124000
I-005691,O-01617,P-04,2,625000,1250000
I-005692,O-01617,P-08,3,36000,108000
I-005693,O-01617,P-06,3,341000,1023000
I-005694,O-01618,P-05,3,520000,1560000
I-005695,O-01618,P-06,3,341000,1023000
I-005696,O-01619,P-10,1,28000,28000
I-005697,O-01619,P-05,1,520000,520000
I-005698,O-01619,P-04,2,625000,1250000
I-005699,O-01620,P-07,1,280000,280000
I-005700,O-01620,P-10,2,28000,56000
I-005701,O-01620,P-02,2,210000,420000
I-005702,O-01620,P-08,2,36000,72000
I-005703,O-01621,P-04,2,625000,1250000
I-005704,O-01621,P-08,3,36000,108000
I-005705,O-01621,P-06,2,341000,682000
I-005706,O-01621,P-03,1,62000,62000
I-005707,O-01622,P-09,3,47500,142500
I-005708,O-01622,P-02,1,210000,210000
I-005709,O-01623,P-06,1,341000,341000
I-005710,O-01623,P-03,1,62000,62000
I-005711,O-01623,P-10,2,28000,56000
I-005712,O-01624,P-07,3,280000,840000
I-005713,O-01624,P-01,2,45000,90000
I-005714,O-01624,P-10,2,28000,56000
I-005715,O-01624,P-05,1,520000,520000
I-005716,O-01625,P-02,3,210000,630000
I-005717,O-01625,P-09,2,47500,95000
I-005718,O-01625,P-07,2,280000,560000
I-005719,O-01626,P-09,1,47500,47500
I-005720,O-01626,P-07,3,280000,840000
I-005721,O-01626,P-01,1,45000,45000
I-005722,O-01626,P-06,1,341000,341000
I-005723,O-01626,P-04,2,625000,1250000
I-005724,O-01627,P-01,3,45000,135000
I-005725,O-01627,P-06,1,341000,341000
I-005726,O-01627,P-10,2,28000,56000
I-005727,O-01627,P-04,3,625000,1875000
I-005728,O-01627,P-03,2,62000,124000
I-005729,O-01628,P-01,3,45000,135000
I-005730,O-01628,P-02,2,210000,420000
I-005731,O-01629,P-10,3,28000,84000
I-005732,O-01629,P-06,3,341000,1023000
I-005733,O-01629,P-04,3,625000,1875000
I-005734,O-01630,P-10,3,28000,84000
I-005735,O-01630,P-06,1,341000,341000
I-005736,O-01630,P-02,2,210000,420000
I-005737,O-01630,P-08,2,36000,72000
I-005738,O-01631,P-03,1,62000,62000
I-005739,O-01631,P-08,2,36000,72000
I-005740,O-01631,P-01,2,45000,90000
I-005741,O-01631,P-05,3,520000,1560000
I-005742,O-01631,P-04,3,625000,1875000
I-005743,O-01632,P-10,3,28000,84000
I-005744,O-01632,P-09,3,47500,142500
I-005745,O-01633,P-05,1,520000,520000
I-005746,O-01633,P-09,3,47500,142500
I-005747,O-01633,P-01,3,45000,135000
I-005748,O-01633,P-08,1,36000,36000
I-005749,O-01633,P-10,2,28000,56000
I-005750,O-01634,P-06,3,341000,1023000
I-005751,O-01634,P-01,3,45000,135000
I-005752,O-01634,P-05,3,520000,1560000
I-005753,O-01634,P-02,2,210000,420000
I-005754,O-01635,P-10,3,28000,84000
I-005755,O-01635,P-04,3,625000,1875000
I-005756,O-01635,P-09,2,47500,95000
I-005757,O-01636,P-08,2,36000,72000
I-005758,O-01636,P-07,2,280000,560000
I-005759,O-01636,P-04,3,625000,1875000
I-005760,O-01636,P-06,1,341000,341000
I-005761,O-01636,P-02,2,210000,420000
I-005762,O-01637,P-09,1,47500,47500
I-005763,O-01637,P-06,3,341000,1023000
I-005764,O-01637,P-10,1,28000,28000
I-005765,O-01637,P-03,2,62000,124000
I-005766,O-01638,P-09,2,47500,95000
I-005767,O-01638,P-01,3,45000,135000
I-005768,O-01638,P-06,2,341000,682000
I-005769,O-01638,P-03,1,62000,62000
I-005770,O-01639,P-10,1,28000,28000
I-005771,O-01639,P-07,2,280000,560000
I-005772,O-01639,P-09,3,47500,142500
I-005773,O-01639,P-05,2,520000,1040000
I-005774,O-01640,P-02,1,210000,210000
I-005775,O-01640,P-08,2,36000,72000
I-005776,O-01641,P-10,2,28000,56000
I-005777,O-01641,P-06,3,341000,1023000
I-005778,O-01641,P-09,2,47500,95000
I-005779,O-01642,P-05,2,520000,1040000
I-005780,O-01642,P-09,1,47500,47500
I-005781,O-01642,P-03,2,62000,124000
I-005782,O-01642,P-02,3,210000,630000
I-005783,O-01642,P-07,3,280000,840000
I-005784,O-01643,P-03,2,62000,124000
I-005785,O-01643,P-02,2,210000,420000
I-005786,O-01644,P-09,3,47500,142500
I-005787,O-01644,P-03,1,62000,62000
I-005788,O-01645,P-01,1,45000,45000
I-005789,O-01645,P-06,3,341000,1023000
I-005790,O-01645,P-08,2,36000,72000
I-005791,O-01646,P-10,2,28000,56000
I-005792,O-01646,P-02,3,210000,630000
I-005793,O-01646,P-07,1,280000,280000
I-005794,O-01646,P-03,2,62000,124000
I-005795,O-01646,P-06,1,341000,341000
I-005796,O-01647,P-02,2,210000,420000
I-005797,O-01647,P-08,3,36000,108000
I-005798,O-01647,P-04,3,625000,1875000
I-005799,O-01647,P-09,3,47500,142500
I-005800,O-01647,P-07,3,280000,840000
I-005801,O-01648,P-06,1,341000,341000
I-005802,O-01648,P-05,1,520000,520000
I-005803,O-01649,P-04,3,625000,1875000
I-005804,O-01649,P-08,1,36000,36000
I-005805,O-01650,P-01,3,45000,135000
I-005806,O-01650,P-10,3,28000,84000
I-005807,O-01650,P-02,1,210000,210000
I-005808,O-01650,P-06,1,341000,341000
I-005809,O-01651,P-07,1,280000,280000
I-005810,O-01651,P-10,2,28000,56000
I-005811,O-01652,P-05,2,520000,1040000
I-005812,O-01652,P-08,2,36000,72000
I-005813,O-01652,P-03,3,62000,186000
I-005814,O-01653,P-02,3,210000,630000
I-005815,O-01653,P-06,1,341000,341000
I-005816,O-01653,P-05,1,520000,520000
I-005817,O-01654,P-05,3,520000,1560000
I-005818,O-01654,P-10,2,28000,56000
I-005819,O-01654,P-07,1,280000,280000
I-005820,O-01654,P-01,1,45000,45000
I-005821,O-01654,P-08,1,36000,36000
I-005822,O-01655,P-03,2,62000,124000
I-005823,O-01655,P-02,2,210000,420000
I-005824,O-01655,P-08,2,36000,72000
I-005825,O-01655,P-04,1,625000,625000
I-005826,O-01656,P-08,3,36000,108000
I-005827,O-01656,P-03,2,62000,124000
I-005828,O-01657,P-08,3,36000,108000
I-005829,O-01657,P-05,1,520000,520000
I-005830,O-01657,P-07,3,280000,840000
I-005831,O-01658,P-06,3,341000,1023000
I-005832,O-01658,P-05,2,520000,1040000
I-005833,O-01658,P-01,1,45000,45000
I-005834,O-01658,P-09,2,47500,95000
I-005835,O-01659,P-09,2,47500,95000
I-005836,O-01659,P-03,1,62000,62000
I-005837,O-01659,P-07,2,280000,560000
I-005838,O-01659,P-02,1,210000,210000
I-005839,O-01659,P-08,1,36000,36000
I-005840,O-01660,P-10,3,28000,84000
I-005841,O-01660,P-06,2,341000,682000
I-005842,O-01660,P-07,3,280000,840000
I-005843,O-01660,P-04,3,625000,1875000
I-005844,O-01660,P-03,1,62000,62000
I-005845,O-01661,P-08,2,36000,72000
I-005846,O-01661,P-04,1,625000,625000
I-005847,O-01661,P-09,1,47500,47500
I-005848,O-01662,P-04,3,625000,1875000
I-005849,O-01662,P-02,1,210000,210000
I-005850,O-01663,P-01,2,45000,90000
I-005851,O-01663,P-05,2,520000,1040000
I-005852,O-01664,P-04,3,625000,1875000
I-005853,O-01664,P-09,1,47500,47500
I-005854,O-01664,P-02,1,210000,210000
I-005855,O-01664,P-01,3,45000,135000
I-005856,O-01665,P-04,1,625000,625000
I-005857,O-01665,P-10,3,28000,84000
I-005858,O-01665,P-09,1,47500,47500
I-005859,O-01666,P-10,3,28000,84000
I-005860,O-01666,P-09,1,47500,47500
I-005861,O-01666,P-07,2,280000,560000
I-005862,O-01667,P-04,1,625000,625000
I-005863,O-01667,P-08,2,36000,72000
I-005864,O-01667,P-01,2,45000,90000
I-005865,O-01667,P-09,3,47500,142500
I-005866,O-01667,P-10,1,28000,28000
I-005867,O-01668,P-07,2,280000,560000
I-005868,O-01668,P-04,1,625000,625000
I-005869,O-01668,P-02,1,210000,210000
I-005870,O-01668,P-01,3,45000,135000
I-005871,O-01669,P-01,2,45000,90000
I-005872,O-01669,P-05,2,520000,1040000
I-005873,O-01670,P-02,3,210000,630000
I-005874,O-01670,P-09,1,47500,47500
I-005875,O-01671,P-01,1,45000,45000
I-005876,O-01671,P-03,3,62000,186000
I-005877,O-01671,P-10,1,28000,28000
I-005878,O-01672,P-03,3,62000,186000
I-005879,O-01672,P-02,2,210000,420000
I-005880,O-01672,P-09,3,47500,142500
I-005881,O-01672,P-07,1,280000,280000
I-005882,O-01673,P-09,3,47500,142500
I-005883,O-01673,P-02,3,210000,630000
I-005884,O-01674,P-07,3,280000,840000
I-005885,O-01674,P-08,1,36000,36000
I-005886,O-01674,P-02,1,210000,210000
I-005887,O-01675,P-02,2,210000,420000
I-005888,O-01675,P-01,3,45000,135000
I-005889,O-01675,P-06,2,341000,682000
I-005890,O-01676,P-02,2,210000,420000
I-005891,O-01676,P-04,2,625000,1250000
I-005892,O-01676,P-10,2,28000,56000
I-005893,O-01676,P-01,2,45000,90000
I-005894,O-01676,P-06,2,341000,682000
I-005895,O-01677,P-09,2,47500,95000
I-005896,O-01677,P-05,1,520000,520000
I-005897,O-01677,P-10,2,28000,56000
I-005898,O-01678,P-05,2,520000,1040000
I-005899,O-01678,P-02,2,210000,420000
I-005900,O-01678,P-01,1,45000,45000
I-005901,O-01678,P-04,3,625000,1875000
I-005902,O-01678,P-09,3,47500,142500
I-005903,O-01679,P-07,1,280000,280000
I-005904,O-01679,P-01,1,45000,45000
I-005905,O-01679,P-05,1,520000,520000
I-005906,O-01680,P-06,1,341000,341000
I-005907,O-01680,P-02,1,210000,210000
I-005908,O-01681,P-09,2,47500,95000
I-005909,O-01681,P-07,3,280000,840000
I-005910,O-01682,P-10,2,28000,56000
I-005911,O-01682,P-09,2,47500,95000
I-005912,O-01682,P-06,2,341000,682000
I-005913,O-01682,P-04,3,625000,1875000
I-005914,O-01683,P-06,3,341000,1023000
I-005915,O-01683,P-02,1,210000,210000
I-005916,O-01683,P-07,2,280000,560000
I-005917,O-01684,P-03,2,62000,124000
I-005918,O-01684,P-01,1,45000,45000
I-005919,O-01685,P-02,2,210000,420000
I-005920,O-01685,P-04,3,625000,1875000
I-005921,O-01686,P-01,2,45000,90000
I-005922,O-01686,P-07,1,280000,280000
I-005923,O-01686,P-06,3,341000,1023000
I-005924,O-01686,P-03,1,62000,62000
I-005925,O-01687,P-01,3,45000,135000
I-005926,O-01687,P-10,2,28000,56000
I-005927,O-01687,P-02,1,210000,210000
I-005928,O-01688,P-04,3,625000,1875000
I-005929,O-01688,P-10,1,28000,28000
I-005930,O-01688,P-05,3,520000,1560000
I-005931,O-01688,P-07,2,280000,560000
I-005932,O-01688,P-02,3,210000,630000
I-005933,O-01689,P-08,3,36000,108000
I-005934,O-01689,P-02,3,210000,630000
I-005935,O-01690,P-05,1,520000,520000
I-005936,O-01690,P-07,2,280000,560000
I-005937,O-01690,P-04,1,625000,625000
I-005938,O-01690,P-02,1,210000,210000
I-005939,O-01691,P-05,2,520000,1040000
I-005940,O-01691,P-04,1,625000,625000
I-005941,O-01691,P-01,3,45000,135000
I-005942,O-01691,P-07,1,280000,280000
I-005943,O-01691,P-02,3,210000,630000
I-005944,O-01692,P-06,1,341000,341000
I-005945,O-01692,P-03,1,62000,62000
I-005946,O-01692,P-10,3,28000,84000
I-005947,O-01693,P-07,3,280000,840000
I-005948,O-01693,P-06,1,341000,341000
I-005949,O-01693,P-10,2,28000,56000
I-005950,O-01693,P-01,2,45000,90000
I-005951,O-01694,P-05,3,520000,1560000
I-005952,O-01694,P-06,3,341000,1023000
I-005953,O-01694,P-07,3,280000,840000
I-005954,O-01695,P-02,1,210000,210000
I-005955,O-01695,P-03,1,62000,62000
I-005956,O-01696,P-04,2,625000,1250000
I-005957,O-01696,P-08,1,36000,36000
I-005958,O-01697,P-09,1,47500,47500
I-005959,O-01697,P-02,3,210000,630000
I-005960,O-01698,P-07,2,280000,560000
I-005961,O-01698,P-05,1,520000,520000
I-005962,O-01698,P-08,2,36000,72000
I-005963,O-01698,P-01,3,45000,135000
I-005964,O-01699,P-01,3,45000,135000
I-005965,O-01699,P-02,1,210000,210000
I-005966,O-01699,P-08,3,36000,108000
I-005967,O-01700,P-02,1,210000,210000
I-005968,O-01700,P-08,3,36000,108000
I-005969,O-01700,P-06,1,341000,341000
I-005970,O-01700,P-05,2,520000,1040000
I-005971,O-01700,P-03,2,62000,124000
I-005972,O-01701,P-08,3,36000,108000
I-005973,O-01701,P-07,2,280000,560000
I-005974,O-01701,P-04,1,625000,625000
I-005975,O-01701,P-06,2,341000,682000
I-005976,O-01701,P-10,2,28000,56000
I-005977,O-01702,P-02,2,210000,420000
I-005978,O-01702,P-07,2,280000,560000
I-005979,O-01702,P-10,2,28000,56000
I-005980,O-01703,P-07,2,280000,560000
I-005981,O-01703,P-10,2,28000,56000
I-005982,O-01703,P-06,1,341000,341000
I-005983,O-01703,P-03,2,62000,124000
I-005984,O-01704,P-02,2,210000,420000
I-005985,O-01704,P-07,3,280000,840000
I-005986,O-01704,P-01,1,45000,45000
I-005987,O-01705,P-04,1,625000,625000
I-005988,O-01705,P-02,3,210000,630000
I-005989,O-01705,P-10,1,28000,28000
I-005990,O-01705,P-09,1,47500,47500
I-005991,O-01706,P-09,2,47500,95000
I-005992,O-01706,P-10,1,28000,28000
I-005993,O-01706,P-07,2,280000,560000
I-005994,O-01707,P-03,2,62000,124000
I-005995,O-01707,P-07,1,280000,280000
I-005996,O-01707,P-09,3,47500,142500
I-005997,O-01708,P-08,2,36000,72000
I-005998,O-01708,P-06,3,341000,1023000
I-005999,O-01708,P-02,2,210000,420000
I-006000,O-01708,P-01,2,45000,90000
I-006001,O-01709,P-07,1,280000,280000
I-006002,O-01709,P-06,3,341000,1023000
I-006003,O-01709,P-09,2,47500,95000
I-006004,O-01709,P-01,3,45000,135000
I-006005,O-01710,P-07,3,280000,840000
I-006006,O-01710,P-03,2,62000,124000
I-006007,O-01710,P-10,3,28000,84000
I-006008,O-01710,P-02,3,210000,630000
I-006009,O-01710,P-04,2,625000,1250000
I-006010,O-01711,P-04,3,625000,1875000
I-006011,O-01711,P-10,1,28000,28000
I-006012,O-01711,P-07,3,280000,840000
I-006013,O-01711,P-05,3,520000,1560000
I-006014,O-01712,P-06,2,341000,682000
I-006015,O-01712,P-03,1,62000,62000
I-006016,O-01713,P-07,2,280000,560000
I-006017,O-01713,P-05,2,520000,1040000
I-006018,O-01714,P-05,1,520000,520000
I-006019,O-01714,P-02,3,210000,630000
I-006020,O-01715,P-05,2,520000,1040000
I-006021,O-01715,P-03,3,62000,186000
I-006022,O-01716,P-03,1,62000,62000
I-006023,O-01716,P-05,3,520000,1560000
I-006024,O-01716,P-10,2,28000,56000
I-006025,O-01716,P-08,2,36000,72000
I-006026,O-01716,P-01,3,45000,135000
I-006027,O-01717,P-08,1,36000,36000
I-006028,O-01717,P-10,2,28000,56000
I-006029,O-01717,P-05,1,520000,520000
I-006030,O-01717,P-04,2,625000,1250000
I-006031,O-01718,P-09,3,47500,142500
I-006032,O-01718,P-07,2,280000,560000
I-006033,O-01719,P-02,1,210000,210000
I-006034,O-01719,P-08,2,36000,72000
I-006035,O-01720,P-02,1,210000,210000
I-006036,O-01720,P-01,1,45000,45000
I-006037,O-01720,P-08,2,36000,72000
I-006038,O-01721,P-01,3,45000,135000
I-006039,O-01721,P-03,2,62000,124000
I-006040,O-01721,P-04,2,625000,1250000
I-006041,O-01721,P-06,1,341000,341000
I-006042,O-01722,P-03,1,62000,62000
I-006043,O-01722,P-05,2,520000,1040000
I-006044,O-01722,P-09,2,47500,95000
I-006045,O-01723,P-05,3,520000,1560000
I-006046,O-01723,P-06,2,341000,682000
I-006047,O-01724,P-10,3,28000,84000
I-006048,O-01724,P-05,1,520000,520000
I-006049,O-01725,P-08,2,36000,72000
I-006050,O-01725,P-10,3,28000,84000
I-006051,O-01726,P-01,1,45000,45000
I-006052,O-01726,P-04,1,625000,625000
I-006053,O-01726,P-03,3,62000,186000
I-006054,O-01726,P-06,1,341000,341000
I-006055,O-01727,P-09,2,47500,95000
I-006056,O-01727,P-10,3,28000,84000
I-006057,O-01727,P-08,2,36000,72000
I-006058,O-01728,P-08,3,36000,108000
I-006059,O-01728,P-03,2,62000,124000
I-006060,O-01728,P-09,1,47500,47500
I-006061,O-01729,P-05,3,520000,1560000
I-006062,O-01729,P-09,1,47500,47500
I-006063,O-01729,P-06,1,341000,341000
I-006064,O-01730,P-01,2,45000,90000
I-006065,O-01730,P-06,1,341000,341000
I-006066,O-01730,P-02,3,210000,630000
I-006067,O-01730,P-09,2,47500,95000
I-006068,O-01731,P-09,3,47500,142500
I-006069,O-01731,P-01,2,45000,90000
I-006070,O-01731,P-07,1,280000,280000
I-006071,O-01731,P-04,2,625000,1250000
I-006072,O-01731,P-10,1,28000,28000
I-006073,O-01732,P-06,1,341000,341000
I-006074,O-01732,P-03,2,62000,124000
I-006075,O-01732,P-10,2,28000,56000
I-006076,O-01732,P-02,3,210000,630000
I-006077,O-01733,P-06,1,341000,341000
I-006078,O-01733,P-10,3,28000,84000
I-006079,O-01733,P-08,1,36000,36000
I-006080,O-01733,P-05,2,520000,1040000
I-006081,O-01733,P-07,2,280000,560000
I-006082,O-01734,P-02,2,210000,420000
I-006083,O-01734,P-08,3,36000,108000
I-006084,O-01734,P-10,1,28000,28000
I-006085,O-01735,P-07,1,280000,280000
I-006086,O-01735,P-08,2,36000,72000
I-006087,O-01735,P-03,2,62000,124000
I-006088,O-01736,P-04,3,625000,1875000
I-006089,O-01736,P-05,1,520000,520000
I-006090,O-01736,P-01,1,45000,45000
I-006091,O-01736,P-02,1,210000,210000
I-006092,O-01737,P-07,1,280000,280000
I-006093,O-01737,P-03,1,62000,62000
I-006094,O-01737,P-02,1,210000,210000
I-006095,O-01737,P-01,1,45000,45000
I-006096,O-01737,P-04,1,625000,625000
I-006097,O-01738,P-07,2,280000,560000
I-006098,O-01738,P-10,2,28000,56000
I-006099,O-01739,P-05,2,520000,1040000
I-006100,O-01739,P-10,2,28000,56000
I-006101,O-01740,P-01,2,45000,90000
I-006102,O-01740,P-05,1,520000,520000
I-006103,O-01740,P-09,2,47500,95000
I-006104,O-01740,P-10,2,28000,56000
I-006105,O-01741,P-05,2,520000,1040000
I-006106,O-01741,P-02,1,210000,210000
I-006107,O-01741,P-03,2,62000,124000
I-006108,O-01741,P-08,3,36000,108000
I-006109,O-01741,P-07,3,280000,840000
I-006110,O-01742,P-05,2,520000,1040000
I-006111,O-01742,P-06,3,341000,1023000
I-006112,O-01743,P-06,3,341000,1023000
I-006113,O-01743,P-04,3,625000,1875000
I-006114,O-01744,P-04,3,625000,1875000
I-006115,O-01744,P-03,2,62000,124000
I-006116,O-01744,P-08,3,36000,108000
I-006117,O-01744,P-06,2,341000,682000
I-006118,O-01744,P-10,1,28000,28000
I-006119,O-01745,P-07,1,280000,280000
I-006120,O-01745,P-04,3,625000,1875000
I-006121,O-01745,P-02,1,210000,210000
I-006122,O-01745,P-10,3,28000,84000
I-006123,O-01746,P-06,3,341000,1023000
I-006124,O-01746,P-07,3,280000,840000
I-006125,O-01747,P-08,2,36000,72000
I-006126,O-01747,P-05,2,520000,1040000
I-006127,O-01747,P-03,3,62000,186000
I-006128,O-01748,P-06,3,341000,1023000
I-006129,O-01748,P-05,3,520000,1560000
I-006130,O-01749,P-02,1,210000,210000
I-006131,O-01749,P-06,1,341000,341000
I-006132,O-01749,P-01,3,45000,135000
I-006133,O-01749,P-03,1,62000,62000
I-006134,O-01749,P-07,2,280000,560000
I-006135,O-01750,P-09,3,47500,142500
I-006136,O-01750,P-08,2,36000,72000
I-006137,O-01751,P-02,1,210000,210000
I-006138,O-01751,P-05,2,520000,1040000
I-006139,O-01752,P-03,3,62000,186000
I-006140,O-01752,P-05,2,520000,1040000
I-006141,O-01752,P-04,1,625000,625000
I-006142,O-01752,P-08,1,36000,36000
I-006143,O-01752,P-02,3,210000,630000
I-006144,O-01753,P-07,2,280000,560000
I-006145,O-01753,P-10,3,28000,84000
I-006146,O-01753,P-02,1,210000,210000
I-006147,O-01754,P-05,1,520000,520000
I-006148,O-01754,P-02,3,210000,630000
I-006149,O-01754,P-06,1,341000,341000
I-006150,O-01754,P-04,1,625000,625000
I-006151,O-01754,P-10,2,28000,56000
I-006152,O-01755,P-05,3,520000,1560000
I-006153,O-01755,P-06,1,341000,341000
I-006154,O-01755,P-09,3,47500,142500
I-006155,O-01756,P-06,3,341000,1023000
I-006156,O-01756,P-04,3,625000,1875000
I-006157,O-01756,P-07,2,280000,560000
I-006158,O-01756,P-09,1,47500,47500
I-006159,O-01756,P-03,3,62000,186000
I-006160,O-01757,P-02,1,210000,210000
I-006161,O-01757,P-04,1,625000,625000
I-006162,O-01758,P-10,3,28000,84000
I-006163,O-01758,P-06,2,341000,682000
I-006164,O-01758,P-02,1,210000,210000
I-006165,O-01759,P-08,2,36000,72000
I-006166,O-01759,P-01,2,45000,90000
I-006167,O-01759,P-03,1,62000,62000
I-006168,O-01760,P-10,3,28000,84000
I-006169,O-01760,P-08,2,36000,72000
I-006170,O-01760,P-01,2,45000,90000
I-006171,O-01760,P-04,2,625000,1250000
I-006172,O-01760,P-02,2,210000,420000
I-006173,O-01761,P-02,2,210000,420000
I-006174,O-01761,P-06,1,341000,341000
I-006175,O-01762,P-04,3,625000,1875000
I-006176,O-01762,P-03,1,62000,62000
I-006177,O-01763,P-10,1,28000,28000
I-006178,O-01763,P-04,3,625000,1875000
I-006179,O-01763,P-09,1,47500,47500
I-006180,O-01764,P-06,2,341000,682000
I-006181,O-01764,P-03,3,62000,186000
I-006182,O-01764,P-09,2,47500,95000
I-006183,O-01765,P-04,1,625000,625000
I-006184,O-01765,P-06,3,341000,1023000
I-006185,O-01765,P-07,3,280000,840000
I-006186,O-01765,P-09,1,47500,47500
I-006187,O-01765,P-10,1,28000,28000
I-006188,O-01766,P-02,2,210000,420000
I-006189,O-01766,P-07,1,280000,280000
I-006190,O-01767,P-09,2,47500,95000
I-006191,O-01767,P-02,2,210000,420000
I-006192,O-01767,P-05,3,520000,1560000
I-006193,O-01768,P-07,3,280000,840000
I-006194,O-01768,P-08,2,36000,72000
I-006195,O-01768,P-05,1,520000,520000
I-006196,O-01768,P-04,2,625000,1250000
I-006197,O-01768,P-02,2,210000,420000
I-006198,O-01769,P-05,3,520000,1560000
I-006199,O-01769,P-09,2,47500,95000
I-006200,O-01770,P-07,1,280000,280000
I-006201,O-01770,P-03,2,62000,124000
I-006202,O-01770,P-06,3,341000,1023000
I-006203,O-01770,P-10,3,28000,84000
I-006204,O-01771,P-02,3,210000,630000
I-006205,O-01771,P-01,1,45000,45000
I-006206,O-01771,P-10,1,28000,28000
I-006207,O-01772,P-02,2,210000,420000
I-006208,O-01772,P-09,3,47500,142500
I-006209,O-01773,P-01,1,45000,45000
I-006210,O-01773,P-06,3,341000,1023000
I-006211,O-01774,P-05,2,520000,1040000
I-006212,O-01774,P-08,2,36000,72000
I-006213,O-01775,P-09,3,47500,142500
I-006214,O-01775,P-04,3,625000,1875000
I-006215,O-01775,P-03,2,62000,124000
I-006216,O-01775,P-07,1,280000,280000
I-006217,O-01776,P-08,3,36000,108000
I-006218,O-01776,P-04,2,625000,1250000
I-006219,O-01776,P-01,1,45000,45000
I-006220,O-01777,P-01,1,45000,45000
I-006221,O-01777,P-05,2,520000,1040000
I-006222,O-01777,P-09,1,47500,47500
I-006223,O-01778,P-07,2,280000,560000
I-006224,O-01778,P-02,2,210000,420000
I-006225,O-01778,P-08,2,36000,72000
I-006226,O-01779,P-02,1,210000,210000
I-006227,O-01779,P-05,1,520000,520000
I-006228,O-01779,P-09,2,47500,95000
I-006229,O-01779,P-06,3,341000,1023000
I-006230,O-01780,P-06,1,341000,341000
I-006231,O-01780,P-03,2,62000,124000
I-006232,O-01781,P-07,3,280000,840000
I-006233,O-01781,P-09,1,47500,47500
I-006234,O-01781,P-03,1,62000,62000
I-006235,O-01782,P-08,3,36000,108000
I-006236,O-01782,P-05,2,520000,1040000
I-006237,O-01782,P-09,2,47500,95000
I-006238,O-01783,P-05,3,520000,1560000
I-006239,O-01783,P-08,2,36000,72000
I-006240,O-01783,P-02,3,210000,630000
I-006241,O-01784,P-04,1,625000,625000
I-006242,O-01784,P-03,1,62000,62000
I-006243,O-01784,P-06,3,341000,1023000
I-006244,O-01784,P-01,3,45000,135000
I-006245,O-01785,P-07,1,280000,280000
I-006246,O-01785,P-01,3,45000,135000
I-006247,O-01785,P-03,2,62000,124000
I-006248,O-01785,P-02,3,210000,630000
I-006249,O-01786,P-04,3,625000,1875000
I-006250,O-01786,P-01,2,45000,90000
I-006251,O-01786,P-03,2,62000,124000
I-006252,O-01786,P-06,3,341000,1023000
I-006253,O-01787,P-05,2,520000,1040000
I-006254,O-01787,P-02,2,210000,420000
I-006255,O-01787,P-09,3,47500,142500
I-006256,O-01787,P-03,3,62000,186000
I-006257,O-01787,P-10,1,28000,28000
I-006258,O-01788,P-03,3,62000,186000
I-006259,O-01788,P-05,3,520000,1560000
I-006260,O-01788,P-02,3,210000,630000
I-006261,O-01788,P-10,2,28000,56000
I-006262,O-01788,P-01,3,45000,135000
I-006263,O-01789,P-07,1,280000,280000
I-006264,O-01789,P-08,3,36000,108000
I-006265,O-01789,P-09,1,47500,47500
I-006266,O-01790,P-09,2,47500,95000
I-006267,O-01790,P-07,1,280000,280000
I-006268,O-01790,P-04,1,625000,625000
I-006269,O-01790,P-06,1,341000,341000
I-006270,O-01790,P-03,2,62000,124000
I-006271,O-01791,P-04,3,625000,1875000
I-006272,O-01791,P-03,3,62000,186000
I-006273,O-01792,P-01,1,45000,45000
I-006274,O-01792,P-10,1,28000,28000
I-006275,O-01792,P-06,1,341000,341000
I-006276,O-01793,P-09,1,47500,47500
I-006277,O-01793,P-07,1,280000,280000
I-006278,O-01793,P-08,1,36000,36000
I-006279,O-01793,P-01,3,45000,135000
I-006280,O-01794,P-04,2,625000,1250000
I-006281,O-01794,P-03,2,62000,124000
I-006282,O-01795,P-05,1,520000,520000
I-006283,O-01795,P-02,3,210000,630000
I-006284,O-01795,P-08,1,36000,36000
I-006285,O-01796,P-09,3,47500,142500
I-006286,O-01796,P-10,1,28000,28000
I-006287,O-01797,P-06,2,341000,682000
I-006288,O-01797,P-04,3,625000,1875000
I-006289,O-01797,P-05,2,520000,1040000
I-006290,O-01797,P-03,3,62000,186000
I-006291,O-01798,P-09,1,47500,47500
I-006292,O-01798,P-07,2,280000,560000
I-006293,O-01798,P-08,3,36000,108000
I-006294,O-01798,P-02,1,210000,210000
I-006295,O-01799,P-05,1,520000,520000
I-006296,O-01799,P-01,3,45000,135000
I-006297,O-01799,P-09,3,47500,142500
I-006298,O-01799,P-06,2,341000,682000
I-006299,O-01800,P-06,2,341000,682000
I-006300,O-01800,P-10,2,28000,56000
I-006301,O-01800,P-03,1,62000,62000
I-006302,O-01800,P-05,1,520000,520000
I-006303,O-01800,P-01,1,45000,45000
I-006304,O-01801,P-02,3,210000,630000
I-006305,O-01801,P-04,2,625000,1250000
I-006306,O-01801,P-05,1,520000,520000
I-006307,O-01801,P-08,1,36000,36000
I-006308,O-01802,P-08,2,36000,72000
I-006309,O-01802,P-05,3,520000,1560000
I-006310,O-01802,P-06,3,341000,1023000
I-006311,O-01802,P-02,1,210000,210000
I-006312,O-01803,P-09,2,47500,95000
I-006313,O-01803,P-08,2,36000,72000
I-006314,O-01804,P-06,1,341000,341000
I-006315,O-01804,P-02,2,210000,420000
I-006316,O-01804,P-01,2,45000,90000
I-006317,O-01805,P-10,1,28000,28000
I-006318,O-01805,P-08,2,36000,72000
I-006319,O-01805,P-07,1,280000,280000
I-006320,O-01805,P-03,1,62000,62000
I-006321,O-01805,P-09,1,47500,47500
I-006322,O-01806,P-07,1,280000,280000
I-006323,O-01806,P-02,1,210000,210000
I-006324,O-01806,P-03,1,62000,62000
I-006325,O-01806,P-09,3,47500,142500
I-006326,O-01807,P-03,1,62000,62000
I-006327,O-01807,P-01,3,45000,135000
I-006328,O-01807,P-06,2,341000,682000
I-006329,O-01807,P-09,2,47500,95000
I-006330,O-01808,P-07,2,280000,560000
I-006331,O-01808,P-08,3,36000,108000
I-006332,O-01808,P-06,3,341000,1023000
I-006333,O-01809,P-08,1,36000,36000
I-006334,O-01809,P-09,1,47500,47500
I-006335,O-01810,P-07,3,280000,840000
I-006336,O-01810,P-06,1,341000,341000
I-006337,O-01810,P-04,3,625000,1875000
I-006338,O-01811,P-08,2,36000,72000
I-006339,O-01811,P-01,2,45000,90000
I-006340,O-01811,P-07,2,280000,560000
I-006341,O-01811,P-04,3,625000,1875000
I-006342,O-01811,P-10,1,28000,28000
I-006343,O-01812,P-04,3,625000,1875000
I-006344,O-01812,P-08,3,36000,108000
I-006345,O-01812,P-03,2,62000,124000
I-006346,O-01812,P-05,1,520000,520000
I-006347,O-01813,P-01,3,45000,135000
I-006348,O-01813,P-07,3,280000,840000
I-006349,O-01813,P-08,1,36000,36000
I-006350,O-01813,P-09,1,47500,47500
I-006351,O-01813,P-03,1,62000,62000
I-006352,O-01814,P-02,1,210000,210000
I-006353,O-01814,P-05,1,520000,520000
I-006354,O-01814,P-09,2,47500,95000
I-006355,O-01815,P-09,2,47500,95000
I-006356,O-01815,P-06,3,341000,1023000
I-006357,O-01815,P-08,2,36000,72000
I-006358,O-01815,P-07,1,280000,280000
I-006359,O-01815,P-04,3,625000,1875000
I-006360,O-01816,P-04,3,625000,1875000
I-006361,O-01816,P-03,1,62000,62000
I-006362,O-01816,P-10,2,28000,56000
I-006363,O-01816,P-07,2,280000,560000
I-006364,O-01816,P-09,1,47500,47500
I-006365,O-01817,P-09,2,47500,95000
I-006366,O-01817,P-02,2,210000,420000
I-006367,O-01817,P-06,3,341000,1023000
I-006368,O-01818,P-02,1,210000,210000
I-006369,O-01818,P-01,1,45000,45000
I-006370,O-01818,P-06,2,341000,682000
I-006371,O-01818,P-07,2,280000,560000
I-006372,O-01818,P-10,2,28000,56000
I-006373,O-01819,P-10,3,28000,84000
I-006374,O-01819,P-05,2,520000,1040000
I-006375,O-01819,P-04,2,625000,1250000
I-006376,O-01819,P-06,1,341000,341000
I-006377,O-01819,P-01,3,45000,135000
I-006378,O-01820,P-04,1,625000,625000
I-006379,O-01820,P-08,1,36000,36000
I-006380,O-01820,P-01,1,45000,45000
I-006381,O-01820,P-10,1,28000,28000
I-006382,O-01820,P-02,1,210000,210000
I-006383,O-01821,P-06,1,341000,341000
I-006384,O-01821,P-09,1,47500,47500
I-006385,O-01821,P-05,2,520000,1040000
I-006386,O-01821,P-04,2,625000,1250000
I-006387,O-01822,P-05,1,520000,520000
I-006388,O-01822,P-09,3,47500,142500
I-006389,O-01823,P-09,3,47500,142500
I-006390,O-01823,P-10,1,28000,28000
I-006391,O-01823,P-04,1,625000,625000
I-006392,O-01823,P-06,3,341000,1023000
I-006393,O-01824,P-02,3,210000,630000
I-006394,O-01824,P-03,3,62000,186000
I-006395,O-01824,P-06,1,341000,341000
I-006396,O-01825,P-09,2,47500,95000
I-006397,O-01825,P-01,2,45000,90000
I-006398,O-01826,P-04,2,625000,1250000
I-006399,O-01826,P-10,2,28000,56000
I-006400,O-01826,P-05,1,520000,520000
I-006401,O-01826,P-08,1,36000,36000
I-006402,O-01826,P-03,1,62000,62000
I-006403,O-01827,P-02,3,210000,630000
I-006404,O-01827,P-10,3,28000,84000
I-006405,O-01828,P-08,3,36000,108000
I-006406,O-01828,P-10,2,28000,56000
I-006407,O-01829,P-01,3,45000,135000
I-006408,O-01829,P-09,2,47500,95000
I-006409,O-01829,P-04,3,625000,1875000
I-006410,O-01829,P-02,1,210000,210000
I-006411,O-01830,P-09,1,47500,47500
I-006412,O-01830,P-06,1,341000,341000
I-006413,O-01831,P-04,2,625000,1250000
I-006414,O-01831,P-09,2,47500,95000
I-006415,O-01831,P-05,1,520000,520000
I-006416,O-01831,P-03,2,62000,124000
I-006417,O-01832,P-02,3,210000,630000
I-006418,O-01832,P-07,2,280000,560000
I-006419,O-01832,P-06,2,341000,682000
I-006420,O-01833,P-01,1,45000,45000
I-006421,O-01833,P-03,2,62000,124000
I-006422,O-01833,P-05,1,520000,520000
I-006423,O-01833,P-10,1,28000,28000
I-006424,O-01833,P-09,3,47500,142500
I-006425,O-01834,P-09,2,47500,95000
I-006426,O-01834,P-03,1,62000,62000
I-006427,O-01835,P-09,3,47500,142500
I-006428,O-01835,P-07,3,280000,840000
I-006429,O-01835,P-06,1,341000,341000
I-006430,O-01835,P-04,2,625000,1250000
I-006431,O-01836,P-09,3,47500,142500
I-006432,O-01836,P-03,2,62000,124000
I-006433,O-01836,P-08,3,36000,108000
I-006434,O-01836,P-02,2,210000,420000
I-006435,O-01836,P-10,1,28000,28000
I-006436,O-01837,P-01,1,45000,45000
I-006437,O-01837,P-10,2,28000,56000
I-006438,O-01837,P-04,2,625000,1250000
I-006439,O-01838,P-09,2,47500,95000
I-006440,O-01838,P-04,3,625000,1875000
I-006441,O-01838,P-03,3,62000,186000
I-006442,O-01838,P-10,1,28000,28000
I-006443,O-01839,P-05,2,520000,1040000
I-006444,O-01839,P-09,3,47500,142500
I-006445,O-01840,P-02,1,210000,210000
I-006446,O-01840,P-08,3,36000,108000
I-006447,O-01840,P-10,1,28000,28000
I-006448,O-01840,P-05,2,520000,1040000
I-006449,O-01840,P-01,1,45000,45000
I-006450,O-01841,P-03,2,62000,124000
I-006451,O-01841,P-01,2,45000,90000
I-006452,O-01841,P-08,2,36000,72000
I-006453,O-01842,P-06,2,341000,682000
I-006454,O-01842,P-07,3,280000,840000
I-006455,O-01842,P-03,3,62000,186000
I-006456,O-01842,P-01,1,45000,45000
I-006457,O-01842,P-04,3,625000,1875000
I-006458,O-01843,P-06,1,341000,341000
I-006459,O-01843,P-01,2,45000,90000
I-006460,O-01843,P-03,1,62000,62000
I-006461,O-01844,P-08,2,36000,72000
I-006462,O-01844,P-09,2,47500,95000
I-006463,O-01844,P-01,2,45000,90000
I-006464,O-01845,P-08,1,36000,36000
I-006465,O-01845,P-07,1,280000,280000
I-006466,O-01845,P-01,3,45000,135000
I-006467,O-01845,P-06,3,341000,1023000
I-006468,O-01845,P-04,3,625000,1875000
I-006469,O-01846,P-10,1,28000,28000
I-006470,O-01846,P-06,1,341000,341000
I-006471,O-01846,P-02,1,210000,210000
I-006472,O-01846,P-08,2,36000,72000
I-006473,O-01847,P-06,2,341000,682000
I-006474,O-01847,P-05,2,520000,1040000
I-006475,O-01847,P-01,1,45000,45000
I-006476,O-01847,P-03,3,62000,186000
I-006477,O-01848,P-04,1,625000,625000
I-006478,O-01848,P-08,3,36000,108000
I-006479,O-01848,P-02,1,210000,210000
I-006480,O-01848,P-01,3,45000,135000
I-006481,O-01849,P-06,3,341000,1023000
I-006482,O-01849,P-01,1,45000,45000
I-006483,O-01849,P-02,3,210000,630000
I-006484,O-01849,P-03,1,62000,62000
I-006485,O-01850,P-10,3,28000,84000
I-006486,O-01850,P-07,2,280000,560000
I-006487,O-01851,P-08,1,36000,36000
I-006488,O-01851,P-05,3,520000,1560000
I-006489,O-01851,P-02,3,210000,630000
I-006490,O-01852,P-04,3,625000,1875000
I-006491,O-01852,P-09,2,47500,95000
I-006492,O-01853,P-08,2,36000,72000
I-006493,O-01853,P-10,2,28000,56000
I-006494,O-01853,P-02,2,210000,420000
I-006495,O-01853,P-06,3,341000,1023000
I-006496,O-01854,P-08,3,36000,108000
I-006497,O-01854,P-09,2,47500,95000
I-006498,O-01854,P-05,1,520000,520000
I-006499,O-01854,P-01,3,45000,135000
I-006500,O-01855,P-05,3,520000,1560000
I-006501,O-01855,P-09,2,47500,95000
I-006502,O-01855,P-10,1,28000,28000
I-006503,O-01856,P-02,2,210000,420000
I-006504,O-01856,P-04,2,625000,1250000
I-006505,O-01856,P-09,2,47500,95000
I-006506,O-01856,P-05,2,520000,1040000
I-006507,O-01857,P-02,1,210000,210000
I-006508,O-01857,P-04,2,625000,1250000
I-006509,O-01857,P-05,3,520000,1560000
I-006510,O-01857,P-07,1,280000,280000
I-006511,O-01858,P-03,3,62000,186000
I-006512,O-01858,P-08,3,36000,108000
I-006513,O-01858,P-06,2,341000,682000
I-006514,O-01858,P-01,2,45000,90000
I-006515,O-01858,P-09,3,47500,142500
I-006516,O-01859,P-05,3,520000,1560000
I-006517,O-01859,P-01,3,45000,135000
I-006518,O-01860,P-02,3,210000,630000
I-006519,O-01860,P-07,2,280000,560000
I-006520,O-01860,P-08,2,36000,72000
I-006521,O-01860,P-01,3,45000,135000
I-006522,O-01861,P-06,1,341000,341000
I-006523,O-01861,P-07,2,280000,560000
I-006524,O-01861,P-04,2,625000,1250000
I-006525,O-01862,P-06,1,341000,341000
I-006526,O-01862,P-04,1,625000,625000
I-006527,O-01862,P-03,2,62000,124000
I-006528,O-01862,P-07,3,280000,840000
I-006529,O-01862,P-09,3,47500,142500
I-006530,O-01863,P-04,2,625000,1250000
I-006531,O-01863,P-07,2,280000,560000
I-006532,O-01863,P-03,1,62000,62000
I-006533,O-01864,P-06,2,341000,682000
I-006534,O-01864,P-08,3,36000,108000
I-006535,O-01864,P-01,3,45000,135000
I-006536,O-01864,P-09,1,47500,47500
I-006537,O-01865,P-04,1,625000,625000
I-006538,O-01865,P-09,3,47500,142500
I-006539,O-01866,P-05,2,520000,1040000
I-006540,O-01866,P-09,1,47500,47500
I-006541,O-01866,P-04,1,625000,625000
I-006542,O-01867,P-04,3,625000,1875000
I-006543,O-01867,P-05,3,520000,1560000
I-006544,O-01868,P-10,3,28000,84000
I-006545,O-01868,P-09,1,47500,47500
I-006546,O-01868,P-06,1,341000,341000
I-006547,O-01869,P-03,1,62000,62000
I-006548,O-01869,P-10,1,28000,28000
I-006549,O-01869,P-05,3,520000,1560000
I-006550,O-01870,P-03,2,62000,124000
I-006551,O-01870,P-07,1,280000,280000
I-006552,O-01870,P-06,2,341000,682000
I-006553,O-01870,P-08,1,36000,36000
I-006554,O-01871,P-09,2,47500,95000
I-006555,O-01871,P-08,3,36000,108000
I-006556,O-01871,P-10,3,28000,84000
I-006557,O-01871,P-05,2,520000,1040000
I-006558,O-01872,P-09,3,47500,142500
I-006559,O-01872,P-06,1,341000,341000
I-006560,O-01872,P-01,3,45000,135000
I-006561,O-01872,P-05,2,520000,1040000
I-006562,O-01872,P-04,2,625000,1250000
I-006563,O-01873,P-09,3,47500,142500
I-006564,O-01873,P-08,1,36000,36000
I-006565,O-01873,P-10,1,28000,28000
I-006566,O-01873,P-03,3,62000,186000
I-006567,O-01874,P-10,1,28000,28000
I-006568,O-01874,P-07,1,280000,280000
I-006569,O-01875,P-01,3,45000,135000
I-006570,O-01875,P-06,3,341000,1023000
I-006571,O-01875,P-05,2,520000,1040000
I-006572,O-01876,P-10,2,28000,56000
I-006573,O-01876,P-04,1,625000,625000
I-006574,O-01877,P-02,1,210000,210000
I-006575,O-01877,P-01,3,45000,135000
I-006576,O-01878,P-08,2,36000,72000
I-006577,O-01878,P-03,2,62000,124000
I-006578,O-01878,P-04,3,625000,1875000
I-006579,O-01879,P-10,2,28000,56000
I-006580,O-01879,P-04,2,625000,1250000
I-006581,O-01880,P-02,1,210000,210000
I-006582,O-01880,P-08,1,36000,36000
I-006583,O-01880,P-03,1,62000,62000
I-006584,O-01881,P-02,2,210000,420000
I-006585,O-01881,P-07,2,280000,560000
I-006586,O-01881,P-01,3,45000,135000
I-006587,O-01881,P-08,1,36000,36000
I-006588,O-01881,P-03,2,62000,124000
I-006589,O-01882,P-02,1,210000,210000
I-006590,O-01882,P-07,1,280000,280000
I-006591,O-01882,P-03,2,62000,124000
I-006592,O-01882,P-09,3,47500,142500
I-006593,O-01882,P-08,2,36000,72000
I-006594,O-01883,P-07,1,280000,280000
I-006595,O-01883,P-03,2,62000,124000
I-006596,O-01883,P-01,2,45000,90000
I-006597,O-01883,P-06,1,341000,341000
I-006598,O-01884,P-09,2,47500,95000
I-006599,O-01884,P-04,1,625000,625000
I-006600,O-01884,P-02,2,210000,420000
I-006601,O-01885,P-06,3,341000,1023000
I-006602,O-01885,P-01,2,45000,90000
I-006603,O-01885,P-04,1,625000,625000
I-006604,O-01885,P-05,3,520000,1560000
I-006605,O-01885,P-02,2,210000,420000
I-006606,O-01886,P-06,3,341000,1023000
I-006607,O-01886,P-08,3,36000,108000
I-006608,O-01886,P-10,2,28000,56000
I-006609,O-01886,P-01,2,45000,90000
I-006610,O-01887,P-09,3,47500,142500
I-006611,O-01887,P-07,2,280000,560000
I-006612,O-01888,P-06,2,341000,682000
I-006613,O-01888,P-03,3,62000,186000
I-006614,O-01889,P-09,2,47500,95000
I-006615,O-01889,P-06,2,341000,682000
I-006616,O-01889,P-08,3,36000,108000
I-006617,O-01890,P-04,3,625000,1875000
I-006618,O-01890,P-01,2,45000,90000
I-006619,O-01890,P-06,1,341000,341000
I-006620,O-01891,P-04,1,625000,625000
I-006621,O-01891,P-07,2,280000,560000
I-006622,O-01891,P-06,1,341000,341000
I-006623,O-01891,P-09,1,47500,47500
I-006624,O-01891,P-05,2,520000,1040000
I-006625,O-01892,P-03,3,62000,186000
I-006626,O-01892,P-07,2,280000,560000
I-006627,O-01892,P-01,1,45000,45000
I-006628,O-01892,P-08,3,36000,108000
I-006629,O-01893,P-05,2,520000,1040000
I-006630,O-01893,P-09,1,47500,47500
I-006631,O-01893,P-01,1,45000,45000
I-006632,O-01894,P-07,3,280000,840000
I-006633,O-01894,P-06,1,341000,341000
I-006634,O-01894,P-01,1,45000,45000
I-006635,O-01895,P-01,2,45000,90000
I-006636,O-01895,P-05,1,520000,520000
I-006637,O-01896,P-03,3,62000,186000
I-006638,O-01896,P-06,1,341000,341000
I-006639,O-01896,P-09,2,47500,95000
I-006640,O-01897,P-10,2,28000,56000
I-006641,O-01897,P-06,1,341000,341000
I-006642,O-01898,P-09,1,47500,47500
I-006643,O-01898,P-03,3,62000,186000
I-006644,O-01898,P-02,1,210000,210000
I-006645,O-01899,P-08,1,36000,36000
I-006646,O-01899,P-03,2,62000,124000
I-006647,O-01899,P-02,2,210000,420000
I-006648,O-01900,P-05,2,520000,1040000
I-006649,O-01900,P-08,3,36000,108000
I-006650,O-01900,P-06,3,341000,1023000
I-006651,O-01900,P-04,1,625000,625000
I-006652,O-01900,P-07,3,280000,840000
I-006653,O-01901,P-03,3,62000,186000
I-006654,O-01901,P-06,1,341000,341000
I-006655,O-01902,P-07,1,280000,280000
I-006656,O-01902,P-08,1,36000,36000
I-006657,O-01902,P-04,1,625000,625000
I-006658,O-01902,P-01,3,45000,135000
I-006659,O-01902,P-06,2,341000,682000
I-006660,O-01903,P-08,3,36000,108000
I-006661,O-01903,P-01,1,45000,45000
I-006662,O-01903,P-02,3,210000,630000
I-006663,O-01904,P-10,3,28000,84000
I-006664,O-01904,P-05,3,520000,1560000
I-006665,O-01904,P-04,1,625000,625000
I-006666,O-01904,P-07,2,280000,560000
I-006667,O-01905,P-06,2,341000,682000
I-006668,O-01905,P-01,2,45000,90000
I-006669,O-01905,P-07,1,280000,280000
I-006670,O-01905,P-08,1,36000,36000
I-006671,O-01905,P-03,2,62000,124000
I-006672,O-01906,P-01,3,45000,135000
I-006673,O-01906,P-03,3,62000,186000
I-006674,O-01906,P-07,3,280000,840000
I-006675,O-01907,P-05,2,520000,1040000
I-006676,O-01907,P-02,1,210000,210000
I-006677,O-01907,P-06,1,341000,341000
I-006678,O-01908,P-08,2,36000,72000
I-006679,O-01908,P-09,3,47500,142500
I-006680,O-01908,P-01,2,45000,90000
I-006681,O-01908,P-02,2,210000,420000
I-006682,O-01908,P-10,1,28000,28000
I-006683,O-01909,P-09,1,47500,47500
I-006684,O-01909,P-06,1,341000,341000
I-006685,O-01909,P-01,1,45000,45000
I-006686,O-01910,P-05,3,520000,1560000
I-006687,O-01910,P-04,3,625000,1875000
I-006688,O-01910,P-08,3,36000,108000
I-006689,O-01911,P-01,3,45000,135000
I-006690,O-01911,P-02,1,210000,210000
I-006691,O-01911,P-05,1,520000,520000
I-006692,O-01912,P-08,2,36000,72000
I-006693,O-01912,P-02,1,210000,210000
I-006694,O-01913,P-06,2,341000,682000
I-006695,O-01913,P-10,3,28000,84000
I-006696,O-01913,P-07,2,280000,560000
I-006697,O-01913,P-02,1,210000,210000
I-006698,O-01913,P-05,1,520000,520000
I-006699,O-01914,P-09,3,47500,142500
I-006700,O-01914,P-05,2,520000,1040000
I-006701,O-01914,P-03,2,62000,124000
I-006702,O-01914,P-07,3,280000,840000
I-006703,O-01915,P-06,2,341000,682000
I-006704,O-01915,P-08,1,36000,36000
I-006705,O-01916,P-01,2,45000,90000
I-006706,O-01916,P-08,3,36000,108000
I-006707,O-01916,P-04,3,625000,1875000
I-006708,O-01916,P-05,2,520000,1040000
I-006709,O-01916,P-07,3,280000,840000
I-006710,O-01917,P-03,2,62000,124000
I-006711,O-01917,P-09,3,47500,142500
I-006712,O-01917,P-04,2,625000,1250000
I-006713,O-01917,P-01,1,45000,45000
I-006714,O-01918,P-10,3,28000,84000
I-006715,O-01918,P-09,1,47500,47500
I-006716,O-01918,P-02,3,210000,630000
I-006717,O-01918,P-07,2,280000,560000
I-006718,O-01918,P-03,3,62000,186000
I-006719,O-01919,P-02,1,210000,210000
I-006720,O-01919,P-01,2,45000,90000
I-006721,O-01920,P-05,2,520000,1040000
I-006722,O-01920,P-10,2,28000,56000
I-006723,O-01921,P-03,1,62000,62000
I-006724,O-01921,P-02,1,210000,210000
I-006725,O-01922,P-07,2,280000,560000
I-006726,O-01922,P-05,1,520000,520000
I-006727,O-01922,P-06,1,341000,341000
I-006728,O-01923,P-02,3,210000,630000
I-006729,O-01923,P-10,1,28000,28000
I-006730,O-01923,P-08,1,36000,36000
I-006731,O-01923,P-01,1,45000,45000
I-006732,O-01923,P-07,2,280000,560000
I-006733,O-01924,P-03,2,62000,124000
I-006734,O-01924,P-10,2,28000,56000
I-006735,O-01925,P-04,2,625000,1250000
I-006736,O-01925,P-05,3,520000,1560000
I-006737,O-01926,P-02,1,210000,210000
I-006738,O-01926,P-10,1,28000,28000
I-006739,O-01926,P-03,3,62000,186000
I-006740,O-01926,P-07,1,280000,280000
I-006741,O-01926,P-05,1,520000,520000
I-006742,O-01927,P-08,2,36000,72000
I-006743,O-01927,P-04,3,625000,1875000
I-006744,O-01928,P-08,3,36000,108000
I-006745,O-01928,P-06,1,341000,341000
I-006746,O-01928,P-04,2,625000,1250000
I-006747,O-01928,P-03,3,62000,186000
I-006748,O-01928,P-09,1,47500,47500
I-006749,O-01929,P-02,1,210000,210000
I-006750,O-01929,P-05,3,520000,1560000
I-006751,O-01930,P-09,1,47500,47500
I-006752,O-01930,P-03,1,62000,62000
I-006753,O-01931,P-01,3,45000,135000
I-006754,O-01931,P-03,1,62000,62000
I-006755,O-01931,P-08,3,36000,108000
I-006756,O-01931,P-07,1,280000,280000
I-006757,O-01932,P-04,1,625000,625000
I-006758,O-01932,P-08,3,36000,108000
I-006759,O-01932,P-09,1,47500,47500
I-006760,O-01932,P-10,1,28000,28000
I-006761,O-01933,P-05,1,520000,520000
I-006762,O-01933,P-01,3,45000,135000
I-006763,O-01933,P-04,1,625000,625000
I-006764,O-01934,P-01,3,45000,135000
I-006765,O-01934,P-07,2,280000,560000
I-006766,O-01934,P-02,3,210000,630000
I-006767,O-01934,P-06,2,341000,682000
I-006768,O-01934,P-10,1,28000,28000
I-006769,O-01935,P-04,3,625000,1875000
I-006770,O-01935,P-02,3,210000,630000
I-006771,O-01935,P-03,1,62000,62000
I-006772,O-01935,P-09,1,47500,47500
I-006773,O-01935,P-07,1,280000,280000
I-006774,O-01936,P-10,1,28000,28000
I-006775,O-01936,P-09,1,47500,47500
I-006776,O-01937,P-03,2,62000,124000
I-006777,O-01937,P-05,2,520000,1040000
I-006778,O-01937,P-08,2,36000,72000
I-006779,O-01938,P-04,3,625000,1875000
I-006780,O-01938,P-06,2,341000,682000
I-006781,O-01938,P-05,1,520000,520000
I-006782,O-01938,P-02,3,210000,630000
I-006783,O-01939,P-03,1,62000,62000
I-006784,O-01939,P-05,1,520000,520000
I-006785,O-01939,P-08,1,36000,36000
I-006786,O-01940,P-07,2,280000,560000
I-006787,O-01940,P-02,3,210000,630000
I-006788,O-01940,P-05,1,520000,520000
I-006789,O-01940,P-03,1,62000,62000
I-006790,O-01940,P-01,2,45000,90000
I-006791,O-01941,P-05,2,520000,1040000
I-006792,O-01941,P-01,2,45000,90000
I-006793,O-01941,P-10,2,28000,56000
I-006794,O-01941,P-03,3,62000,186000
I-006795,O-01941,P-08,2,36000,72000
I-006796,O-01942,P-10,1,28000,28000
I-006797,O-01942,P-07,3,280000,840000
I-006798,O-01942,P-02,1,210000,210000
I-006799,O-01942,P-03,2,62000,124000
I-006800,O-01943,P-07,2,280000,560000
I-006801,O-01943,P-10,1,28000,28000
I-006802,O-01944,P-06,2,341000,682000
I-006803,O-01944,P-08,2,36000,72000
I-006804,O-01944,P-09,2,47500,95000
I-006805,O-01944,P-03,1,62000,62000
I-006806,O-01944,P-05,1,520000,520000
I-006807,O-01945,P-02,3,210000,630000
I-006808,O-01945,P-07,2,280000,560000
I-006809,O-01945,P-08,3,36000,108000
I-006810,O-01945,P-03,1,62000,62000
I-006811,O-01945,P-09,2,47500,95000
I-006812,O-01946,P-08,3,36000,108000
I-006813,O-01946,P-06,2,341000,682000
I-006814,O-01946,P-04,2,625000,1250000
I-006815,O-01946,P-02,2,210000,420000
I-006816,O-01947,P-04,3,625000,1875000
I-006817,O-01947,P-10,3,28000,84000
I-006818,O-01947,P-01,3,45000,135000
I-006819,O-01948,P-02,2,210000,420000
I-006820,O-01948,P-06,2,341000,682000
I-006821,O-01948,P-10,1,28000,28000
I-006822,O-01948,P-09,2,47500,95000
I-006823,O-01949,P-01,3,45000,135000
I-006824,O-01949,P-08,1,36000,36000
I-006825,O-01949,P-10,2,28000,56000
I-006826,O-01950,P-10,1,28000,28000
I-006827,O-01950,P-08,3,36000,108000
I-006828,O-01950,P-04,3,625000,1875000
I-006829,O-01950,P-09,1,47500,47500
I-006830,O-01951,P-10,3,28000,84000
I-006831,O-01951,P-07,2,280000,560000
I-006832,O-01952,P-10,3,28000,84000
I-006833,O-01952,P-09,3,47500,142500
I-006834,O-01952,P-08,2,36000,72000
I-006835,O-01952,P-03,2,62000,124000
I-006836,O-01953,P-09,3,47500,142500
I-006837,O-01953,P-03,1,62000,62000
I-006838,O-01953,P-08,2,36000,72000
I-006839,O-01954,P-02,1,210000,210000
I-006840,O-01954,P-10,2,28000,56000
I-006841,O-01955,P-05,2,520000,1040000
I-006842,O-01955,P-09,2,47500,95000
I-006843,O-01955,P-01,1,45000,45000
I-006844,O-01956,P-07,1,280000,280000
I-006845,O-01956,P-10,3,28000,84000
I-006846,O-01956,P-01,2,45000,90000
I-006847,O-01956,P-08,2,36000,72000
I-006848,O-01957,P-07,2,280000,560000
I-006849,O-01957,P-01,3,45000,135000
I-006850,O-01957,P-05,2,520000,1040000
I-006851,O-01958,P-01,2,45000,90000
I-006852,O-01958,P-04,1,625000,625000
I-006853,O-01958,P-10,3,28000,84000
I-006854,O-01959,P-01,3,45000,135000
I-006855,O-01959,P-09,1,47500,47500
I-006856,O-01959,P-08,1,36000,36000
I-006857,O-01959,P-02,3,210000,630000
I-006858,O-01959,P-07,2,280000,560000
I-006859,O-01960,P-06,2,341000,682000
I-006860,O-01960,P-02,1,210000,210000
I-006861,O-01960,P-08,1,36000,36000
I-006862,O-01960,P-07,2,280000,560000
I-006863,O-01960,P-01,1,45000,45000
I-006864,O-01961,P-09,1,47500,47500
I-006865,O-01961,P-05,3,520000,1560000
I-006866,O-01961,P-06,3,341000,1023000
I-006867,O-01962,P-06,1,341000,341000
I-006868,O-01962,P-04,2,625000,1250000
I-006869,O-01962,P-03,3,62000,186000
I-006870,O-01963,P-10,3,28000,84000
I-006871,O-01963,P-06,2,341000,682000
I-006872,O-01963,P-09,3,47500,142500
I-006873,O-01963,P-04,2,625000,1250000
I-006874,O-01964,P-01,2,45000,90000
I-006875,O-01964,P-02,1,210000,210000
I-006876,O-01965,P-05,3,520000,1560000
I-006877,O-01965,P-07,1,280000,280000
I-006878,O-01965,P-01,2,45000,90000
I-006879,O-01965,P-06,3,341000,1023000
I-006880,O-01965,P-02,2,210000,420000
I-006881,O-01966,P-06,3,341000,1023000
I-006882,O-01966,P-01,1,45000,45000
I-006883,O-01967,P-01,1,45000,45000
I-006884,O-01967,P-08,3,36000,108000
I-006885,O-01967,P-02,2,210000,420000
I-006886,O-01968,P-01,3,45000,135000
I-006887,O-01968,P-03,2,62000,124000
I-006888,O-01969,P-03,2,62000,124000
I-006889,O-01969,P-09,2,47500,95000
I-006890,O-01969,P-10,3,28000,84000
I-006891,O-01970,P-10,1,28000,28000
I-006892,O-01970,P-08,1,36000,36000
I-006893,O-01970,P-04,2,625000,1250000
I-006894,O-01971,P-08,1,36000,36000
I-006895,O-01971,P-10,3,28000,84000
I-006896,O-01971,P-04,1,625000,625000
I-006897,O-01971,P-07,3,280000,840000
I-006898,O-01972,P-06,1,341000,341000
I-006899,O-01972,P-04,1,625000,625000
I-006900,O-01972,P-10,1,28000,28000
I-006901,O-01972,P-01,3,45000,135000
I-006902,O-01972,P-08,2,36000,72000
I-006903,O-01973,P-09,3,47500,142500
I-006904,O-01973,P-10,2,28000,56000
I-006905,O-01974,P-07,1,280000,280000
I-006906,O-01974,P-04,1,625000,625000
I-006907,O-01974,P-02,2,210000,420000
I-006908,O-01974,P-08,1,36000,36000
I-006909,O-01975,P-08,3,36000,108000
I-006910,O-01975,P-07,1,280000,280000
I-006911,O-01975,P-09,3,47500,142500
I-006912,O-01975,P-05,3,520000,1560000
I-006913,O-01975,P-02,3,210000,630000
I-006914,O-01976,P-07,2,280000,560000
I-006915,O-01976,P-02,1,210000,210000
I-006916,O-01976,P-10,1,28000,28000
I-006917,O-01977,P-08,2,36000,72000
I-006918,O-01977,P-04,2,625000,1250000
I-006919,O-01977,P-09,3,47500,142500
I-006920,O-01977,P-07,2,280000,560000
I-006921,O-01978,P-02,3,210000,630000
I-006922,O-01978,P-10,1,28000,28000
I-006923,O-01979,P-05,3,520000,1560000
I-006924,O-01979,P-09,1,47500,47500
I-006925,O-01980,P-05,1,520000,520000
I-006926,O-01980,P-09,3,47500,142500
I-006927,O-01980,P-02,1,210000,210000
I-006928,O-01981,P-07,3,280000,840000
I-006929,O-01981,P-08,3,36000,108000
I-006930,O-01981,P-03,3,62000,186000
I-006931,O-01982,P-06,2,341000,682000
I-006932,O-01982,P-09,3,47500,142500
I-006933,O-01983,P-02,2,210000,420000
I-006934,O-01983,P-04,3,625000,1875000
I-006935,O-01983,P-03,3,62000,186000
I-006936,O-01984,P-01,2,45000,90000
I-006937,O-01984,P-07,2,280000,560000
I-006938,O-01984,P-03,1,62000,62000
I-006939,O-01984,P-05,1,520000,520000
I-006940,O-01984,P-04,2,625000,1250000
I-006941,O-01985,P-10,2,28000,56000
I-006942,O-01985,P-07,2,280000,560000
I-006943,O-01985,P-09,3,47500,142500
I-006944,O-01985,P-05,3,520000,1560000
I-006945,O-01986,P-02,2,210000,420000
I-006946,O-01986,P-03,3,62000,186000
I-006947,O-01986,P-06,1,341000,341000
I-006948,O-01986,P-04,2,625000,1250000
I-006949,O-01987,P-10,3,28000,84000
I-006950,O-01987,P-02,3,210000,630000
I-006951,O-01987,P-08,1,36000,36000
I-006952,O-01988,P-03,3,62000,186000
I-006953,O-01988,P-04,1,625000,625000
I-006954,O-01988,P-08,3,36000,108000
I-006955,O-01988,P-09,3,47500,142500
I-006956,O-01988,P-10,1,28000,28000
I-006957,O-01989,P-03,2,62000,124000
I-006958,O-01989,P-05,2,520000,1040000
I-006959,O-01989,P-09,3,47500,142500
I-006960,O-01989,P-04,3,625000,1875000
I-006961,O-01990,P-04,3,625000,1875000
I-006962,O-01990,P-07,3,280000,840000
I-006963,O-01990,P-09,2,47500,95000
I-006964,O-01990,P-10,3,28000,84000
I-006965,O-01990,P-08,2,36000,72000
I-006966,O-01991,P-05,3,520000,1560000
I-006967,O-01991,P-07,2,280000,560000
I-006968,O-01991,P-08,3,36000,108000
I-006969,O-01991,P-01,2,45000,90000
I-006970,O-01992,P-07,3,280000,840000
I-006971,O-01992,P-09,2,47500,95000
I-006972,O-01992,P-01,1,45000,45000
I-006973,O-01992,P-08,1,36000,36000
I-006974,O-01992,P-02,2,210000,420000
I-006975,O-01993,P-01,2,45000,90000
I-006976,O-01993,P-08,3,36000,108000
I-006977,O-01993,P-04,2,625000,1250000
I-006978,O-01994,P-06,2,341000,682000
I-006979,O-01994,P-04,3,625000,1875000
I-006980,O-01995,P-07,1,280000,280000
I-006981,O-01995,P-09,1,47500,47500
I-006982,O-01995,P-06,1,341000,341000
I-006983,O-01996,P-03,1,62000,62000
I-006984,O-01996,P-07,3,280000,840000
I-006985,O-01996,P-02,3,210000,630000
I-006986,O-01996,P-04,2,625000,1250000
I-006987,O-01996,P-05,2,520000,1040000
I-006988,O-01997,P-03,2,62000,124000
I-006989,O-01997,P-01,2,45000,90000
I-006990,O-01998,P-02,2,210000,420000
I-006991,O-01998,P-10,3,28000,84000
I-006992,O-01998,P-05,3,520000,1560000
I-006993,O-01998,P-08,1,36000,36000
I-006994,O-01999,P-04,3,625000,1875000
I-006995,O-01999,P-08,2,36000,72000
I-006996,O-01999,P-02,1,210000,210000
I-006997,O-01999,P-06,2,341000,682000
I-006998,O-02000,P-08,2,36000,72000
I-006999,O-02000,P-06,1,341000,341000
I-007000,O-02001,P-07,2,280000,560000
I-007001,O-02001,P-05,2,520000,1040000
I-007002,O-02001,P-09,3,47500,142500
I-007003,O-02001,P-02,3,210000,630000
I-007004,O-02001,P-04,1,625000,625000
I-007005,O-02002,P-07,3,280000,840000
I-007006,O-02002,P-03,1,62000,62000
I-007007,O-02003,P-01,1,45000,45000
I-007008,O-02003,P-09,2,47500,95000
I-007009,O-02003,P-03,1,62000,62000
I-007010,O-02004,P-05,3,520000,1560000
I-007011,O-02004,P-09,1,47500,47500
I-007012,O-02004,P-02,1,210000,210000
I-007013,O-02004,P-01,1,45000,45000
I-007014,O-02005,P-04,2,625000,1250000
I-007015,O-02005,P-10,1,28000,28000
I-007016,O-02005,P-08,3,36000,108000
I-007017,O-02006,P-10,2,28000,56000
I-007018,O-02006,P-06,2,341000,682000
I-007019,O-02007,P-02,3,210000,630000
I-007020,O-02007,P-05,1,520000,520000
I-007021,O-02007,P-09,1,47500,47500
I-007022,O-02007,P-07,3,280000,840000
I-007023,O-02007,P-03,2,62000,124000
I-007024,O-02008,P-08,3,36000,108000
I-007025,O-02008,P-07,3,280000,840000
I-007026,O-02008,P-09,1,47500,47500
I-007027,O-02009,P-03,1,62000,62000
I-007028,O-02009,P-04,3,625000,1875000
I-007029,O-02009,P-02,3,210000,630000
I-007030,O-02009,P-05,2,520000,1040000
I-007031,O-02009,P-09,1,47500,47500
I-007032,O-02010,P-02,2,210000,420000
I-007033,O-02010,P-03,2,62000,124000
I-007034,O-02011,P-05,2,520000,1040000
I-007035,O-02011,P-03,1,62000,62000
I-007036,O-02011,P-09,3,47500,142500
I-007037,O-02011,P-01,2,45000,90000
I-007038,O-02012,P-06,3,341000,1023000
I-007039,O-02012,P-03,1,62000,62000
I-007040,O-02012,P-07,2,280000,560000
I-007041,O-02012,P-05,3,520000,1560000
I-007042,O-02013,P-07,1,280000,280000
I-007043,O-02013,P-03,1,62000,62000
I-007044,O-02013,P-05,1,520000,520000
I-007045,O-02013,P-04,2,625000,1250000
I-007046,O-02014,P-04,2,625000,1250000
I-007047,O-02014,P-02,2,210000,420000
I-007048,O-02014,P-07,1,280000,280000
I-007049,O-02014,P-10,2,28000,56000
I-007050,O-02015,P-06,3,341000,1023000
I-007051,O-02015,P-01,2,45000,90000
I-007052,O-02015,P-09,3,47500,142500
I-007053,O-02015,P-04,2,625000,1250000
I-007054,O-02016,P-10,1,28000,28000
I-007055,O-02016,P-03,1,62000,62000
I-007056,O-02016,P-05,1,520000,520000
I-007057,O-02016,P-01,2,45000,90000
I-007058,O-02017,P-05,1,520000,520000
I-007059,O-02017,P-03,2,62000,124000
I-007060,O-02018,P-07,1,280000,280000
I-007061,O-02018,P-06,3,341000,1023000
I-007062,O-02018,P-05,1,520000,520000
I-007063,O-02018,P-02,1,210000,210000
I-007064,O-02019,P-09,1,47500,47500
I-007065,O-02019,P-01,1,45000,45000
I-007066,O-02019,P-08,1,36000,36000
I-007067,O-02019,P-10,2,28000,56000
I-007068,O-02019,P-03,2,62000,124000
I-007069,O-02020,P-05,1,520000,520000
I-007070,O-02020,P-04,2,625000,1250000
I-007071,O-02021,P-09,1,47500,47500
I-007072,O-02021,P-01,2,45000,90000
I-007073,O-02021,P-10,1,28000,28000
I-007074,O-02021,P-02,3,210000,630000
I-007075,O-02022,P-06,2,341000,682000
I-007076,O-02022,P-05,3,520000,1560000
I-007077,O-02022,P-02,1,210000,210000
I-007078,O-02022,P-10,2,28000,56000
I-007079,O-02023,P-06,3,341000,1023000
I-007080,O-02023,P-07,1,280000,280000
I-007081,O-02023,P-03,3,62000,186000
I-007082,O-02024,P-08,3,36000,108000
I-007083,O-02024,P-05,1,520000,520000
I-007084,O-02024,P-03,2,62000,124000
I-007085,O-02025,P-03,1,62000,62000
I-007086,O-02025,P-07,3,280000,840000
I-007087,O-02026,P-09,3,47500,142500
I-007088,O-02026,P-02,2,210000,420000
I-007089,O-02026,P-08,3,36000,108000
I-007090,O-02026,P-06,3,341000,1023000
I-007091,O-02026,P-04,2,625000,1250000
I-007092,O-02027,P-08,1,36000,36000
I-007093,O-02027,P-05,1,520000,520000
I-007094,O-02028,P-10,3,28000,84000
I-007095,O-02028,P-05,1,520000,520000
I-007096,O-02028,P-07,1,280000,280000
I-007097,O-02028,P-04,3,625000,1875000
I-007098,O-02029,P-04,3,625000,1875000
I-007099,O-02029,P-06,3,341000,1023000
I-007100,O-02029,P-03,3,62000,186000
I-007101,O-02029,P-01,1,45000,45000
I-007102,O-02030,P-08,1,36000,36000
I-007103,O-02030,P-01,1,45000,45000
I-007104,O-02030,P-10,1,28000,28000
I-007105,O-02031,P-02,2,210000,420000
I-007106,O-02031,P-10,2,28000,56000
I-007107,O-02032,P-09,2,47500,95000
I-007108,O-02032,P-07,3,280000,840000
I-007109,O-02032,P-06,2,341000,682000
I-007110,O-02032,P-04,2,625000,1250000
I-007111,O-02032,P-10,2,28000,56000
I-007112,O-02033,P-01,1,45000,45000
I-007113,O-02033,P-04,3,625000,1875000
I-007114,O-02033,P-07,3,280000,840000
I-007115,O-02034,P-02,1,210000,210000
I-007116,O-02034,P-06,1,341000,341000
I-007117,O-02034,P-03,2,62000,124000
I-007118,O-02034,P-07,1,280000,280000
I-007119,O-02035,P-09,1,47500,47500
I-007120,O-02035,P-07,1,280000,280000
I-007121,O-02036,P-04,1,625000,625000
I-007122,O-02036,P-06,1,341000,341000
I-007123,O-02037,P-02,1,210000,210000
I-007124,O-02037,P-10,1,28000,28000
I-007125,O-02037,P-04,2,625000,1250000
I-007126,O-02038,P-04,2,625000,1250000
I-007127,O-02038,P-10,3,28000,84000
I-007128,O-02038,P-08,1,36000,36000
I-007129,O-02038,P-02,1,210000,210000
I-007130,O-02039,P-06,3,341000,1023000
I-007131,O-02039,P-07,3,280000,840000
I-007132,O-02040,P-08,3,36000,108000
I-007133,O-02040,P-03,3,62000,186000
I-007134,O-02041,P-04,1,625000,625000
I-007135,O-02041,P-02,3,210000,630000
I-007136,O-02041,P-03,2,62000,124000
I-007137,O-02041,P-08,3,36000,108000
I-007138,O-02041,P-09,1,47500,47500
I-007139,O-02042,P-01,1,45000,45000
I-007140,O-02042,P-03,2,62000,124000
I-007141,O-02042,P-06,1,341000,341000
I-007142,O-02042,P-08,3,36000,108000
I-007143,O-02043,P-02,1,210000,210000
I-007144,O-02043,P-10,3,28000,84000
I-007145,O-02044,P-03,2,62000,124000
I-007146,O-02044,P-06,1,341000,341000
I-007147,O-02044,P-09,3,47500,142500
I-007148,O-02045,P-09,3,47500,142500
I-007149,O-02045,P-04,2,625000,1250000
I-007150,O-02045,P-08,1,36000,36000
I-007151,O-02046,P-06,3,341000,1023000
I-007152,O-02046,P-07,2,280000,560000
I-007153,O-02046,P-10,1,28000,28000
I-007154,O-02046,P-09,2,47500,95000
I-007155,O-02046,P-08,1,36000,36000
I-007156,O-02047,P-06,2,341000,682000
I-007157,O-02047,P-03,1,62000,62000
I-007158,O-02047,P-10,1,28000,28000
I-007159,O-02048,P-04,3,625000,1875000
I-007160,O-02048,P-09,1,47500,47500
I-007161,O-02048,P-01,1,45000,45000
I-007162,O-02048,P-05,3,520000,1560000
I-007163,O-02048,P-08,3,36000,108000
I-007164,O-02049,P-03,2,62000,124000
I-007165,O-02049,P-10,1,28000,28000
I-007166,O-02050,P-10,1,28000,28000
I-007167,O-02050,P-02,3,210000,630000
I-007168,O-02050,P-07,3,280000,840000
I-007169,O-02051,P-03,1,62000,62000
I-007170,O-02051,P-09,3,47500,142500
I-007171,O-02052,P-07,3,280000,840000
I-007172,O-02052,P-09,3,47500,142500
I-007173,O-02052,P-01,2,45000,90000
I-007174,O-02053,P-09,3,47500,142500
I-007175,O-02053,P-04,2,625000,1250000
I-007176,O-02053,P-02,3,210000,630000
I-007177,O-02053,P-05,3,520000,1560000
I-007178,O-02053,P-07,2,280000,560000
I-007179,O-02054,P-06,2,341000,682000
I-007180,O-02054,P-05,2,520000,1040000
I-007181,O-02055,P-07,2,280000,560000
I-007182,O-02055,P-08,2,36000,72000
I-007183,O-02055,P-10,3,28000,84000
I-007184,O-02055,P-06,3,341000,1023000
I-007185,O-02055,P-09,3,47500,142500
I-007186,O-02056,P-07,1,280000,280000
I-007187,O-02056,P-10,3,28000,84000
I-007188,O-02056,P-04,1,625000,625000
I-007189,O-02057,P-01,1,45000,45000
I-007190,O-02057,P-08,1,36000,36000
I-007191,O-02057,P-02,1,210000,210000
I-007192,O-02058,P-04,3,625000,1875000
I-007193,O-02058,P-03,2,62000,124000
I-007194,O-02058,P-01,2,45000,90000
I-007195,O-02058,P-09,2,47500,95000
I-007196,O-02059,P-04,3,625000,1875000
I-007197,O-02059,P-01,2,45000,90000
I-007198,O-02060,P-04,2,625000,1250000
I-007199,O-02060,P-05,1,520000,520000
I-007200,O-02060,P-03,1,62000,62000
I-007201,O-02060,P-08,3,36000,108000
I-007202,O-02060,P-09,2,47500,95000
I-007203,O-02061,P-09,1,47500,47500
I-007204,O-02061,P-07,2,280000,560000
I-007205,O-02061,P-10,1,28000,28000
I-007206,O-02061,P-02,1,210000,210000
I-007207,O-02062,P-09,1,47500,47500
I-007208,O-02062,P-07,3,280000,840000
I-007209,O-02062,P-02,1,210000,210000
I-007210,O-02062,P-06,2,341000,682000
I-007211,O-02063,P-07,2,280000,560000
I-007212,O-02063,P-06,2,341000,682000
I-007213,O-02063,P-02,3,210000,630000
I-007214,O-02063,P-04,1,625000,625000
I-007215,O-02063,P-01,3,45000,135000
I-007216,O-02064,P-05,2,520000,1040000
I-007217,O-02064,P-03,1,62000,62000
I-007218,O-02065,P-08,2,36000,72000
I-007219,O-02065,P-07,2,280000,560000
I-007220,O-02065,P-10,2,28000,56000
I-007221,O-02066,P-10,3,28000,84000
I-007222,O-02066,P-01,2,45000,90000
I-007223,O-02066,P-08,1,36000,36000
I-007224,O-02066,P-07,2,280000,560000
I-007225,O-02066,P-02,3,210000,630000
I-007226,O-02067,P-03,1,62000,62000
I-007227,O-02067,P-06,2,341000,682000
I-007228,O-02067,P-05,1,520000,520000
I-007229,O-02067,P-01,3,45000,135000
I-007230,O-02067,P-04,1,625000,625000
I-007231,O-02068,P-02,2,210000,420000
I-007232,O-02068,P-09,1,47500,47500
I-007233,O-02069,P-09,3,47500,142500
I-007234,O-02069,P-02,2,210000,420000
I-007235,O-02070,P-03,1,62000,62000
I-007236,O-02070,P-10,2,28000,56000
I-007237,O-02070,P-08,2,36000,72000
I-007238,O-02070,P-06,2,341000,682000
I-007239,O-02071,P-04,3,625000,1875000
I-007240,O-02071,P-08,1,36000,36000
I-007241,O-02071,P-02,2,210000,420000
I-007242,O-02071,P-10,2,28000,56000
I-007243,O-02071,P-09,1,47500,47500
I-007244,O-02072,P-06,1,341000,341000
I-007245,O-02072,P-05,3,520000,1560000
I-007246,O-02072,P-08,2,36000,72000
I-007247,O-02072,P-02,2,210000,420000
I-007248,O-02073,P-09,2,47500,95000
I-007249,O-02073,P-07,2,280000,560000
I-007250,O-02073,P-06,3,341000,1023000
I-007251,O-02074,P-04,1,625000,625000
I-007252,O-02074,P-07,1,280000,280000
I-007253,O-02075,P-05,2,520000,1040000
I-007254,O-02075,P-03,3,62000,186000
I-007255,O-02075,P-07,2,280000,560000
I-007256,O-02075,P-06,1,341000,341000
I-007257,O-02076,P-06,1,341000,341000
I-007258,O-02076,P-02,2,210000,420000
I-007259,O-02077,P-10,3,28000,84000
I-007260,O-02077,P-08,3,36000,108000
I-007261,O-02077,P-02,3,210000,630000
I-007262,O-02078,P-07,1,280000,280000
I-007263,O-02078,P-01,1,45000,45000
I-007264,O-02078,P-03,2,62000,124000
I-007265,O-02078,P-04,2,625000,1250000
I-007266,O-02079,P-03,1,62000,62000
I-007267,O-02079,P-05,2,520000,1040000
I-007268,O-02079,P-02,3,210000,630000
I-007269,O-02079,P-10,1,28000,28000
I-007270,O-02080,P-04,1,625000,625000
I-007271,O-02080,P-07,3,280000,840000
I-007272,O-02081,P-01,1,45000,45000
I-007273,O-02081,P-04,3,625000,1875000
I-007274,O-02081,P-07,3,280000,840000
I-007275,O-02081,P-08,2,36000,72000
I-007276,O-02082,P-07,1,280000,280000
I-007277,O-02082,P-06,3,341000,1023000
I-007278,O-02082,P-04,1,625000,625000
I-007279,O-02083,P-09,2,47500,95000
I-007280,O-02083,P-08,2,36000,72000
I-007281,O-02084,P-01,1,45000,45000
I-007282,O-02084,P-04,2,625000,1250000
I-007283,O-02084,P-10,3,28000,84000
I-007284,O-02085,P-09,3,47500,142500
I-007285,O-02085,P-08,2,36000,72000
I-007286,O-02085,P-01,2,45000,90000
I-007287,O-02085,P-07,3,280000,840000
I-007288,O-02085,P-04,1,625000,625000
I-007289,O-02086,P-08,2,36000,72000
I-007290,O-02086,P-05,2,520000,1040000
I-007291,O-02087,P-01,1,45000,45000
I-007292,O-02087,P-04,1,625000,625000
I-007293,O-02087,P-07,1,280000,280000
I-007294,O-02087,P-10,1,28000,28000
I-007295,O-02088,P-09,2,47500,95000
I-007296,O-02088,P-06,1,341000,341000
I-007297,O-02088,P-10,2,28000,56000
I-007298,O-02088,P-05,3,520000,1560000
I-007299,O-02088,P-02,2,210000,420000
I-007300,O-02089,P-03,2,62000,124000
I-007301,O-02089,P-02,3,210000,630000
I-007302,O-02089,P-09,1,47500,47500
I-007303,O-02089,P-05,3,520000,1560000
I-007304,O-02090,P-02,1,210000,210000
I-007305,O-02090,P-05,2,520000,1040000
I-007306,O-02090,P-03,2,62000,124000
I-007307,O-02091,P-03,3,62000,186000
I-007308,O-02091,P-09,2,47500,95000
I-007309,O-02091,P-07,3,280000,840000
I-007310,O-02091,P-10,1,28000,28000
I-007311,O-02091,P-06,3,341000,1023000
I-007312,O-02092,P-10,1,28000,28000
I-007313,O-02092,P-01,3,45000,135000
I-007314,O-02092,P-06,3,341000,1023000
I-007315,O-02092,P-03,3,62000,186000
I-007316,O-02092,P-07,2,280000,560000
I-007317,O-02093,P-07,1,280000,280000
I-007318,O-02093,P-10,1,28000,28000
I-007319,O-02094,P-05,1,520000,520000
I-007320,O-02094,P-06,1,341000,341000
I-007321,O-02094,P-01,3,45000,135000
I-007322,O-02095,P-09,2,47500,95000
I-007323,O-02095,P-04,3,625000,1875000
I-007324,O-02096,P-07,2,280000,560000
I-007325,O-02096,P-10,3,28000,84000
I-007326,O-02096,P-02,3,210000,630000
I-007327,O-02096,P-01,2,45000,90000
I-007328,O-02096,P-08,2,36000,72000
I-007329,O-02097,P-05,3,520000,1560000
I-007330,O-02097,P-10,2,28000,56000
I-007331,O-02097,P-04,2,625000,1250000
I-007332,O-02098,P-07,1,280000,280000
I-007333,O-02098,P-09,3,47500,142500
I-007334,O-02098,P-06,1,341000,341000
I-007335,O-02098,P-01,2,45000,90000
I-007336,O-02099,P-03,3,62000,186000
I-007337,O-02099,P-09,1,47500,47500
I-007338,O-02099,P-10,1,28000,28000
I-007339,O-02099,P-07,1,280000,280000
I-007340,O-02099,P-01,2,45000,90000
I-007341,O-02100,P-10,3,28000,84000
I-007342,O-02100,P-07,3,280000,840000
I-007343,O-02100,P-09,2,47500,95000
I-007344,O-02100,P-04,3,625000,1875000
I-007345,O-02101,P-08,1,36000,36000
I-007346,O-02101,P-03,3,62000,186000
I-007347,O-02101,P-06,3,341000,1023000
I-007348,O-02102,P-10,1,28000,28000
I-007349,O-02102,P-05,1,520000,520000
I-007350,O-02102,P-08,2,36000,72000
I-007351,O-02102,P-02,1,210000,210000
I-007352,O-02102,P-09,1,47500,47500
I-007353,O-02103,P-03,3,62000,186000
I-007354,O-02103,P-04,3,625000,1875000
I-007355,O-02103,P-02,1,210000,210000
I-007356,O-02103,P-09,2,47500,95000
I-007357,O-02103,P-05,2,520000,1040000
I-007358,O-02104,P-03,1,62000,62000
I-007359,O-02104,P-07,2,280000,560000
I-007360,O-02104,P-01,3,45000,135000
I-007361,O-02104,P-02,1,210000,210000
I-007362,O-02104,P-04,2,625000,1250000
I-007363,O-02105,P-07,2,280000,560000
I-007364,O-02105,P-09,3,47500,142500
I-007365,O-02105,P-05,2,520000,1040000
I-007366,O-02105,P-04,1,625000,625000
I-007367,O-02106,P-05,3,520000,1560000
I-007368,O-02106,P-09,3,47500,142500
I-007369,O-02106,P-06,1,341000,341000
I-007370,O-02107,P-08,2,36000,72000
I-007371,O-02107,P-07,2,280000,560000
I-007372,O-02107,P-09,3,47500,142500
I-007373,O-02107,P-01,1,45000,45000
I-007374,O-02108,P-09,1,47500,47500
I-007375,O-02108,P-10,3,28000,84000
I-007376,O-02108,P-08,2,36000,72000
I-007377,O-02109,P-09,2,47500,95000
I-007378,O-02109,P-08,3,36000,108000
I-007379,O-02110,P-10,1,28000,28000
I-007380,O-02110,P-04,1,625000,625000
I-007381,O-02110,P-06,3,341000,1023000
I-007382,O-02110,P-03,2,62000,124000
I-007383,O-02111,P-04,2,625000,1250000
I-007384,O-02111,P-05,3,520000,1560000
I-007385,O-02111,P-03,1,62000,62000
I-007386,O-02112,P-03,1,62000,62000
I-007387,O-02112,P-09,1,47500,47500
I-007388,O-02112,P-08,1,36000,36000
I-007389,O-02112,P-02,1,210000,210000
I-007390,O-02113,P-07,2,280000,560000
I-007391,O-02113,P-10,3,28000,84000
I-007392,O-02113,P-01,1,45000,45000
I-007393,O-02113,P-06,2,341000,682000
I-007394,O-02113,P-08,2,36000,72000
I-007395,O-02114,P-10,2,28000,56000
I-007396,O-02114,P-08,1,36000,36000
I-007397,O-02115,P-07,3,280000,840000
I-007398,O-02115,P-08,3,36000,108000
I-007399,O-02115,P-09,2,47500,95000
I-007400,O-02115,P-06,3,341000,1023000
I-007401,O-02115,P-04,2,625000,1250000
I-007402,O-02116,P-07,2,280000,560000
I-007403,O-02116,P-04,2,625000,1250000
I-007404,O-02116,P-10,1,28000,28000
I-007405,O-02116,P-08,2,36000,72000
I-007406,O-02117,P-04,2,625000,1250000
I-007407,O-02117,P-08,2,36000,72000
I-007408,O-02117,P-05,1,520000,520000
I-007409,O-02117,P-07,2,280000,560000
I-007410,O-02117,P-01,1,45000,45000
I-007411,O-02118,P-07,3,280000,840000
I-007412,O-02118,P-10,1,28000,28000
I-007413,O-02118,P-03,2,62000,124000
I-007414,O-02118,P-01,3,45000,135000
I-007415,O-02118,P-02,2,210000,420000
I-007416,O-02119,P-03,1,62000,62000
I-007417,O-02119,P-02,2,210000,420000
I-007418,O-02119,P-01,2,45000,90000
I-007419,O-02120,P-02,3,210000,630000
I-007420,O-02120,P-08,3,36000,108000
I-007421,O-02120,P-07,2,280000,560000
I-007422,O-02121,P-01,1,45000,45000
I-007423,O-02121,P-06,2,341000,682000
I-007424,O-02121,P-09,2,47500,95000
I-007425,O-02121,P-10,3,28000,84000
I-007426,O-02122,P-04,1,625000,625000
I-007427,O-02122,P-09,1,47500,47500
I-007428,O-02122,P-07,2,280000,560000
I-007429,O-02123,P-07,1,280000,280000
I-007430,O-02123,P-02,1,210000,210000
I-007431,O-02123,P-10,2,28000,56000
I-007432,O-02123,P-01,2,45000,90000
I-007433,O-02124,P-03,1,62000,62000
I-007434,O-02124,P-04,2,625000,1250000
I-007435,O-02124,P-06,1,341000,341000
I-007436,O-02124,P-10,1,28000,28000
I-007437,O-02124,P-05,3,520000,1560000
I-007438,O-02125,P-02,2,210000,420000
I-007439,O-02125,P-05,1,520000,520000
I-007440,O-02125,P-01,1,45000,45000
I-007441,O-02126,P-10,1,28000,28000
I-007442,O-02126,P-08,2,36000,72000
I-007443,O-02127,P-01,3,45000,135000
I-007444,O-02127,P-10,1,28000,28000
I-007445,O-02127,P-04,1,625000,625000
I-007446,O-02128,P-03,1,62000,62000
I-007447,O-02128,P-08,2,36000,72000
I-007448,O-02128,P-01,1,45000,45000
I-007449,O-02128,P-02,2,210000,420000
I-007450,O-02129,P-03,2,62000,124000
I-007451,O-02129,P-02,3,210000,630000
I-007452,O-02130,P-03,2,62000,124000
I-007453,O-02130,P-10,1,28000,28000
I-007454,O-02131,P-08,1,36000,36000
I-007455,O-02131,P-09,3,47500,142500
I-007456,O-02131,P-07,3,280000,840000
I-007457,O-02132,P-04,1,625000,625000
I-007458,O-02132,P-05,3,520000,1560000
I-007459,O-02132,P-01,1,45000,45000
I-007460,O-02132,P-08,1,36000,36000
I-007461,O-02132,P-09,3,47500,142500
I-007462,O-02133,P-04,1,625000,625000
I-007463,O-02133,P-06,2,341000,682000
I-007464,O-02134,P-04,2,625000,1250000
I-007465,O-02134,P-06,1,341000,341000
I-007466,O-02134,P-08,2,36000,72000
I-007467,O-02134,P-02,1,210000,210000
I-007468,O-02134,P-07,2,280000,560000
I-007469,O-02135,P-07,1,280000,280000
I-007470,O-02135,P-06,3,341000,1023000
I-007471,O-02135,P-04,2,625000,1250000
I-007472,O-02136,P-07,2,280000,560000
I-007473,O-02136,P-01,3,45000,135000
I-007474,O-02136,P-06,3,341000,1023000
I-007475,O-02137,P-02,2,210000,420000
I-007476,O-02137,P-05,3,520000,1560000
I-007477,O-02138,P-05,3,520000,1560000
I-007478,O-02138,P-04,1,625000,625000
I-007479,O-02138,P-01,1,45000,45000
I-007480,O-02138,P-02,2,210000,420000
I-007481,O-02138,P-08,3,36000,108000
I-007482,O-02139,P-03,2,62000,124000
I-007483,O-02139,P-10,3,28000,84000
I-007484,O-02139,P-06,3,341000,1023000
I-007485,O-02139,P-04,3,625000,1875000
I-007486,O-02140,P-04,2,625000,1250000
I-007487,O-02140,P-08,3,36000,108000
I-007488,O-02141,P-04,1,625000,625000
I-007489,O-02141,P-06,3,341000,1023000
I-007490,O-02142,P-08,1,36000,36000
I-007491,O-02142,P-10,2,28000,56000
I-007492,O-02142,P-04,2,625000,1250000
I-007493,O-02142,P-02,2,210000,420000
I-007494,O-02143,P-03,3,62000,186000
I-007495,O-02143,P-09,3,47500,142500
I-007496,O-02143,P-02,2,210000,420000
I-007497,O-02143,P-04,1,625000,625000
I-007498,O-02143,P-05,3,520000,1560000
I-007499,O-02144,P-09,2,47500,95000
I-007500,O-02144,P-05,1,520000,520000
I-007501,O-02144,P-10,2,28000,56000
I-007502,O-02144,P-04,1,625000,625000
I-007503,O-02144,P-03,1,62000,62000
I-007504,O-02145,P-01,2,45000,90000
I-007505,O-02145,P-09,1,47500,47500
I-007506,O-02145,P-03,1,62000,62000
I-007507,O-02145,P-10,2,28000,56000
I-007508,O-02145,P-06,2,341000,682000
I-007509,O-02146,P-05,1,520000,520000
I-007510,O-02146,P-10,1,28000,28000
I-007511,O-02146,P-09,2,47500,95000
I-007512,O-02147,P-08,2,36000,72000
I-007513,O-02147,P-07,3,280000,840000
I-007514,O-02147,P-10,1,28000,28000
I-007515,O-02148,P-05,3,520000,1560000
I-007516,O-02148,P-10,2,28000,56000
I-007517,O-02149,P-10,2,28000,56000
I-007518,O-02149,P-01,1,45000,45000
I-007519,O-02149,P-06,3,341000,1023000
I-007520,O-02149,P-07,3,280000,840000
I-007521,O-02149,P-04,1,625000,625000
I-007522,O-02150,P-08,3,36000,108000
I-007523,O-02150,P-04,2,625000,1250000
I-007524,O-02151,P-06,1,341000,341000
I-007525,O-02151,P-04,3,625000,1875000
I-007526,O-02151,P-05,3,520000,1560000
I-007527,O-02152,P-05,2,520000,1040000
I-007528,O-02152,P-09,2,47500,95000
I-007529,O-02153,P-09,3,47500,142500
I-007530,O-02153,P-07,1,280000,280000
I-007531,O-02154,P-08,2,36000,72000
I-007532,O-02154,P-06,2,341000,682000
I-007533,O-02154,P-02,2,210000,420000
I-007534,O-02154,P-05,2,520000,1040000
I-007535,O-02155,P-07,2,280000,560000
I-007536,O-02155,P-04,1,625000,625000
I-007537,O-02155,P-03,3,62000,186000
I-007538,O-02156,P-07,1,280000,280000
I-007539,O-02156,P-04,3,625000,1875000
I-007540,O-02156,P-09,3,47500,142500
I-007541,O-02157,P-10,2,28000,56000
I-007542,O-02157,P-05,2,520000,1040000
I-007543,O-02157,P-07,3,280000,840000
I-007544,O-02157,P-08,2,36000,72000
I-007545,O-02157,P-01,1,45000,45000
I-007546,O-02158,P-08,3,36000,108000
I-007547,O-02158,P-06,3,341000,1023000
I-007548,O-02158,P-01,3,45000,135000
I-007549,O-02158,P-09,1,47500,47500
I-007550,O-02159,P-09,2,47500,95000
I-007551,O-02159,P-02,2,210000,420000
I-007552,O-02159,P-03,1,62000,62000
I-007553,O-02159,P-05,1,520000,520000
I-007554,O-02159,P-04,1,625000,625000
I-007555,O-02160,P-06,2,341000,682000
I-007556,O-02160,P-02,2,210000,420000
I-007557,O-02160,P-09,2,47500,95000
I-007558,O-02161,P-10,3,28000,84000
I-007559,O-02161,P-02,2,210000,420000
I-007560,O-02161,P-06,3,341000,1023000
I-007561,O-02161,P-01,1,45000,45000
I-007562,O-02161,P-07,2,280000,560000
I-007563,O-02162,P-10,2,28000,56000
I-007564,O-02162,P-04,1,625000,625000
I-007565,O-02162,P-06,1,341000,341000
I-007566,O-02162,P-02,2,210000,420000
I-007567,O-02162,P-01,2,45000,90000
I-007568,O-02163,P-08,1,36000,36000
I-007569,O-02163,P-03,1,62000,62000
I-007570,O-02164,P-04,2,625000,1250000
I-007571,O-02164,P-08,3,36000,108000
I-007572,O-02164,P-05,1,520000,520000
I-007573,O-02164,P-03,2,62000,124000
I-007574,O-02164,P-09,3,47500,142500
I-007575,O-02165,P-02,3,210000,630000
I-007576,O-02165,P-05,3,520000,1560000
I-007577,O-02165,P-06,2,341000,682000
I-007578,O-02165,P-03,2,62000,124000
I-007579,O-02165,P-10,1,28000,28000
I-007580,O-02166,P-03,2,62000,124000
I-007581,O-02166,P-06,1,341000,341000
I-007582,O-02166,P-07,2,280000,560000
I-007583,O-02166,P-04,1,625000,625000
I-007584,O-02167,P-03,2,62000,124000
I-007585,O-02167,P-10,1,28000,28000
I-007586,O-02167,P-05,3,520000,1560000
I-007587,O-02167,P-09,3,47500,142500
I-007588,O-02168,P-09,3,47500,142500
I-007589,O-02168,P-02,2,210000,420000
I-007590,O-02168,P-05,2,520000,1040000
I-007591,O-02169,P-04,3,625000,1875000
I-007592,O-02169,P-09,1,47500,47500
I-007593,O-02169,P-10,2,28000,56000
I-007594,O-02170,P-02,3,210000,630000
I-007595,O-02170,P-06,1,341000,341000
I-007596,O-02170,P-09,3,47500,142500
I-007597,O-02170,P-04,3,625000,1875000
I-007598,O-02171,P-07,1,280000,280000
I-007599,O-02171,P-05,3,520000,1560000
I-007600,O-02172,P-01,2,45000,90000
I-007601,O-02172,P-07,1,280000,280000
I-007602,O-02173,P-09,1,47500,47500
I-007603,O-02173,P-06,1,341000,341000
I-007604,O-02173,P-10,1,28000,28000
I-007605,O-02174,P-06,3,341000,1023000
I-007606,O-02174,P-08,3,36000,108000
I-007607,O-02175,P-07,3,280000,840000
I-007608,O-02175,P-06,1,341000,341000
I-007609,O-02175,P-09,3,47500,142500
I-007610,O-02175,P-10,3,28000,84000
I-007611,O-02176,P-02,2,210000,420000
I-007612,O-02176,P-05,3,520000,1560000
I-007613,O-02176,P-06,3,341000,1023000
I-007614,O-02176,P-08,1,36000,36000
I-007615,O-02176,P-10,3,28000,84000
I-007616,O-02177,P-09,2,47500,95000
I-007617,O-02177,P-01,1,45000,45000
I-007618,O-02177,P-08,1,36000,36000
I-007619,O-02177,P-02,1,210000,210000
I-007620,O-02177,P-03,2,62000,124000
I-007621,O-02178,P-08,1,36000,36000
I-007622,O-02178,P-02,2,210000,420000
I-007623,O-02179,P-06,2,341000,682000
I-007624,O-02179,P-01,1,45000,45000
I-007625,O-02179,P-10,1,28000,28000
I-007626,O-02179,P-05,1,520000,520000
I-007627,O-02180,P-03,3,62000,186000
I-007628,O-02180,P-08,3,36000,108000
I-007629,O-02180,P-01,3,45000,135000
I-007630,O-02180,P-07,3,280000,840000
I-007631,O-02181,P-01,3,45000,135000
I-007632,O-02181,P-04,3,625000,1875000
I-007633,O-02181,P-08,3,36000,108000
I-007634,O-02181,P-06,3,341000,1023000
I-007635,O-02182,P-10,3,28000,84000
I-007636,O-02182,P-09,2,47500,95000
I-007637,O-02183,P-09,2,47500,95000
I-007638,O-02183,P-01,3,45000,135000
I-007639,O-02183,P-10,3,28000,84000
I-007640,O-02183,P-07,3,280000,840000
I-007641,O-02183,P-03,3,62000,186000
I-007642,O-02184,P-03,2,62000,124000
I-007643,O-02184,P-09,3,47500,142500
I-007644,O-02185,P-10,3,28000,84000
I-007645,O-02185,P-03,3,62000,186000
I-007646,O-02185,P-01,1,45000,45000
I-007647,O-02186,P-04,2,625000,1250000
I-007648,O-02186,P-05,3,520000,1560000
I-007649,O-02186,P-01,3,45000,135000
I-007650,O-02186,P-07,2,280000,560000
I-007651,O-02187,P-08,3,36000,108000
I-007652,O-02187,P-10,3,28000,84000
I-007653,O-02187,P-05,2,520000,1040000
I-007654,O-02188,P-09,2,47500,95000
I-007655,O-02188,P-04,3,625000,1875000
I-007656,O-02188,P-07,2,280000,560000
I-007657,O-02189,P-05,1,520000,520000
I-007658,O-02189,P-06,1,341000,341000
I-007659,O-02189,P-10,1,28000,28000
I-007660,O-02189,P-01,3,45000,135000
I-007661,O-02189,P-08,3,36000,108000
I-007662,O-02190,P-08,1,36000,36000
I-007663,O-02190,P-09,2,47500,95000
I-007664,O-02190,P-05,1,520000,520000
I-007665,O-02190,P-06,2,341000,682000
I-007666,O-02190,P-03,2,62000,124000
I-007667,O-02191,P-01,1,45000,45000
I-007668,O-02191,P-10,1,28000,28000
I-007669,O-02192,P-02,1,210000,210000
I-007670,O-02192,P-05,1,520000,520000
I-007671,O-02192,P-08,3,36000,108000
I-007672,O-02193,P-02,2,210000,420000
I-007673,O-02193,P-03,2,62000,124000
I-007674,O-02193,P-07,3,280000,840000
I-007675,O-02193,P-04,2,625000,1250000
I-007676,O-02193,P-06,1,341000,341000
I-007677,O-02194,P-02,2,210000,420000
I-007678,O-02194,P-06,1,341000,341000
I-007679,O-02194,P-01,1,45000,45000
I-007680,O-02194,P-05,2,520000,1040000
I-007681,O-02195,P-03,3,62000,186000
I-007682,O-02195,P-10,2,28000,56000
I-007683,O-02195,P-06,1,341000,341000
I-007684,O-02195,P-02,3,210000,630000
I-007685,O-02195,P-05,2,520000,1040000
I-007686,O-02196,P-09,3,47500,142500
I-007687,O-02196,P-01,2,45000,90000
I-007688,O-02196,P-06,3,341000,1023000
I-007689,O-02196,P-05,1,520000,520000
I-007690,O-02197,P-06,2,341000,682000
I-007691,O-02197,P-07,2,280000,560000
I-007692,O-02197,P-02,2,210000,420000
I-007693,O-02197,P-05,3,520000,1560000
I-007694,O-02198,P-08,2,36000,72000
I-007695,O-02198,P-04,1,625000,625000
I-007696,O-02198,P-09,1,47500,47500
I-007697,O-02198,P-07,1,280000,280000
I-007698,O-02199,P-10,1,28000,28000
I-007699,O-02199,P-06,2,341000,682000
I-007700,O-02200,P-01,2,45000,90000
I-007701,O-02200,P-10,3,28000,84000
I-007702,O-02201,P-03,2,62000,124000
I-007703,O-02201,P-09,1,47500,47500
I-007704,O-02202,P-05,1,520000,520000
I-007705,O-02202,P-06,2,341000,682000
I-007706,O-02202,P-10,2,28000,56000
I-007707,O-02203,P-05,2,520000,1040000
I-007708,O-02203,P-01,3,45000,135000
I-007709,O-02203,P-04,1,625000,625000
I-007710,O-02203,P-07,3,280000,840000
I-007711,O-02203,P-02,1,210000,210000
I-007712,O-02204,P-05,2,520000,1040000
I-007713,O-02204,P-06,2,341000,682000
I-007714,O-02204,P-07,2,280000,560000
I-007715,O-02204,P-04,1,625000,625000
I-007716,O-02205,P-04,1,625000,625000
I-007717,O-02205,P-05,2,520000,1040000
I-007718,O-02206,P-01,1,45000,45000
I-007719,O-02206,P-07,2,280000,560000
I-007720,O-02206,P-02,1,210000,210000
I-007721,O-02207,P-06,1,341000,341000
I-007722,O-02207,P-05,1,520000,520000
I-007723,O-02207,P-08,3,36000,108000
I-007724,O-02207,P-03,1,62000,62000
I-007725,O-02207,P-10,2,28000,56000
I-007726,O-02208,P-03,3,62000,186000
I-007727,O-02208,P-01,1,45000,45000
I-007728,O-02208,P-05,2,520000,1040000
I-007729,O-02209,P-09,3,47500,142500
I-007730,O-02209,P-05,2,520000,1040000
I-007731,O-02209,P-07,1,280000,280000
I-007732,O-02210,P-10,1,28000,28000
I-007733,O-02210,P-01,3,45000,135000
I-007734,O-02210,P-02,2,210000,420000
I-007735,O-02211,P-05,2,520000,1040000
I-007736,O-02211,P-01,3,45000,135000
I-007737,O-02212,P-10,1,28000,28000
I-007738,O-02212,P-09,3,47500,142500
I-007739,O-02213,P-03,3,62000,186000
I-007740,O-02213,P-01,1,45000,45000
I-007741,O-02214,P-06,3,341000,1023000
I-007742,O-02214,P-10,1,28000,28000
I-007743,O-02214,P-03,3,62000,186000
I-007744,O-02214,P-04,1,625000,625000
I-007745,O-02215,P-07,2,280000,560000
I-007746,O-02215,P-06,2,341000,682000
I-007747,O-02215,P-04,2,625000,1250000
I-007748,O-02216,P-07,3,280000,840000
I-007749,O-02216,P-09,1,47500,47500
I-007750,O-02216,P-01,1,45000,45000
I-007751,O-02216,P-05,1,520000,520000
I-007752,O-02217,P-08,2,36000,72000
I-007753,O-02217,P-03,1,62000,62000
I-007754,O-02218,P-02,3,210000,630000
I-007755,O-02218,P-07,1,280000,280000
I-007756,O-02218,P-05,1,520000,520000
I-007757,O-02218,P-09,3,47500,142500
I-007758,O-02218,P-03,3,62000,186000
I-007759,O-02219,P-10,2,28000,56000
I-007760,O-02219,P-01,2,45000,90000
I-007761,O-02219,P-06,2,341000,682000
I-007762,O-02220,P-06,2,341000,682000
I-007763,O-02220,P-09,1,47500,47500
I-007764,O-02221,P-06,2,341000,682000
I-007765,O-02221,P-10,1,28000,28000
I-007766,O-02221,P-01,3,45000,135000
I-007767,O-02221,P-04,3,625000,1875000
I-007768,O-02221,P-09,3,47500,142500
I-007769,O-02222,P-06,2,341000,682000
I-007770,O-02222,P-08,1,36000,36000
I-007771,O-02222,P-10,3,28000,84000
I-007772,O-02223,P-01,1,45000,45000
I-007773,O-02223,P-09,2,47500,95000
I-007774,O-02224,P-05,3,520000,1560000
I-007775,O-02224,P-07,2,280000,560000
I-007776,O-02224,P-04,1,625000,625000
I-007777,O-02225,P-09,3,47500,142500
I-007778,O-02225,P-08,1,36000,36000
I-007779,O-02225,P-01,2,45000,90000
I-007780,O-02225,P-03,3,62000,186000
I-007781,O-02226,P-10,3,28000,84000
I-007782,O-02226,P-08,2,36000,72000
I-007783,O-02226,P-04,3,625000,1875000
I-007784,O-02226,P-05,3,520000,1560000
I-007785,O-02227,P-09,3,47500,142500
I-007786,O-02227,P-04,2,625000,1250000
I-007787,O-02227,P-05,1,520000,520000
I-007788,O-02227,P-08,1,36000,36000
I-007789,O-02228,P-06,1,341000,341000
I-007790,O-02228,P-03,2,62000,124000
I-007791,O-02228,P-02,3,210000,630000
I-007792,O-02229,P-01,2,45000,90000
I-007793,O-02229,P-04,3,625000,1875000
I-007794,O-02230,P-09,1,47500,47500
I-007795,O-02230,P-03,1,62000,62000
I-007796,O-02230,P-04,1,625000,625000
I-007797,O-02230,P-08,2,36000,72000
I-007798,O-02231,P-01,2,45000,90000
I-007799,O-02231,P-07,2,280000,560000
I-007800,O-02232,P-09,1,47500,47500
I-007801,O-02232,P-08,2,36000,72000
I-007802,O-02232,P-10,3,28000,84000
I-007803,O-02232,P-01,1,45000,45000
I-007804,O-02232,P-04,3,625000,1875000
I-007805,O-02233,P-03,3,62000,186000
I-007806,O-02233,P-02,3,210000,630000
I-007807,O-02233,P-04,1,625000,625000
I-007808,O-02234,P-07,3,280000,840000
I-007809,O-02234,P-03,2,62000,124000
I-007810,O-02235,P-04,2,625000,1250000
I-007811,O-02235,P-06,1,341000,341000
I-007812,O-02235,P-05,2,520000,1040000
I-007813,O-02236,P-10,1,28000,28000
I-007814,O-02236,P-08,2,36000,72000
I-007815,O-02236,P-04,3,625000,1875000
I-007816,O-02236,P-07,2,280000,560000
I-007817,O-02236,P-01,1,45000,45000
I-007818,O-02237,P-07,1,280000,280000
I-007819,O-02237,P-03,1,62000,62000
I-007820,O-02238,P-07,3,280000,840000
I-007821,O-02238,P-05,1,520000,520000
I-007822,O-02238,P-03,2,62000,124000
I-007823,O-02238,P-02,3,210000,630000
I-007824,O-02239,P-04,2,625000,1250000
I-007825,O-02239,P-02,2,210000,420000
I-007826,O-02240,P-02,3,210000,630000
I-007827,O-02240,P-06,2,341000,682000
I-007828,O-02240,P-07,3,280000,840000
I-007829,O-02240,P-05,3,520000,1560000
I-007830,O-02241,P-08,3,36000,108000
I-007831,O-02241,P-02,3,210000,630000
I-007832,O-02241,P-03,1,62000,62000
I-007833,O-02241,P-10,2,28000,56000
I-007834,O-02242,P-06,1,341000,341000
I-007835,O-02242,P-09,1,47500,47500
I-007836,O-02243,P-01,2,45000,90000
I-007837,O-02243,P-03,1,62000,62000
I-007838,O-02244,P-04,3,625000,1875000
I-007839,O-02244,P-01,1,45000,45000
I-007840,O-02244,P-02,1,210000,210000
I-007841,O-02244,P-07,2,280000,560000
I-007842,O-02244,P-08,3,36000,108000
I-007843,O-02245,P-06,2,341000,682000
I-007844,O-02245,P-10,2,28000,56000
I-007845,O-02245,P-03,3,62000,186000
I-007846,O-02245,P-05,2,520000,1040000
I-007847,O-02245,P-09,3,47500,142500
I-007848,O-02246,P-01,3,45000,135000
I-007849,O-02246,P-10,2,28000,56000
I-007850,O-02247,P-09,3,47500,142500
I-007851,O-02247,P-02,1,210000,210000
I-007852,O-02248,P-03,1,62000,62000
I-007853,O-02248,P-04,2,625000,1250000
I-007854,O-02249,P-06,1,341000,341000
I-007855,O-02249,P-07,2,280000,560000
I-007856,O-02249,P-02,2,210000,420000
I-007857,O-02249,P-10,3,28000,84000
I-007858,O-02250,P-10,3,28000,84000
I-007859,O-02250,P-03,2,62000,124000
I-007860,O-02251,P-04,3,625000,1875000
I-007861,O-02251,P-06,1,341000,341000
I-007862,O-02251,P-03,3,62000,186000
I-007863,O-02251,P-07,1,280000,280000
I-007864,O-02251,P-05,1,520000,520000
I-007865,O-02252,P-01,3,45000,135000
I-007866,O-02252,P-10,3,28000,84000
I-007867,O-02252,P-06,2,341000,682000
I-007868,O-02252,P-04,1,625000,625000
I-007869,O-02252,P-03,3,62000,186000
I-007870,O-02253,P-08,1,36000,36000
I-007871,O-02253,P-06,3,341000,1023000
I-007872,O-02253,P-05,2,520000,1040000
I-007873,O-02254,P-08,3,36000,108000
I-007874,O-02254,P-10,2,28000,56000
I-007875,O-02255,P-09,2,47500,95000
I-007876,O-02255,P-01,1,45000,45000
I-007877,O-02255,P-02,3,210000,630000
I-007878,O-02256,P-04,2,625000,1250000
I-007879,O-02256,P-01,1,45000,45000
I-007880,O-02256,P-09,1,47500,47500
I-007881,O-02256,P-06,1,341000,341000
I-007882,O-02256,P-08,1,36000,36000
I-007883,O-02257,P-04,3,625000,1875000
I-007884,O-02257,P-07,2,280000,560000
I-007885,O-02257,P-10,2,28000,56000
I-007886,O-02258,P-03,2,62000,124000
I-007887,O-02258,P-04,1,625000,625000
I-007888,O-02258,P-02,2,210000,420000
I-007889,O-02258,P-01,2,45000,90000
I-007890,O-02258,P-08,2,36000,72000
I-007891,O-02259,P-05,3,520000,1560000
I-007892,O-02259,P-03,3,62000,186000
I-007893,O-02259,P-09,3,47500,142500
I-007894,O-02259,P-02,2,210000,420000
I-007895,O-02260,P-06,2,341000,682000
I-007896,O-02260,P-01,3,45000,135000
I-007897,O-02260,P-03,3,62000,186000
I-007898,O-02260,P-10,3,28000,84000
I-007899,O-02260,P-07,3,280000,840000
I-007900,O-02261,P-05,1,520000,520000
I-007901,O-02261,P-06,1,341000,341000
I-007902,O-02261,P-08,1,36000,36000
I-007903,O-02261,P-02,3,210000,630000
I-007904,O-02262,P-08,1,36000,36000
I-007905,O-02262,P-03,1,62000,62000
I-007906,O-02262,P-10,1,28000,28000
I-007907,O-02262,P-05,1,520000,520000
I-007908,O-02262,P-07,1,280000,280000
I-007909,O-02263,P-09,1,47500,47500
I-007910,O-02263,P-05,3,520000,1560000
I-007911,O-02263,P-08,1,36000,36000
I-007912,O-02264,P-07,2,280000,560000
I-007913,O-02264,P-05,3,520000,1560000
I-007914,O-02265,P-02,1,210000,210000
I-007915,O-02265,P-06,3,341000,1023000
I-007916,O-02265,P-10,1,28000,28000
I-007917,O-02266,P-03,3,62000,186000
I-007918,O-02266,P-09,3,47500,142500
I-007919,O-02266,P-01,2,45000,90000
I-007920,O-02267,P-04,1,625000,625000
I-007921,O-02267,P-06,3,341000,1023000
I-007922,O-02268,P-09,3,47500,142500
I-007923,O-02268,P-08,3,36000,108000
I-007924,O-02269,P-07,1,280000,280000
I-007925,O-02269,P-09,2,47500,95000
I-007926,O-02269,P-01,3,45000,135000
I-007927,O-02270,P-04,3,625000,1875000
I-007928,O-02270,P-01,3,45000,135000
I-007929,O-02271,P-02,1,210000,210000
I-007930,O-02271,P-06,2,341000,682000
I-007931,O-02271,P-07,2,280000,560000
I-007932,O-02271,P-04,2,625000,1250000
I-007933,O-02272,P-06,1,341000,341000
I-007934,O-02272,P-10,1,28000,28000
I-007935,O-02272,P-02,3,210000,630000
I-007936,O-02272,P-09,3,47500,142500
I-007937,O-02272,P-05,3,520000,1560000
I-007938,O-02273,P-03,1,62000,62000
I-007939,O-02273,P-01,1,45000,45000
I-007940,O-02273,P-08,3,36000,108000
I-007941,O-02273,P-06,3,341000,1023000
I-007942,O-02273,P-07,3,280000,840000
I-007943,O-02274,P-08,3,36000,108000
I-007944,O-02274,P-09,1,47500,47500
I-007945,O-02274,P-01,3,45000,135000
I-007946,O-02274,P-06,1,341000,341000
I-007947,O-02275,P-02,2,210000,420000
I-007948,O-02275,P-04,3,625000,1875000
I-007949,O-02276,P-02,1,210000,210000
I-007950,O-02276,P-07,2,280000,560000
I-007951,O-02276,P-10,3,28000,84000
I-007952,O-02277,P-03,1,62000,62000
I-007953,O-02277,P-04,3,625000,1875000
I-007954,O-02277,P-08,2,36000,72000
I-007955,O-02278,P-02,3,210000,630000
I-007956,O-02278,P-01,2,45000,90000
I-007957,O-02278,P-07,3,280000,840000
I-007958,O-02278,P-06,1,341000,341000
I-007959,O-02278,P-05,1,520000,520000
I-007960,O-02279,P-04,3,625000,1875000
I-007961,O-02279,P-10,1,28000,28000
I-007962,O-02279,P-09,1,47500,47500
I-007963,O-02279,P-03,2,62000,124000
I-007964,O-02279,P-02,3,210000,630000
I-007965,O-02280,P-10,3,28000,84000
I-007966,O-02280,P-09,3,47500,142500
I-007967,O-02280,P-05,3,520000,1560000
I-007968,O-02281,P-04,1,625000,625000
I-007969,O-02281,P-03,1,62000,62000
I-007970,O-02281,P-07,1,280000,280000
I-007971,O-02281,P-02,1,210000,210000
I-007972,O-02282,P-02,1,210000,210000
I-007973,O-02282,P-01,3,45000,135000
I-007974,O-02282,P-08,3,36000,108000
I-007975,O-02283,P-05,3,520000,1560000
I-007976,O-02283,P-02,1,210000,210000
I-007977,O-02283,P-07,2,280000,560000
I-007978,O-02284,P-06,1,341000,341000
I-007979,O-02284,P-03,3,62000,186000
I-007980,O-02285,P-01,1,45000,45000
I-007981,O-02285,P-03,2,62000,124000
I-007982,O-02286,P-07,1,280000,280000
I-007983,O-02286,P-02,1,210000,210000
I-007984,O-02287,P-07,1,280000,280000
I-007985,O-02287,P-01,1,45000,45000
I-007986,O-02287,P-09,3,47500,142500
I-007987,O-02288,P-07,2,280000,560000
I-007988,O-02288,P-05,1,520000,520000
I-007989,O-02289,P-04,1,625000,625000
I-007990,O-02289,P-09,2,47500,95000
I-007991,O-02290,P-06,1,341000,341000
I-007992,O-02290,P-08,3,36000,108000
I-007993,O-02290,P-04,1,625000,625000
I-007994,O-02291,P-05,2,520000,1040000
I-007995,O-02291,P-02,2,210000,420000
I-007996,O-02291,P-06,1,341000,341000
I-007997,O-02291,P-04,3,625000,1875000
I-007998,O-02292,P-04,1,625000,625000
I-007999,O-02292,P-08,1,36000,36000
I-008000,O-02292,P-01,3,45000,135000
I-008001,O-02292,P-03,3,62000,186000
I-008002,O-02292,P-02,2,210000,420000
I-008003,O-02293,P-07,2,280000,560000
I-008004,O-02293,P-08,1,36000,36000
I-008005,O-02294,P-06,2,341000,682000
I-008006,O-02294,P-04,3,625000,1875000
I-008007,O-02294,P-05,1,520000,520000
I-008008,O-02294,P-02,1,210000,210000
I-008009,O-02295,P-02,1,210000,210000
I-008010,O-02295,P-06,3,341000,1023000
I-008011,O-02295,P-03,2,62000,124000
I-008012,O-02296,P-09,1,47500,47500
I-008013,O-02296,P-07,1,280000,280000
I-008014,O-02297,P-10,2,28000,56000
I-008015,O-02297,P-06,1,341000,341000
I-008016,O-02298,P-08,1,36000,36000
I-008017,O-02298,P-02,2,210000,420000
I-008018,O-02298,P-09,1,47500,47500
I-008019,O-02298,P-05,2,520000,1040000
I-008020,O-02298,P-01,2,45000,90000
I-008021,O-02299,P-02,1,210000,210000
I-008022,O-02299,P-07,3,280000,840000
I-008023,O-02300,P-06,2,341000,682000
I-008024,O-02300,P-04,1,625000,625000
I-008025,O-02301,P-10,2,28000,56000
I-008026,O-02301,P-05,1,520000,520000
I-008027,O-02302,P-01,1,45000,45000
I-008028,O-02302,P-09,2,47500,95000
I-008029,O-02302,P-06,3,341000,1023000
I-008030,O-02302,P-07,2,280000,560000
I-008031,O-02302,P-03,1,62000,62000
I-008032,O-02303,P-10,1,28000,28000
I-008033,O-02303,P-02,2,210000,420000
I-008034,O-02303,P-07,3,280000,840000
I-008035,O-02304,P-08,3,36000,108000
I-008036,O-02304,P-02,1,210000,210000
I-008037,O-02304,P-06,3,341000,1023000
I-008038,O-02305,P-07,2,280000,560000
I-008039,O-02305,P-03,3,62000,186000
I-008040,O-02305,P-04,2,625000,1250000
I-008041,O-02306,P-09,2,47500,95000
I-008042,O-02306,P-06,1,341000,341000
I-008043,O-02306,P-03,3,62000,186000
I-008044,O-02307,P-08,3,36000,108000
I-008045,O-02307,P-02,3,210000,630000
I-008046,O-02308,P-10,3,28000,84000
I-008047,O-02308,P-04,1,625000,625000
I-008048,O-02308,P-09,1,47500,47500
I-008049,O-02308,P-02,1,210000,210000
I-008050,O-02309,P-04,1,625000,625000
I-008051,O-02309,P-05,2,520000,1040000
I-008052,O-02309,P-09,1,47500,47500
I-008053,O-02310,P-05,3,520000,1560000
I-008054,O-02310,P-01,3,45000,135000
I-008055,O-02310,P-02,3,210000,630000
I-008056,O-02310,P-10,1,28000,28000
I-008057,O-02311,P-03,2,62000,124000
I-008058,O-02311,P-06,2,341000,682000
I-008059,O-02311,P-07,1,280000,280000
I-008060,O-02311,P-01,2,45000,90000
I-008061,O-02312,P-05,1,520000,520000
I-008062,O-02312,P-10,3,28000,84000
I-008063,O-02312,P-06,3,341000,1023000
I-008064,O-02313,P-01,1,45000,45000
I-008065,O-02313,P-10,1,28000,28000
I-008066,O-02313,P-04,2,625000,1250000
I-008067,O-02313,P-09,2,47500,95000
I-008068,O-02314,P-09,3,47500,142500
I-008069,O-02314,P-04,2,625000,1250000
I-008070,O-02314,P-05,1,520000,520000
I-008071,O-02315,P-01,1,45000,45000
I-008072,O-02315,P-10,1,28000,28000
I-008073,O-02315,P-08,3,36000,108000
I-008074,O-02315,P-05,3,520000,1560000
I-008075,O-02315,P-03,3,62000,186000
I-008076,O-02316,P-09,1,47500,47500
I-008077,O-02316,P-04,3,625000,1875000
I-008078,O-02316,P-03,2,62000,124000
I-008079,O-02316,P-05,1,520000,520000
I-008080,O-02317,P-04,3,625000,1875000
I-008081,O-02317,P-03,3,62000,186000
I-008082,O-02318,P-07,1,280000,280000
I-008083,O-02318,P-05,3,520000,1560000
I-008084,O-02318,P-08,1,36000,36000
I-008085,O-02319,P-06,3,341000,1023000
I-008086,O-02319,P-01,1,45000,45000
I-008087,O-02319,P-10,1,28000,28000
I-008088,O-02320,P-09,2,47500,95000
I-008089,O-02320,P-10,3,28000,84000
I-008090,O-02320,P-06,3,341000,1023000
I-008091,O-02320,P-03,1,62000,62000
I-008092,O-02321,P-03,3,62000,186000
I-008093,O-02321,P-06,3,341000,1023000
I-008094,O-02321,P-02,2,210000,420000
I-008095,O-02321,P-09,2,47500,95000
I-008096,O-02321,P-10,2,28000,56000
I-008097,O-02322,P-02,1,210000,210000
I-008098,O-02322,P-01,3,45000,135000
I-008099,O-02323,P-01,2,45000,90000
I-008100,O-02323,P-02,3,210000,630000
I-008101,O-02323,P-04,2,625000,1250000
I-008102,O-02323,P-09,1,47500,47500
I-008103,O-02323,P-10,2,28000,56000
I-008104,O-02324,P-10,2,28000,56000
I-008105,O-02324,P-05,2,520000,1040000
I-008106,O-02324,P-01,3,45000,135000
I-008107,O-02324,P-07,1,280000,280000
I-008108,O-02324,P-02,1,210000,210000
I-008109,O-02325,P-08,1,36000,36000
I-008110,O-02325,P-03,3,62000,186000
I-008111,O-02325,P-09,1,47500,47500
I-008112,O-02325,P-02,2,210000,420000
I-008113,O-02325,P-04,3,625000,1875000
I-008114,O-02326,P-04,3,625000,1875000
I-008115,O-02326,P-05,3,520000,1560000
I-008116,O-02326,P-10,1,28000,28000
I-008117,O-02327,P-06,1,341000,341000
I-008118,O-02327,P-08,2,36000,72000
I-008119,O-02328,P-06,1,341000,341000
I-008120,O-02328,P-01,1,45000,45000
I-008121,O-02328,P-08,1,36000,36000
I-008122,O-02329,P-10,2,28000,56000
I-008123,O-02329,P-03,3,62000,186000
I-008124,O-02329,P-08,3,36000,108000
I-008125,O-02329,P-01,1,45000,45000
I-008126,O-02329,P-07,1,280000,280000
I-008127,O-02330,P-07,2,280000,560000
I-008128,O-02330,P-05,3,520000,1560000
I-008129,O-02330,P-04,2,625000,1250000
I-008130,O-02330,P-09,1,47500,47500
I-008131,O-02331,P-08,2,36000,72000
I-008132,O-02331,P-09,1,47500,47500
I-008133,O-02331,P-04,1,625000,625000
I-008134,O-02331,P-01,3,45000,135000
I-008135,O-02332,P-02,3,210000,630000
I-008136,O-02332,P-01,1,45000,45000
I-008137,O-02332,P-04,1,625000,625000
I-008138,O-02333,P-02,1,210000,210000
I-008139,O-02333,P-08,2,36000,72000
I-008140,O-02333,P-04,3,625000,1875000
I-008141,O-02333,P-07,3,280000,840000
I-008142,O-02334,P-01,1,45000,45000
I-008143,O-02334,P-05,1,520000,520000
I-008144,O-02334,P-08,2,36000,72000
I-008145,O-02334,P-10,3,28000,84000
I-008146,O-02335,P-10,3,28000,84000
I-008147,O-02335,P-08,3,36000,108000
I-008148,O-02335,P-02,3,210000,630000
I-008149,O-02335,P-04,1,625000,625000
I-008150,O-02336,P-10,1,28000,28000
I-008151,O-02336,P-07,1,280000,280000
I-008152,O-02337,P-04,1,625000,625000
I-008153,O-02337,P-09,3,47500,142500
I-008154,O-02337,P-05,3,520000,1560000
I-008155,O-02337,P-08,1,36000,36000
I-008156,O-02338,P-01,3,45000,135000
I-008157,O-02338,P-10,1,28000,28000
I-008158,O-02338,P-08,1,36000,36000
I-008159,O-02338,P-02,3,210000,630000
I-008160,O-02338,P-06,2,341000,682000
I-008161,O-02339,P-03,3,62000,186000
I-008162,O-02339,P-05,3,520000,1560000
I-008163,O-02339,P-08,1,36000,36000
I-008164,O-02339,P-01,2,45000,90000
I-008165,O-02339,P-07,1,280000,280000
I-008166,O-02340,P-09,1,47500,47500
I-008167,O-02340,P-07,1,280000,280000
I-008168,O-02340,P-06,3,341000,1023000
I-008169,O-02341,P-02,1,210000,210000
I-008170,O-02341,P-01,2,45000,90000
I-008171,O-02342,P-06,3,341000,1023000
I-008172,O-02342,P-05,3,520000,1560000
I-008173,O-02342,P-09,3,47500,142500
I-008174,O-02342,P-04,1,625000,625000
I-008175,O-02342,P-02,1,210000,210000
I-008176,O-02343,P-02,1,210000,210000
I-008177,O-02343,P-03,1,62000,62000
I-008178,O-02343,P-09,1,47500,47500
I-008179,O-02343,P-10,2,28000,56000
I-008180,O-02343,P-08,3,36000,108000
I-008181,O-02344,P-04,1,625000,625000
I-008182,O-02344,P-06,2,341000,682000
I-008183,O-02344,P-09,2,47500,95000
I-008184,O-02344,P-05,3,520000,1560000
I-008185,O-02345,P-03,3,62000,186000
I-008186,O-02345,P-02,3,210000,630000
I-008187,O-02345,P-09,2,47500,95000
I-008188,O-02345,P-04,1,625000,625000
I-008189,O-02345,P-01,2,45000,90000
I-008190,O-02346,P-08,3,36000,108000
I-008191,O-02346,P-07,2,280000,560000
I-008192,O-02346,P-10,1,28000,28000
I-008193,O-02347,P-04,3,625000,1875000
I-008194,O-02347,P-10,2,28000,56000
I-008195,O-02347,P-07,2,280000,560000
I-008196,O-02348,P-02,1,210000,210000
I-008197,O-02348,P-05,1,520000,520000
I-008198,O-02348,P-10,1,28000,28000
I-008199,O-02349,P-09,2,47500,95000
I-008200,O-02349,P-01,1,45000,45000
I-008201,O-02349,P-10,1,28000,28000
I-008202,O-02349,P-02,3,210000,630000
I-008203,O-02350,P-10,1,28000,28000
I-008204,O-02350,P-06,2,341000,682000
I-008205,O-02350,P-05,3,520000,1560000
I-008206,O-02350,P-01,1,45000,45000
I-008207,O-02351,P-02,1,210000,210000
I-008208,O-02351,P-03,1,62000,62000
I-008209,O-02352,P-02,2,210000,420000
I-008210,O-02352,P-06,2,341000,682000
I-008211,O-02352,P-07,1,280000,280000
I-008212,O-02352,P-05,2,520000,1040000
I-008213,O-02353,P-08,3,36000,108000
I-008214,O-02353,P-10,1,28000,28000
I-008215,O-02354,P-05,2,520000,1040000
I-008216,O-02354,P-09,3,47500,142500
I-008217,O-02354,P-07,1,280000,280000
I-008218,O-02354,P-01,1,45000,45000
I-008219,O-02355,P-03,3,62000,186000
I-008220,O-02355,P-06,2,341000,682000
I-008221,O-02355,P-05,3,520000,1560000
I-008222,O-02356,P-08,2,36000,72000
I-008223,O-02356,P-07,1,280000,280000
I-008224,O-02356,P-04,1,625000,625000
I-008225,O-02356,P-05,2,520000,1040000
I-008226,O-02356,P-10,3,28000,84000
I-008227,O-02357,P-03,3,62000,186000
I-008228,O-02357,P-07,3,280000,840000
I-008229,O-02357,P-09,3,47500,142500
I-008230,O-02357,P-05,1,520000,520000
I-008231,O-02357,P-06,2,341000,682000
I-008232,O-02358,P-10,3,28000,84000
I-008233,O-02358,P-09,3,47500,142500
I-008234,O-02358,P-05,1,520000,520000
I-008235,O-02358,P-06,1,341000,341000
I-008236,O-02358,P-08,2,36000,72000
I-008237,O-02359,P-08,1,36000,36000
I-008238,O-02359,P-04,1,625000,625000
I-008239,O-02359,P-02,1,210000,210000
I-008240,O-02359,P-05,1,520000,520000
I-008241,O-02360,P-03,2,62000,124000
I-008242,O-02360,P-06,3,341000,1023000
I-008243,O-02360,P-05,3,520000,1560000
I-008244,O-02360,P-01,3,45000,135000
I-008245,O-02360,P-04,1,625000,625000
I-008246,O-02361,P-01,1,45000,45000
I-008247,O-02361,P-09,2,47500,95000
I-008248,O-02361,P-04,3,625000,1875000
I-008249,O-02361,P-07,3,280000,840000
I-008250,O-02361,P-05,2,520000,1040000
I-008251,O-02362,P-03,3,62000,186000
I-008252,O-02362,P-02,2,210000,420000
I-008253,O-02363,P-09,1,47500,47500
I-008254,O-02363,P-01,2,45000,90000
I-008255,O-02363,P-04,2,625000,1250000
I-008256,O-02363,P-06,2,341000,682000
I-008257,O-02363,P-03,3,62000,186000
I-008258,O-02364,P-07,2,280000,560000
I-008259,O-02364,P-10,1,28000,28000
I-008260,O-02364,P-02,1,210000,210000
I-008261,O-02364,P-09,1,47500,47500
I-008262,O-02365,P-04,1,625000,625000
I-008263,O-02365,P-09,2,47500,95000
I-008264,O-02365,P-06,1,341000,341000
I-008265,O-02365,P-07,3,280000,840000
I-008266,O-02366,P-10,1,28000,28000
I-008267,O-02366,P-05,2,520000,1040000
I-008268,O-02366,P-09,2,47500,95000
I-008269,O-02366,P-08,2,36000,72000
I-008270,O-02367,P-02,1,210000,210000
I-008271,O-02367,P-03,3,62000,186000
I-008272,O-02368,P-07,1,280000,280000
I-008273,O-02368,P-05,3,520000,1560000
I-008274,O-02368,P-01,3,45000,135000
I-008275,O-02368,P-04,3,625000,1875000
I-008276,O-02369,P-06,1,341000,341000
I-008277,O-02369,P-05,3,520000,1560000
I-008278,O-02369,P-03,1,62000,62000
I-008279,O-02369,P-07,2,280000,560000
I-008280,O-02370,P-03,1,62000,62000
I-008281,O-02370,P-10,3,28000,84000
I-008282,O-02370,P-05,3,520000,1560000
I-008283,O-02371,P-07,2,280000,560000
I-008284,O-02371,P-06,3,341000,1023000
I-008285,O-02371,P-04,2,625000,1250000
I-008286,O-02371,P-08,3,36000,108000
I-008287,O-02372,P-10,3,28000,84000
I-008288,O-02372,P-05,3,520000,1560000
I-008289,O-02372,P-04,1,625000,625000
I-008290,O-02372,P-03,3,62000,186000
I-008291,O-02373,P-10,2,28000,56000
I-008292,O-02373,P-09,2,47500,95000
I-008293,O-02373,P-03,1,62000,62000
I-008294,O-02373,P-02,2,210000,420000
I-008295,O-02374,P-02,1,210000,210000
I-008296,O-02374,P-07,3,280000,840000
I-008297,O-02374,P-03,1,62000,62000
I-008298,O-02375,P-09,1,47500,47500
I-008299,O-02375,P-10,3,28000,84000
I-008300,O-02375,P-01,1,45000,45000
I-008301,O-02375,P-04,3,625000,1875000
I-008302,O-02375,P-07,1,280000,280000
I-008303,O-02376,P-10,1,28000,28000
I-008304,O-02376,P-06,2,341000,682000
I-008305,O-02376,P-07,2,280000,560000
I-008306,O-02377,P-04,1,625000,625000
I-008307,O-02377,P-01,3,45000,135000
I-008308,O-02377,P-03,2,62000,124000
I-008309,O-02377,P-08,3,36000,108000
I-008310,O-02378,P-04,1,625000,625000
I-008311,O-02378,P-06,1,341000,341000
I-008312,O-02379,P-01,1,45000,45000
I-008313,O-02379,P-07,3,280000,840000
I-008314,O-02379,P-09,3,47500,142500
I-008315,O-02379,P-03,3,62000,186000
I-008316,O-02379,P-05,2,520000,1040000
I-008317,O-02380,P-07,3,280000,840000
I-008318,O-02380,P-05,1,520000,520000
I-008319,O-02380,P-08,3,36000,108000
I-008320,O-02381,P-06,2,341000,682000
I-008321,O-02381,P-05,1,520000,520000
I-008322,O-02381,P-07,3,280000,840000
I-008323,O-02381,P-08,3,36000,108000
I-008324,O-02381,P-04,2,625000,1250000
I-008325,O-02382,P-02,3,210000,630000
I-008326,O-02382,P-06,3,341000,1023000
I-008327,O-02383,P-08,3,36000,108000
I-008328,O-02383,P-07,2,280000,560000
I-008329,O-02383,P-09,3,47500,142500
I-008330,O-02383,P-01,2,45000,90000
I-008331,O-02383,P-06,2,341000,682000
I-008332,O-02384,P-06,3,341000,1023000
I-008333,O-02384,P-04,1,625000,625000
I-008334,O-02384,P-09,2,47500,95000
I-008335,O-02384,P-10,2,28000,56000
I-008336,O-02385,P-05,2,520000,1040000
I-008337,O-02385,P-10,1,28000,28000
I-008338,O-02385,P-07,3,280000,840000
I-008339,O-02385,P-02,1,210000,210000
I-008340,O-02386,P-05,2,520000,1040000
I-008341,O-02386,P-01,3,45000,135000
I-008342,O-02387,P-01,1,45000,45000
I-008343,O-02387,P-05,3,520000,1560000
I-008344,O-02387,P-04,1,625000,625000
I-008345,O-02388,P-07,2,280000,560000
I-008346,O-02388,P-06,2,341000,682000
I-008347,O-02388,P-02,1,210000,210000
I-008348,O-02388,P-04,3,625000,1875000
I-008349,O-02389,P-09,2,47500,95000
I-008350,O-02389,P-03,1,62000,62000
I-008351,O-02389,P-02,3,210000,630000
I-008352,O-02390,P-10,2,28000,56000
I-008353,O-02390,P-05,1,520000,520000
I-008354,O-02391,P-03,1,62000,62000
I-008355,O-02391,P-02,3,210000,630000
I-008356,O-02392,P-03,2,62000,124000
I-008357,O-02392,P-05,3,520000,1560000
I-008358,O-02392,P-07,3,280000,840000
I-008359,O-02392,P-01,2,45000,90000
I-008360,O-02392,P-06,1,341000,341000
I-008361,O-02393,P-02,2,210000,420000
I-008362,O-02393,P-09,2,47500,95000
I-008363,O-02394,P-03,1,62000,62000
I-008364,O-02394,P-04,2,625000,1250000
I-008365,O-02394,P-06,2,341000,682000
I-008366,O-02394,P-02,3,210000,630000
I-008367,O-02395,P-04,2,625000,1250000
I-008368,O-02395,P-08,3,36000,108000
I-008369,O-02395,P-05,3,520000,1560000
I-008370,O-02396,P-07,3,280000,840000
I-008371,O-02396,P-06,1,341000,341000
I-008372,O-02396,P-01,1,45000,45000
I-008373,O-02396,P-03,2,62000,124000
I-008374,O-02396,P-08,3,36000,108000
I-008375,O-02397,P-09,1,47500,47500
I-008376,O-02397,P-07,3,280000,840000
I-008377,O-02397,P-01,2,45000,90000
I-008378,O-02397,P-08,2,36000,72000
I-008379,O-02397,P-02,3,210000,630000
I-008380,O-02398,P-05,2,520000,1040000
I-008381,O-02398,P-02,3,210000,630000
I-008382,O-02398,P-07,2,280000,560000
I-008383,O-02398,P-10,3,28000,84000
I-008384,O-02398,P-06,1,341000,341000
I-008385,O-02399,P-07,3,280000,840000
I-008386,O-02399,P-06,2,341000,682000
I-008387,O-02399,P-02,2,210000,420000
I-008388,O-02399,P-05,2,520000,1040000
I-008389,O-02399,P-10,2,28000,56000
I-008390,O-02400,P-10,2,28000,56000
I-008391,O-02400,P-09,3,47500,142500
I-008392,O-02400,P-02,1,210000,210000
I-008393,O-02401,P-05,2,520000,1040000
I-008394,O-02401,P-01,3,45000,135000
I-008395,O-02402,P-10,3,28000,84000
I-008396,O-02402,P-01,2,45000,90000
I-008397,O-02402,P-09,1,47500,47500
I-008398,O-02403,P-07,1,280000,280000
I-008399,O-02403,P-10,3,28000,84000
I-008400,O-02403,P-06,2,341000,682000
I-008401,O-02404,P-01,2,45000,90000
I-008402,O-02404,P-04,2,625000,1250000
I-008403,O-02405,P-08,2,36000,72000
I-008404,O-02405,P-07,3,280000,840000
I-008405,O-02405,P-03,3,62000,186000
I-008406,O-02405,P-02,2,210000,420000
I-008407,O-02405,P-01,3,45000,135000
I-008408,O-02406,P-05,1,520000,520000
I-008409,O-02406,P-03,2,62000,124000
I-008410,O-02406,P-02,1,210000,210000
I-008411,O-02406,P-08,2,36000,72000
I-008412,O-02407,P-04,2,625000,1250000
I-008413,O-02407,P-01,1,45000,45000
I-008414,O-02407,P-03,2,62000,124000
I-008415,O-02408,P-01,1,45000,45000
I-008416,O-02408,P-10,2,28000,56000
I-008417,O-02408,P-09,3,47500,142500
I-008418,O-02408,P-04,3,625000,1875000
I-008419,O-02409,P-06,1,341000,341000
I-008420,O-02409,P-04,1,625000,625000
I-008421,O-02409,P-02,3,210000,630000
I-008422,O-02409,P-05,3,520000,1560000
I-008423,O-02410,P-10,1,28000,28000
I-008424,O-02410,P-02,2,210000,420000
I-008425,O-02411,P-06,2,341000,682000
I-008426,O-02411,P-08,2,36000,72000
I-008427,O-02411,P-10,3,28000,84000
I-008428,O-02412,P-03,2,62000,124000
I-008429,O-02412,P-08,2,36000,72000
I-008430,O-02412,P-02,2,210000,420000
I-008431,O-02413,P-07,1,280000,280000
I-008432,O-02413,P-02,2,210000,420000
I-008433,O-02413,P-08,2,36000,72000
I-008434,O-02413,P-06,3,341000,1023000
I-008435,O-02414,P-09,1,47500,47500
I-008436,O-02414,P-01,3,45000,135000
I-008437,O-02415,P-04,2,625000,1250000
I-008438,O-02415,P-02,1,210000,210000
I-008439,O-02416,P-09,1,47500,47500
I-008440,O-02416,P-06,3,341000,1023000
I-008441,O-02416,P-10,3,28000,84000
I-008442,O-02417,P-01,1,45000,45000
I-008443,O-02417,P-05,2,520000,1040000
I-008444,O-02418,P-10,1,28000,28000
I-008445,O-02418,P-04,3,625000,1875000
I-008446,O-02418,P-05,3,520000,1560000
I-008447,O-02419,P-05,3,520000,1560000
I-008448,O-02419,P-02,3,210000,630000
I-008449,O-02420,P-05,1,520000,520000
I-008450,O-02420,P-06,3,341000,1023000
I-008451,O-02420,P-10,2,28000,56000
I-008452,O-02420,P-04,1,625000,625000
I-008453,O-02420,P-02,1,210000,210000
I-008454,O-02421,P-10,2,28000,56000
I-008455,O-02421,P-01,1,45000,45000
I-008456,O-02421,P-07,3,280000,840000
I-008457,O-02421,P-05,3,520000,1560000
I-008458,O-02421,P-08,2,36000,72000
I-008459,O-02422,P-10,3,28000,84000
I-008460,O-02422,P-03,3,62000,186000
I-008461,O-02423,P-01,2,45000,90000
I-008462,O-02423,P-10,2,28000,56000
I-008463,O-02423,P-07,1,280000,280000
I-008464,O-02424,P-03,2,62000,124000
I-008465,O-02424,P-08,2,36000,72000
I-008466,O-02425,P-07,2,280000,560000
I-008467,O-02425,P-04,2,625000,1250000
I-008468,O-02425,P-10,3,28000,84000
I-008469,O-02425,P-08,3,36000,108000
I-008470,O-02425,P-06,2,341000,682000
I-008471,O-02426,P-06,3,341000,1023000
I-008472,O-02426,P-02,3,210000,630000
I-008473,O-02426,P-01,3,45000,135000
I-008474,O-02427,P-06,3,341000,1023000
I-008475,O-02427,P-07,3,280000,840000
I-008476,O-02427,P-04,2,625000,1250000
I-008477,O-02427,P-05,1,520000,520000
I-008478,O-02427,P-02,1,210000,210000
I-008479,O-02428,P-01,3,45000,135000
I-008480,O-02428,P-05,1,520000,520000
I-008481,O-02428,P-10,1,28000,28000
I-008482,O-02429,P-07,3,280000,840000
I-008483,O-02429,P-02,1,210000,210000
I-008484,O-02429,P-01,3,45000,135000
I-008485,O-02430,P-07,3,280000,840000
I-008486,O-02430,P-05,1,520000,520000
I-008487,O-02430,P-10,3,28000,84000
I-008488,O-02431,P-06,1,341000,341000
I-008489,O-02431,P-05,2,520000,1040000
I-008490,O-02431,P-10,3,28000,84000
I-008491,O-02432,P-05,3,520000,1560000
I-008492,O-02432,P-01,3,45000,135000
I-008493,O-02433,P-09,3,47500,142500
I-008494,O-02433,P-06,2,341000,682000
I-008495,O-02433,P-01,3,45000,135000
I-008496,O-02433,P-03,3,62000,186000
I-008497,O-02433,P-08,1,36000,36000
I-008498,O-02434,P-01,3,45000,135000
I-008499,O-02434,P-10,1,28000,28000
I-008500,O-02434,P-05,2,520000,1040000
I-008501,O-02435,P-06,3,341000,1023000
I-008502,O-02435,P-09,1,47500,47500
I-008503,O-02435,P-08,2,36000,72000
I-008504,O-02435,P-10,3,28000,84000
I-008505,O-02436,P-07,3,280000,840000
I-008506,O-02436,P-05,1,520000,520000
I-008507,O-02436,P-03,2,62000,124000
I-008508,O-02437,P-09,2,47500,95000
I-008509,O-02437,P-08,3,36000,108000
I-008510,O-02437,P-01,2,45000,90000
I-008511,O-02438,P-05,1,520000,520000
I-008512,O-02438,P-10,3,28000,84000
I-008513,O-02438,P-07,3,280000,840000
I-008514,O-02438,P-04,1,625000,625000
I-008515,O-02438,P-08,2,36000,72000
I-008516,O-02439,P-04,1,625000,625000
I-008517,O-02439,P-08,3,36000,108000
I-008518,O-02440,P-01,2,45000,90000
I-008519,O-02440,P-02,2,210000,420000
I-008520,O-02441,P-09,1,47500,47500
I-008521,O-02441,P-01,1,45000,45000
I-008522,O-02441,P-07,1,280000,280000
I-008523,O-02442,P-02,3,210000,630000
I-008524,O-02442,P-09,1,47500,47500
I-008525,O-02442,P-07,3,280000,840000
I-008526,O-02443,P-09,1,47500,47500
I-008527,O-02443,P-06,1,341000,341000
I-008528,O-02443,P-05,2,520000,1040000
I-008529,O-02443,P-01,2,45000,90000
I-008530,O-02443,P-04,3,625000,1875000
I-008531,O-02444,P-07,1,280000,280000
I-008532,O-02444,P-03,3,62000,186000
I-008533,O-02444,P-08,2,36000,72000
I-008534,O-02444,P-09,3,47500,142500
I-008535,O-02445,P-08,1,36000,36000
I-008536,O-02445,P-03,1,62000,62000
I-008537,O-02445,P-07,3,280000,840000
I-008538,O-02446,P-07,2,280000,560000
I-008539,O-02446,P-05,3,520000,1560000
I-008540,O-02446,P-08,3,36000,108000
I-008541,O-02446,P-01,1,45000,45000
I-008542,O-02446,P-02,2,210000,420000
I-008543,O-02447,P-04,3,625000,1875000
I-008544,O-02447,P-08,1,36000,36000
I-008545,O-02447,P-06,3,341000,1023000
I-008546,O-02447,P-03,3,62000,186000
I-008547,O-02448,P-04,2,625000,1250000
I-008548,O-02448,P-06,3,341000,1023000
I-008549,O-02448,P-10,2,28000,56000
I-008550,O-02448,P-07,3,280000,840000
I-008551,O-02448,P-02,1,210000,210000
I-008552,O-02449,P-04,2,625000,1250000
I-008553,O-02449,P-05,3,520000,1560000
I-008554,O-02450,P-06,2,341000,682000
I-008555,O-02450,P-03,2,62000,124000
I-008556,O-02450,P-10,3,28000,84000
I-008557,O-02450,P-08,2,36000,72000
I-008558,O-02450,P-05,3,520000,1560000
I-008559,O-02451,P-06,1,341000,341000
I-008560,O-02451,P-04,2,625000,1250000
I-008561,O-02451,P-09,2,47500,95000
I-008562,O-02451,P-01,3,45000,135000
I-008563,O-02452,P-03,1,62000,62000
I-008564,O-02452,P-07,3,280000,840000
I-008565,O-02452,P-09,1,47500,47500
I-008566,O-02453,P-04,1,625000,625000
I-008567,O-02453,P-01,2,45000,90000
I-008568,O-02453,P-03,2,62000,124000
I-008569,O-02453,P-08,1,36000,36000
I-008570,O-02453,P-02,3,210000,630000
I-008571,O-02454,P-10,3,28000,84000
I-008572,O-02454,P-08,2,36000,72000
I-008573,O-02454,P-05,1,520000,520000
I-008574,O-02455,P-09,2,47500,95000
I-008575,O-02455,P-02,1,210000,210000
I-008576,O-02455,P-10,2,28000,56000
I-008577,O-02456,P-01,1,45000,45000
I-008578,O-02456,P-06,1,341000,341000
I-008579,O-02456,P-03,3,62000,186000
I-008580,O-02456,P-02,1,210000,210000
I-008581,O-02457,P-02,1,210000,210000
I-008582,O-02457,P-08,2,36000,72000
I-008583,O-02457,P-04,3,625000,1875000
I-008584,O-02457,P-01,3,45000,135000
I-008585,O-02458,P-10,3,28000,84000
I-008586,O-02458,P-01,2,45000,90000
I-008587,O-02459,P-09,2,47500,95000
I-008588,O-02459,P-08,2,36000,72000
I-008589,O-02459,P-03,2,62000,124000
I-008590,O-02459,P-05,3,520000,1560000
I-008591,O-02459,P-01,3,45000,135000
I-008592,O-02460,P-05,3,520000,1560000
I-008593,O-02460,P-09,3,47500,142500
I-008594,O-02460,P-04,3,625000,1875000
I-008595,O-02460,P-06,1,341000,341000
I-008596,O-02460,P-10,2,28000,56000
I-008597,O-02461,P-02,1,210000,210000
I-008598,O-02461,P-10,1,28000,28000
I-008599,O-02462,P-03,3,62000,186000
I-008600,O-02462,P-07,3,280000,840000
I-008601,O-02462,P-01,2,45000,90000
I-008602,O-02462,P-04,2,625000,1250000
I-008603,O-02463,P-03,3,62000,186000
I-008604,O-02463,P-02,3,210000,630000
I-008605,O-02463,P-06,3,341000,1023000
I-008606,O-02464,P-04,1,625000,625000
I-008607,O-02464,P-05,1,520000,520000
I-008608,O-02464,P-09,2,47500,95000
I-008609,O-02464,P-01,2,45000,90000
I-008610,O-02465,P-05,3,520000,1560000
I-008611,O-02465,P-08,1,36000,36000
I-008612,O-02465,P-09,3,47500,142500
I-008613,O-02466,P-01,3,45000,135000
I-008614,O-02466,P-07,3,280000,840000
I-008615,O-02467,P-02,1,210000,210000
I-008616,O-02467,P-05,3,520000,1560000
I-008617,O-02467,P-06,3,341000,1023000
I-008618,O-02468,P-07,1,280000,280000
I-008619,O-02468,P-10,1,28000,28000
I-008620,O-02468,P-03,3,62000,186000
I-008621,O-02468,P-06,2,341000,682000
I-008622,O-02468,P-08,3,36000,108000
I-008623,O-02469,P-08,2,36000,72000
I-008624,O-02469,P-04,3,625000,1875000
I-008625,O-02470,P-06,3,341000,1023000
I-008626,O-02470,P-07,3,280000,840000
I-008627,O-02470,P-03,1,62000,62000
I-008628,O-02470,P-04,2,625000,1250000
I-008629,O-02470,P-09,1,47500,47500
I-008630,O-02471,P-03,1,62000,62000
I-008631,O-02471,P-05,3,520000,1560000
I-008632,O-02471,P-04,3,625000,1875000
I-008633,O-02471,P-01,1,45000,45000
I-008634,O-02472,P-04,3,625000,1875000
I-008635,O-02472,P-05,3,520000,1560000
I-008636,O-02472,P-10,1,28000,28000
I-008637,O-02472,P-06,1,341000,341000
I-008638,O-02472,P-07,3,280000,840000
I-008639,O-02473,P-10,1,28000,28000
I-008640,O-02473,P-02,3,210000,630000
I-008641,O-02473,P-03,3,62000,186000
I-008642,O-02474,P-06,3,341000,1023000
I-008643,O-02474,P-02,3,210000,630000
I-008644,O-02474,P-10,1,28000,28000
I-008645,O-02474,P-08,1,36000,36000
I-008646,O-02474,P-09,2,47500,95000
I-008647,O-02475,P-07,2,280000,560000
I-008648,O-02475,P-02,1,210000,210000
I-008649,O-02475,P-05,3,520000,1560000
I-008650,O-02475,P-09,3,47500,142500
I-008651,O-02475,P-01,2,45000,90000
I-008652,O-02476,P-03,2,62000,124000
I-008653,O-02476,P-01,3,45000,135000
I-008654,O-02476,P-05,3,520000,1560000
I-008655,O-02476,P-06,1,341000,341000
I-008656,O-02477,P-10,1,28000,28000
I-008657,O-02477,P-07,3,280000,840000
I-008658,O-02477,P-06,2,341000,682000
I-008659,O-02478,P-01,1,45000,45000
I-008660,O-02478,P-10,3,28000,84000
I-008661,O-02478,P-04,1,625000,625000
I-008662,O-02478,P-02,1,210000,210000
I-008663,O-02479,P-02,3,210000,630000
I-008664,O-02479,P-08,2,36000,72000
I-008665,O-02480,P-10,3,28000,84000
I-008666,O-02480,P-03,3,62000,186000
I-008667,O-02481,P-02,1,210000,210000
I-008668,O-02481,P-04,1,625000,625000
I-008669,O-02481,P-01,1,45000,45000
I-008670,O-02481,P-08,3,36000,108000
I-008671,O-02482,P-03,2,62000,124000
I-008672,O-02482,P-01,3,45000,135000
I-008673,O-02483,P-09,2,47500,95000
I-008674,O-02483,P-10,1,28000,28000
I-008675,O-02484,P-04,2,625000,1250000
I-008676,O-02484,P-01,1,45000,45000
I-008677,O-02484,P-06,3,341000,1023000
I-008678,O-02484,P-03,3,62000,186000
I-008679,O-02485,P-07,3,280000,840000
I-008680,O-02485,P-06,2,341000,682000
I-008681,O-02485,P-01,1,45000,45000
I-008682,O-02485,P-10,1,28000,28000
I-008683,O-02486,P-05,2,520000,1040000
I-008684,O-02486,P-04,3,625000,1875000
I-008685,O-02486,P-02,3,210000,630000
I-008686,O-02486,P-10,1,28000,28000
I-008687,O-02486,P-06,1,341000,341000
I-008688,O-02487,P-08,2,36000,72000
I-008689,O-02487,P-02,1,210000,210000
I-008690,O-02487,P-04,1,625000,625000
I-008691,O-02487,P-09,2,47500,95000
I-008692,O-02487,P-01,3,45000,135000
I-008693,O-02488,P-06,3,341000,1023000
I-008694,O-02488,P-02,3,210000,630000
I-008695,O-02488,P-05,1,520000,520000
I-008696,O-02488,P-01,2,45000,90000
I-008697,O-02488,P-03,1,62000,62000
I-008698,O-02489,P-06,2,341000,682000
I-008699,O-02489,P-01,3,45000,135000
I-008700,O-02489,P-04,1,625000,625000
I-008701,O-02489,P-09,2,47500,95000
I-008702,O-02489,P-05,2,520000,1040000
I-008703,O-02490,P-06,3,341000,1023000
I-008704,O-02490,P-04,3,625000,1875000
I-008705,O-02491,P-01,1,45000,45000
I-008706,O-02491,P-03,3,62000,186000
I-008707,O-02491,P-02,2,210000,420000
I-008708,O-02491,P-06,3,341000,1023000
I-008709,O-02491,P-10,2,28000,56000
I-008710,O-02492,P-04,2,625000,1250000
I-008711,O-02492,P-09,3,47500,142500
I-008712,O-02493,P-10,2,28000,56000
I-008713,O-02493,P-05,1,520000,520000
I-008714,O-02493,P-08,1,36000,36000
I-008715,O-02494,P-03,1,62000,62000
I-008716,O-02494,P-09,2,47500,95000
I-008717,O-02494,P-02,2,210000,420000
I-008718,O-02494,P-01,2,45000,90000
I-008719,O-02495,P-08,1,36000,36000
I-008720,O-02495,P-03,1,62000,62000
I-008721,O-02495,P-09,1,47500,47500
I-008722,O-02496,P-06,1,341000,341000
I-008723,O-02496,P-09,2,47500,95000
I-008724,O-02497,P-09,1,47500,47500
I-008725,O-02497,P-01,2,45000,90000
I-008726,O-02498,P-10,2,28000,56000
I-008727,O-02498,P-07,1,280000,280000
I-008728,O-02499,P-01,2,45000,90000
I-008729,O-02499,P-02,2,210000,420000
I-008730,O-02500,P-08,1,36000,36000
I-008731,O-02500,P-10,3,28000,84000
I-008732,O-02500,P-03,2,62000,124000
I-008733,O-02500,P-02,3,210000,630000
I-008734,O-02500,P-09,2,47500,95000
I-008735,O-02501,P-10,3,28000,84000
I-008736,O-02501,P-02,2,210000,420000
I-008737,O-02502,P-01,1,45000,45000
I-008738,O-02502,P-06,1,341000,341000
I-008739,O-02503,P-10,2,28000,56000
I-008740,O-02503,P-09,1,47500,47500
I-008741,O-02503,P-05,1,520000,520000
I-008742,O-02504,P-05,1,520000,520000
I-008743,O-02504,P-08,3,36000,108000
I-008744,O-02505,P-02,2,210000,420000
I-008745,O-02505,P-01,1,45000,45000
I-008746,O-02505,P-08,2,36000,72000
I-008747,O-02505,P-03,3,62000,186000
I-008748,O-02506,P-07,3,280000,840000
I-008749,O-02506,P-06,1,341000,341000
I-008750,O-02506,P-10,2,28000,56000
I-008751,O-02506,P-01,2,45000,90000
I-008752,O-02507,P-05,2,520000,1040000
I-008753,O-02507,P-10,3,28000,84000
I-008754,O-02507,P-01,3,45000,135000
I-008755,O-02507,P-03,3,62000,186000
I-008756,O-02507,P-08,2,36000,72000
I-008757,O-02508,P-06,1,341000,341000
I-008758,O-02508,P-01,1,45000,45000
I-008759,O-02508,P-02,2,210000,420000
I-008760,O-02508,P-04,1,625000,625000
I-008761,O-02509,P-10,1,28000,28000
I-008762,O-02509,P-06,3,341000,1023000
I-008763,O-02510,P-07,2,280000,560000
I-008764,O-02510,P-02,2,210000,420000
I-008765,O-02510,P-03,3,62000,186000
I-008766,O-02510,P-04,3,625000,1875000
I-008767,O-02510,P-01,3,45000,135000
I-008768,O-02511,P-09,2,47500,95000
I-008769,O-02511,P-08,1,36000,36000
I-008770,O-02511,P-10,2,28000,56000
I-008771,O-02511,P-03,1,62000,62000
I-008772,O-02512,P-04,3,625000,1875000
I-008773,O-02512,P-07,2,280000,560000
I-008774,O-02513,P-06,2,341000,682000
I-008775,O-02513,P-04,2,625000,1250000
I-008776,O-02513,P-05,2,520000,1040000
I-008777,O-02514,P-01,3,45000,135000
I-008778,O-02514,P-09,1,47500,47500
I-008779,O-02514,P-04,1,625000,625000
I-008780,O-02514,P-08,2,36000,72000
I-008781,O-02514,P-02,1,210000,210000
I-008782,O-02515,P-01,1,45000,45000
I-008783,O-02515,P-08,2,36000,72000
I-008784,O-02515,P-03,3,62000,186000
I-008785,O-02515,P-04,1,625000,625000
I-008786,O-02515,P-05,1,520000,520000
I-008787,O-02516,P-02,2,210000,420000
I-008788,O-02516,P-10,2,28000,56000
I-008789,O-02517,P-02,2,210000,420000
I-008790,O-02517,P-07,3,280000,840000
I-008791,O-02518,P-07,2,280000,560000
I-008792,O-02518,P-02,3,210000,630000
I-008793,O-02518,P-04,2,625000,1250000
I-008794,O-02518,P-03,1,62000,62000
I-008795,O-02519,P-10,3,28000,84000
I-008796,O-02519,P-05,3,520000,1560000
I-008797,O-02519,P-07,2,280000,560000
I-008798,O-02519,P-08,1,36000,36000
I-008799,O-02520,P-06,2,341000,682000
I-008800,O-02520,P-03,3,62000,186000
I-008801,O-02520,P-08,2,36000,72000
I-008802,O-02520,P-09,2,47500,95000
I-008803,O-02520,P-04,3,625000,1875000
I-008804,O-02521,P-07,2,280000,560000
I-008805,O-02521,P-10,1,28000,28000
I-008806,O-02521,P-04,3,625000,1875000
I-008807,O-02521,P-09,1,47500,47500
I-008808,O-02521,P-03,1,62000,62000
I-008809,O-02522,P-02,3,210000,630000
I-008810,O-02522,P-06,1,341000,341000
I-008811,O-02522,P-09,3,47500,142500
I-008812,O-02523,P-01,1,45000,45000
I-008813,O-02523,P-04,1,625000,625000
I-008814,O-02524,P-09,2,47500,95000
I-008815,O-02524,P-05,1,520000,520000
I-008816,O-02525,P-05,2,520000,1040000
I-008817,O-02525,P-07,2,280000,560000
I-008818,O-02525,P-08,1,36000,36000
I-008819,O-02525,P-04,2,625000,1250000
I-008820,O-02525,P-01,3,45000,135000
I-008821,O-02526,P-02,1,210000,210000
I-008822,O-02526,P-01,1,45000,45000
I-008823,O-02526,P-09,2,47500,95000
I-008824,O-02527,P-05,2,520000,1040000
I-008825,O-02527,P-10,2,28000,56000
I-008826,O-02527,P-07,1,280000,280000
I-008827,O-02528,P-08,3,36000,108000
I-008828,O-02528,P-07,1,280000,280000
I-008829,O-02529,P-07,1,280000,280000
I-008830,O-02529,P-09,3,47500,142500
I-008831,O-02529,P-02,2,210000,420000
I-008832,O-02529,P-05,1,520000,520000
I-008833,O-02530,P-01,2,45000,90000
I-008834,O-02530,P-05,1,520000,520000
I-008835,O-02530,P-10,2,28000,56000
I-008836,O-02530,P-09,3,47500,142500
I-008837,O-02530,P-04,2,625000,1250000
I-008838,O-02531,P-02,1,210000,210000
I-008839,O-02531,P-05,3,520000,1560000
I-008840,O-02532,P-05,3,520000,1560000
I-008841,O-02532,P-01,1,45000,45000
I-008842,O-02532,P-07,3,280000,840000
I-008843,O-02532,P-06,1,341000,341000
I-008844,O-02532,P-09,1,47500,47500
I-008845,O-02533,P-04,2,625000,1250000
I-008846,O-02533,P-01,1,45000,45000
I-008847,O-02533,P-08,2,36000,72000
I-008848,O-02534,P-05,3,520000,1560000
I-008849,O-02534,P-01,3,45000,135000
I-008850,O-02534,P-07,1,280000,280000
I-008851,O-02534,P-09,1,47500,47500
I-008852,O-02534,P-10,3,28000,84000
I-008853,O-02535,P-03,3,62000,186000
I-008854,O-02535,P-05,3,520000,1560000
I-008855,O-02535,P-04,3,625000,1875000
I-008856,O-02535,P-08,2,36000,72000
I-008857,O-02536,P-03,1,62000,62000
I-008858,O-02536,P-06,3,341000,1023000
I-008859,O-02536,P-02,3,210000,630000
I-008860,O-02536,P-05,2,520000,1040000
I-008861,O-02537,P-04,1,625000,625000
I-008862,O-02537,P-06,1,341000,341000
I-008863,O-02537,P-01,2,45000,90000
I-008864,O-02537,P-10,2,28000,56000
I-008865,O-02537,P-07,1,280000,280000
I-008866,O-02538,P-05,3,520000,1560000
I-008867,O-02538,P-08,3,36000,108000
I-008868,O-02538,P-01,2,45000,90000
I-008869,O-02539,P-09,3,47500,142500
I-008870,O-02539,P-03,2,62000,124000
I-008871,O-02539,P-02,3,210000,630000
I-008872,O-02539,P-05,2,520000,1040000
I-008873,O-02540,P-06,1,341000,341000
I-008874,O-02540,P-10,2,28000,56000
I-008875,O-02540,P-03,2,62000,124000
I-008876,O-02540,P-05,1,520000,520000
I-008877,O-02541,P-02,3,210000,630000
I-008878,O-02541,P-05,1,520000,520000
I-008879,O-02542,P-10,3,28000,84000
I-008880,O-02542,P-06,1,341000,341000
I-008881,O-02542,P-07,2,280000,560000
I-008882,O-02543,P-06,2,341000,682000
I-008883,O-02543,P-02,3,210000,630000
I-008884,O-02543,P-07,1,280000,280000
I-008885,O-02543,P-04,2,625000,1250000
I-008886,O-02544,P-01,2,45000,90000
I-008887,O-02544,P-05,2,520000,1040000
I-008888,O-02544,P-04,1,625000,625000
I-008889,O-02544,P-02,1,210000,210000
I-008890,O-02545,P-06,1,341000,341000
I-008891,O-02545,P-04,1,625000,625000
I-008892,O-02545,P-10,3,28000,84000
I-008893,O-02546,P-05,1,520000,520000
I-008894,O-02546,P-03,1,62000,62000
I-008895,O-02546,P-06,1,341000,341000
I-008896,O-02546,P-04,1,625000,625000
I-008897,O-02547,P-03,2,62000,124000
I-008898,O-02547,P-08,2,36000,72000
I-008899,O-02547,P-05,1,520000,520000
I-008900,O-02548,P-02,1,210000,210000
I-008901,O-02548,P-05,2,520000,1040000
I-008902,O-02548,P-09,3,47500,142500
I-008903,O-02549,P-05,2,520000,1040000
I-008904,O-02549,P-09,1,47500,47500
I-008905,O-02549,P-02,3,210000,630000
I-008906,O-02550,P-08,3,36000,108000
I-008907,O-02550,P-09,2,47500,95000
I-008908,O-02551,P-08,2,36000,72000
I-008909,O-02551,P-02,3,210000,630000
I-008910,O-02552,P-08,3,36000,108000
I-008911,O-02552,P-09,3,47500,142500
I-008912,O-02552,P-05,3,520000,1560000
I-008913,O-02553,P-02,1,210000,210000
I-008914,O-02553,P-09,3,47500,142500
I-008915,O-02553,P-01,1,45000,45000
I-008916,O-02554,P-07,3,280000,840000
I-008917,O-02554,P-10,2,28000,56000
I-008918,O-02554,P-06,1,341000,341000
I-008919,O-02555,P-09,1,47500,47500
I-008920,O-02555,P-10,3,28000,84000
I-008921,O-02556,P-05,1,520000,520000
I-008922,O-02556,P-04,1,625000,625000
I-008923,O-02556,P-09,3,47500,142500
I-008924,O-02556,P-10,1,28000,28000
I-008925,O-02556,P-06,2,341000,682000
I-008926,O-02557,P-08,2,36000,72000
I-008927,O-02557,P-09,2,47500,95000
I-008928,O-02557,P-07,1,280000,280000
I-008929,O-02558,P-01,2,45000,90000
I-008930,O-02558,P-06,2,341000,682000
I-008931,O-02558,P-10,2,28000,56000
I-008932,O-02558,P-07,3,280000,840000
I-008933,O-02559,P-02,2,210000,420000
I-008934,O-02559,P-05,3,520000,1560000
I-008935,O-02559,P-09,3,47500,142500
I-008936,O-02559,P-07,3,280000,840000
I-008937,O-02560,P-05,1,520000,520000
I-008938,O-02560,P-03,1,62000,62000
I-008939,O-02560,P-06,1,341000,341000
I-008940,O-02560,P-02,3,210000,630000
I-008941,O-02561,P-06,1,341000,341000
I-008942,O-02561,P-05,3,520000,1560000
I-008943,O-02561,P-09,2,47500,95000
I-008944,O-02561,P-03,3,62000,186000
I-008945,O-02562,P-10,1,28000,28000
I-008946,O-02562,P-09,1,47500,47500
I-008947,O-02562,P-04,3,625000,1875000
I-008948,O-02563,P-09,3,47500,142500
I-008949,O-02563,P-06,1,341000,341000
I-008950,O-02563,P-04,2,625000,1250000
I-008951,O-02563,P-10,3,28000,84000
I-008952,O-02563,P-07,1,280000,280000
I-008953,O-02564,P-01,3,45000,135000
I-008954,O-02564,P-09,2,47500,95000
I-008955,O-02564,P-07,2,280000,560000
I-008956,O-02564,P-08,3,36000,108000
I-008957,O-02565,P-06,2,341000,682000
I-008958,O-02565,P-07,2,280000,560000
I-008959,O-02565,P-10,2,28000,56000
I-008960,O-02565,P-02,3,210000,630000
I-008961,O-02565,P-04,1,625000,625000
I-008962,O-02566,P-02,2,210000,420000
I-008963,O-02566,P-07,2,280000,560000
I-008964,O-02566,P-04,2,625000,1250000
I-008965,O-02566,P-01,2,45000,90000
I-008966,O-02567,P-04,2,625000,1250000
I-008967,O-02567,P-10,3,28000,84000
I-008968,O-02567,P-02,2,210000,420000
I-008969,O-02567,P-08,3,36000,108000
I-008970,O-02568,P-08,2,36000,72000
I-008971,O-02568,P-06,1,341000,341000
I-008972,O-02568,P-03,3,62000,186000
I-008973,O-02568,P-02,3,210000,630000
I-008974,O-02569,P-10,3,28000,84000
I-008975,O-02569,P-01,2,45000,90000
I-008976,O-02569,P-07,1,280000,280000
I-008977,O-02569,P-03,3,62000,186000
I-008978,O-02569,P-04,1,625000,625000
I-008979,O-02570,P-04,3,625000,1875000
I-008980,O-02570,P-06,2,341000,682000
I-008981,O-02571,P-04,2,625000,1250000
I-008982,O-02571,P-06,1,341000,341000
I-008983,O-02571,P-10,3,28000,84000
I-008984,O-02571,P-02,1,210000,210000
I-008985,O-02571,P-09,3,47500,142500
I-008986,O-02572,P-06,1,341000,341000
I-008987,O-02572,P-04,1,625000,625000
I-008988,O-02572,P-03,1,62000,62000
I-008989,O-02572,P-01,3,45000,135000
I-008990,O-02573,P-08,3,36000,108000
I-008991,O-02573,P-04,3,625000,1875000
I-008992,O-02573,P-03,3,62000,186000
I-008993,O-02573,P-10,2,28000,56000
I-008994,O-02574,P-01,2,45000,90000
I-008995,O-02574,P-06,2,341000,682000
I-008996,O-02574,P-05,2,520000,1040000
I-008997,O-02574,P-10,3,28000,84000
I-008998,O-02575,P-05,2,520000,1040000
I-008999,O-02575,P-07,1,280000,280000
I-009000,O-02576,P-05,1,520000,520000
I-009001,O-02576,P-07,1,280000,280000
I-009002,O-02576,P-02,1,210000,210000
I-009003,O-02576,P-04,1,625000,625000
I-009004,O-02577,P-08,2,36000,72000
I-009005,O-02577,P-09,3,47500,142500
I-009006,O-02577,P-03,1,62000,62000
I-009007,O-02577,P-05,2,520000,1040000
I-009008,O-02577,P-04,2,625000,1250000
I-009009,O-02578,P-03,1,62000,62000
I-009010,O-02578,P-10,1,28000,28000
I-009011,O-02579,P-04,3,625000,1875000
I-009012,O-02579,P-10,2,28000,56000
I-009013,O-02579,P-08,3,36000,108000
I-009014,O-02579,P-03,2,62000,124000
I-009015,O-02580,P-03,1,62000,62000
I-009016,O-02580,P-02,2,210000,420000
I-009017,O-02580,P-10,3,28000,84000
I-009018,O-02580,P-09,2,47500,95000
I-009019,O-02581,P-02,1,210000,210000
I-009020,O-02581,P-07,2,280000,560000
I-009021,O-02581,P-10,1,28000,28000
I-009022,O-02581,P-01,2,45000,90000
I-009023,O-02581,P-06,1,341000,341000
I-009024,O-02582,P-01,1,45000,45000
I-009025,O-02582,P-06,3,341000,1023000
I-009026,O-02583,P-07,2,280000,560000
I-009027,O-02583,P-02,2,210000,420000
I-009028,O-02583,P-04,3,625000,1875000
I-009029,O-02583,P-05,3,520000,1560000
I-009030,O-02583,P-01,1,45000,45000
I-009031,O-02584,P-08,3,36000,108000
I-009032,O-02584,P-04,1,625000,625000
I-009033,O-02584,P-01,2,45000,90000
I-009034,O-02585,P-05,2,520000,1040000
I-009035,O-02585,P-03,3,62000,186000
I-009036,O-02586,P-07,1,280000,280000
I-009037,O-02586,P-04,2,625000,1250000
I-009038,O-02586,P-03,1,62000,62000
I-009039,O-02586,P-10,2,28000,56000
I-009040,O-02586,P-09,1,47500,47500
I-009041,O-02587,P-01,2,45000,90000
I-009042,O-02587,P-06,2,341000,682000
I-009043,O-02587,P-07,1,280000,280000
I-009044,O-02587,P-10,1,28000,28000
I-009045,O-02588,P-08,3,36000,108000
I-009046,O-02588,P-05,1,520000,520000
I-009047,O-02588,P-10,2,28000,56000
I-009048,O-02588,P-07,2,280000,560000
I-009049,O-02588,P-06,1,341000,341000
I-009050,O-02589,P-01,2,45000,90000
I-009051,O-02589,P-07,3,280000,840000
I-009052,O-02589,P-10,2,28000,56000
I-009053,O-02589,P-05,2,520000,1040000
I-009054,O-02590,P-08,1,36000,36000
I-009055,O-02590,P-06,1,341000,341000
I-009056,O-02591,P-05,2,520000,1040000
I-009057,O-02591,P-03,2,62000,124000
I-009058,O-02591,P-02,1,210000,210000
I-009059,O-02591,P-06,3,341000,1023000
I-009060,O-02592,P-06,1,341000,341000
I-009061,O-02592,P-10,1,28000,28000
I-009062,O-02592,P-07,2,280000,560000
I-009063,O-02592,P-04,2,625000,1250000
I-009064,O-02592,P-08,3,36000,108000
I-009065,O-02593,P-04,1,625000,625000
I-009066,O-02593,P-08,1,36000,36000
I-009067,O-02593,P-09,1,47500,47500
I-009068,O-02594,P-02,2,210000,420000
I-009069,O-02594,P-05,1,520000,520000
I-009070,O-02595,P-03,3,62000,186000
I-009071,O-02595,P-08,2,36000,72000
I-009072,O-02595,P-09,1,47500,47500
I-009073,O-02595,P-10,3,28000,84000
I-009074,O-02595,P-01,1,45000,45000
I-009075,O-02596,P-07,1,280000,280000
I-009076,O-02596,P-06,3,341000,1023000
I-009077,O-02597,P-06,3,341000,1023000
I-009078,O-02597,P-09,3,47500,142500
I-009079,O-02597,P-10,3,28000,84000
I-009080,O-02598,P-03,3,62000,186000
I-009081,O-02598,P-08,1,36000,36000
I-009082,O-02599,P-02,3,210000,630000
I-009083,O-02599,P-07,3,280000,840000
I-009084,O-02599,P-10,2,28000,56000
I-009085,O-02599,P-06,2,341000,682000
I-009086,O-02600,P-05,2,520000,1040000
I-009087,O-02600,P-08,3,36000,108000
I-009088,O-02600,P-09,2,47500,95000
I-009089,O-02600,P-06,2,341000,682000
I-009090,O-02600,P-04,2,625000,1250000
I-009091,O-02601,P-09,2,47500,95000
I-009092,O-02601,P-06,3,341000,1023000
I-009093,O-02602,P-01,2,45000,90000
I-009094,O-02602,P-02,1,210000,210000
I-009095,O-02602,P-04,2,625000,1250000
I-009096,O-02603,P-06,3,341000,1023000
I-009097,O-02603,P-03,2,62000,124000
I-009098,O-02603,P-08,2,36000,72000
I-009099,O-02603,P-07,1,280000,280000
I-009100,O-02603,P-02,2,210000,420000
I-009101,O-02604,P-02,2,210000,420000
I-009102,O-02604,P-05,3,520000,1560000
I-009103,O-02604,P-08,2,36000,72000
I-009104,O-02604,P-09,2,47500,95000
I-009105,O-02605,P-07,3,280000,840000
I-009106,O-02605,P-03,2,62000,124000
I-009107,O-02605,P-01,3,45000,135000
I-009108,O-02605,P-04,2,625000,1250000
I-009109,O-02605,P-06,1,341000,341000
I-009110,O-02606,P-09,1,47500,47500
I-009111,O-02606,P-07,2,280000,560000
I-009112,O-02606,P-05,1,520000,520000
I-009113,O-02606,P-01,1,45000,45000
I-009114,O-02607,P-02,1,210000,210000
I-009115,O-02607,P-08,2,36000,72000
I-009116,O-02607,P-09,2,47500,95000
I-009117,O-02607,P-06,3,341000,1023000
I-009118,O-02608,P-07,2,280000,560000
I-009119,O-02608,P-02,1,210000,210000
I-009120,O-02609,P-10,1,28000,28000
I-009121,O-02609,P-08,2,36000,72000
I-009122,O-02610,P-09,1,47500,47500
I-009123,O-02610,P-06,3,341000,1023000
I-009124,O-02610,P-10,3,28000,84000
I-009125,O-02611,P-06,2,341000,682000
I-009126,O-02611,P-01,1,45000,45000
I-009127,O-02611,P-02,1,210000,210000
I-009128,O-02611,P-10,3,28000,84000
I-009129,O-02611,P-04,1,625000,625000
I-009130,O-02612,P-03,3,62000,186000
I-009131,O-02612,P-05,3,520000,1560000
I-009132,O-02612,P-02,2,210000,420000
I-009133,O-02612,P-07,3,280000,840000
I-009134,O-02612,P-01,3,45000,135000
I-009135,O-02613,P-01,1,45000,45000
I-009136,O-02613,P-02,2,210000,420000
I-009137,O-02613,P-06,1,341000,341000
I-009138,O-02613,P-08,2,36000,72000
I-009139,O-02614,P-03,3,62000,186000
I-009140,O-02614,P-08,3,36000,108000
I-009141,O-02614,P-05,1,520000,520000
I-009142,O-02614,P-09,3,47500,142500
I-009143,O-02615,P-02,1,210000,210000
I-009144,O-02615,P-07,2,280000,560000
I-009145,O-02615,P-05,1,520000,520000
I-009146,O-02615,P-01,3,45000,135000
I-009147,O-02616,P-08,1,36000,36000
I-009148,O-02616,P-03,2,62000,124000
I-009149,O-02616,P-04,3,625000,1875000
I-009150,O-02616,P-01,1,45000,45000
I-009151,O-02617,P-08,1,36000,36000
I-009152,O-02617,P-09,2,47500,95000
I-009153,O-02617,P-01,3,45000,135000
I-009154,O-02617,P-03,1,62000,62000
I-009155,O-02617,P-10,2,28000,56000
I-009156,O-02618,P-07,2,280000,560000
I-009157,O-02618,P-03,1,62000,62000
I-009158,O-02618,P-08,3,36000,108000
I-009159,O-02618,P-09,2,47500,95000
I-009160,O-02619,P-09,3,47500,142500
I-009161,O-02619,P-04,3,625000,1875000
I-009162,O-02620,P-05,3,520000,1560000
I-009163,O-02620,P-07,2,280000,560000
I-009164,O-02620,P-08,3,36000,108000
I-009165,O-02620,P-10,2,28000,56000
I-009166,O-02621,P-07,3,280000,840000
I-009167,O-02621,P-02,1,210000,210000
I-009168,O-02621,P-04,2,625000,1250000
I-009169,O-02622,P-08,1,36000,36000
I-009170,O-02622,P-10,3,28000,84000
I-009171,O-02622,P-09,1,47500,47500
I-009172,O-02622,P-06,1,341000,341000
I-009173,O-02623,P-08,3,36000,108000
I-009174,O-02623,P-04,1,625000,625000
I-009175,O-02624,P-03,3,62000,186000
I-009176,O-02624,P-02,1,210000,210000
I-009177,O-02624,P-04,3,625000,1875000
I-009178,O-02624,P-08,2,36000,72000
I-009179,O-02625,P-10,1,28000,28000
I-009180,O-02625,P-06,3,341000,1023000
I-009181,O-02625,P-08,3,36000,108000
I-009182,O-02625,P-05,3,520000,1560000
I-009183,O-02625,P-07,1,280000,280000
I-009184,O-02626,P-09,2,47500,95000
I-009185,O-02626,P-03,2,62000,124000
I-009186,O-02627,P-01,1,45000,45000
I-009187,O-02627,P-08,1,36000,36000
I-009188,O-02627,P-07,1,280000,280000
I-009189,O-02627,P-10,2,28000,56000
I-009190,O-02628,P-03,2,62000,124000
I-009191,O-02628,P-04,1,625000,625000
I-009192,O-02628,P-09,3,47500,142500
I-009193,O-02628,P-05,1,520000,520000
I-009194,O-02629,P-01,3,45000,135000
I-009195,O-02629,P-02,1,210000,210000
I-009196,O-02629,P-03,2,62000,124000
I-009197,O-02629,P-04,2,625000,1250000
I-009198,O-02629,P-09,3,47500,142500
I-009199,O-02630,P-08,1,36000,36000
I-009200,O-02630,P-06,3,341000,1023000
I-009201,O-02630,P-09,1,47500,47500
I-009202,O-02630,P-04,3,625000,1875000
I-009203,O-02631,P-05,3,520000,1560000
I-009204,O-02631,P-04,3,625000,1875000
I-009205,O-02631,P-07,1,280000,280000
I-009206,O-02631,P-09,2,47500,95000
I-009207,O-02631,P-03,1,62000,62000
I-009208,O-02632,P-06,1,341000,341000
I-009209,O-02632,P-02,1,210000,210000
I-009210,O-02632,P-03,1,62000,62000
I-009211,O-02632,P-09,1,47500,47500
I-009212,O-02633,P-07,1,280000,280000
I-009213,O-02633,P-09,1,47500,47500
I-009214,O-02633,P-04,3,625000,1875000
I-009215,O-02634,P-03,1,62000,62000
I-009216,O-02634,P-06,2,341000,682000
I-009217,O-02635,P-07,2,280000,560000
I-009218,O-02635,P-06,2,341000,682000
I-009219,O-02635,P-03,2,62000,124000
I-009220,O-02635,P-10,2,28000,56000
I-009221,O-02636,P-10,3,28000,84000
I-009222,O-02636,P-09,3,47500,142500
I-009223,O-02636,P-05,2,520000,1040000
I-009224,O-02636,P-01,3,45000,135000
I-009225,O-02637,P-07,3,280000,840000
I-009226,O-02637,P-09,2,47500,95000
I-009227,O-02638,P-09,2,47500,95000
I-009228,O-02638,P-01,2,45000,90000
I-009229,O-02638,P-06,2,341000,682000
I-009230,O-02638,P-07,3,280000,840000
I-009231,O-02638,P-04,1,625000,625000
I-009232,O-02639,P-10,2,28000,56000
I-009233,O-02639,P-03,1,62000,62000
I-009234,O-02639,P-07,1,280000,280000
I-009235,O-02640,P-02,2,210000,420000
I-009236,O-02640,P-03,2,62000,124000
I-009237,O-02640,P-09,1,47500,47500
I-009238,O-02640,P-07,1,280000,280000
I-009239,O-02641,P-03,2,62000,124000
I-009240,O-02641,P-04,2,625000,1250000
I-009241,O-02641,P-02,3,210000,630000
I-009242,O-02642,P-08,2,36000,72000
I-009243,O-02642,P-09,3,47500,142500
I-009244,O-02642,P-05,2,520000,1040000
I-009245,O-02642,P-06,1,341000,341000
I-009246,O-02643,P-05,2,520000,1040000
I-009247,O-02643,P-01,2,45000,90000
I-009248,O-02643,P-02,1,210000,210000
I-009249,O-02643,P-09,3,47500,142500
I-009250,O-02644,P-01,3,45000,135000
I-009251,O-02644,P-04,2,625000,1250000
I-009252,O-02644,P-09,1,47500,47500
I-009253,O-02645,P-01,1,45000,45000
I-009254,O-02645,P-06,3,341000,1023000
I-009255,O-02645,P-10,3,28000,84000
I-009256,O-02645,P-08,2,36000,72000
I-009257,O-02645,P-04,2,625000,1250000
I-009258,O-02646,P-05,2,520000,1040000
I-009259,O-02646,P-03,1,62000,62000
I-009260,O-02647,P-03,1,62000,62000
I-009261,O-02647,P-06,1,341000,341000
I-009262,O-02647,P-10,2,28000,56000
I-009263,O-02648,P-05,2,520000,1040000
I-009264,O-02648,P-04,3,625000,1875000
I-009265,O-02649,P-01,2,45000,90000
I-009266,O-02649,P-10,1,28000,28000
I-009267,O-02649,P-04,2,625000,1250000
I-009268,O-02649,P-03,3,62000,186000
I-009269,O-02650,P-08,1,36000,36000
I-009270,O-02650,P-10,1,28000,28000
I-009271,O-02651,P-08,2,36000,72000
I-009272,O-02651,P-02,1,210000,210000
I-009273,O-02651,P-09,2,47500,95000
I-009274,O-02651,P-07,1,280000,280000
I-009275,O-02652,P-02,3,210000,630000
I-009276,O-02652,P-08,2,36000,72000
I-009277,O-02653,P-02,1,210000,210000
I-009278,O-02653,P-07,1,280000,280000
I-009279,O-02653,P-05,2,520000,1040000
I-009280,O-02654,P-10,2,28000,56000
I-009281,O-02654,P-07,1,280000,280000
I-009282,O-02654,P-01,3,45000,135000
I-009283,O-02654,P-08,3,36000,108000
I-009284,O-02654,P-04,1,625000,625000
I-009285,O-02655,P-07,2,280000,560000
I-009286,O-02655,P-10,1,28000,28000
I-009287,O-02655,P-09,1,47500,47500
I-009288,O-02656,P-09,1,47500,47500
I-009289,O-02656,P-08,3,36000,108000
I-009290,O-02656,P-03,2,62000,124000
I-009291,O-02656,P-07,3,280000,840000
I-009292,O-02656,P-02,3,210000,630000
I-009293,O-02657,P-09,2,47500,95000
I-009294,O-02657,P-03,2,62000,124000
I-009295,O-02657,P-10,2,28000,56000
I-009296,O-02658,P-02,2,210000,420000
I-009297,O-02658,P-09,3,47500,142500
I-009298,O-02658,P-07,3,280000,840000
I-009299,O-02659,P-08,1,36000,36000
I-009300,O-02659,P-01,1,45000,45000
I-009301,O-02659,P-05,3,520000,1560000
I-009302,O-02659,P-04,2,625000,1250000
I-009303,O-02659,P-07,3,280000,840000
I-009304,O-02660,P-02,3,210000,630000
I-009305,O-02660,P-09,3,47500,142500
I-009306,O-02660,P-07,2,280000,560000
I-009307,O-02660,P-05,1,520000,520000
I-009308,O-02661,P-10,2,28000,56000
I-009309,O-02661,P-04,1,625000,625000
I-009310,O-02662,P-02,2,210000,420000
I-009311,O-02662,P-08,3,36000,108000
I-009312,O-02662,P-07,1,280000,280000
I-009313,O-02662,P-04,1,625000,625000
I-009314,O-02662,P-01,1,45000,45000
I-009315,O-02663,P-09,1,47500,47500
I-009316,O-02663,P-03,2,62000,124000
I-009317,O-02664,P-07,1,280000,280000
I-009318,O-02664,P-01,1,45000,45000
I-009319,O-02665,P-04,1,625000,625000
I-009320,O-02665,P-05,3,520000,1560000
I-009321,O-02665,P-03,1,62000,62000
I-009322,O-02666,P-04,3,625000,1875000
I-009323,O-02666,P-07,2,280000,560000
I-009324,O-02666,P-06,2,341000,682000
I-009325,O-02666,P-10,1,28000,28000
I-009326,O-02666,P-08,1,36000,36000
I-009327,O-02667,P-04,3,625000,1875000
I-009328,O-02667,P-01,3,45000,135000
I-009329,O-02667,P-09,1,47500,47500
I-009330,O-02667,P-08,1,36000,36000
I-009331,O-02667,P-06,1,341000,341000
I-009332,O-02668,P-09,1,47500,47500
I-009333,O-02668,P-03,1,62000,62000
I-009334,O-02669,P-02,1,210000,210000
I-009335,O-02669,P-04,1,625000,625000
I-009336,O-02669,P-09,1,47500,47500
I-009337,O-02669,P-08,2,36000,72000
I-009338,O-02669,P-05,3,520000,1560000
I-009339,O-02670,P-09,2,47500,95000
I-009340,O-02670,P-03,1,62000,62000
I-009341,O-02671,P-09,2,47500,95000
I-009342,O-02671,P-02,1,210000,210000
I-009343,O-02671,P-06,2,341000,682000
I-009344,O-02672,P-03,2,62000,124000
I-009345,O-02672,P-06,2,341000,682000
I-009346,O-02672,P-10,2,28000,56000
I-009347,O-02672,P-01,3,45000,135000
I-009348,O-02673,P-01,2,45000,90000
I-009349,O-02673,P-08,1,36000,36000
I-009350,O-02673,P-04,1,625000,625000
I-009351,O-02674,P-04,1,625000,625000
I-009352,O-02674,P-05,1,520000,520000
I-009353,O-02674,P-09,1,47500,47500
I-009354,O-02674,P-03,2,62000,124000
I-009355,O-02674,P-10,3,28000,84000
I-009356,O-02675,P-02,1,210000,210000
I-009357,O-02675,P-06,3,341000,1023000
I-009358,O-02675,P-10,3,28000,84000
I-009359,O-02675,P-07,1,280000,280000
I-009360,O-02676,P-09,1,47500,47500
I-009361,O-02676,P-06,2,341000,682000
I-009362,O-02676,P-01,3,45000,135000
I-009363,O-02677,P-05,2,520000,1040000
I-009364,O-02677,P-08,3,36000,108000
I-009365,O-02677,P-04,2,625000,1250000
I-009366,O-02677,P-09,1,47500,47500
I-009367,O-02677,P-03,2,62000,124000
I-009368,O-02678,P-06,3,341000,1023000
I-009369,O-02678,P-02,2,210000,420000
I-009370,O-02679,P-07,3,280000,840000
I-009371,O-02679,P-01,1,45000,45000
I-009372,O-02679,P-05,1,520000,520000
I-009373,O-02679,P-10,3,28000,84000
I-009374,O-02679,P-08,1,36000,36000
I-009375,O-02680,P-09,1,47500,47500
I-009376,O-02680,P-07,1,280000,280000
I-009377,O-02681,P-02,3,210000,630000
I-009378,O-02681,P-05,1,520000,520000
I-009379,O-02682,P-08,3,36000,108000
I-009380,O-02682,P-07,3,280000,840000
I-009381,O-02683,P-10,3,28000,84000
I-009382,O-02683,P-09,3,47500,142500
I-009383,O-02683,P-07,1,280000,280000
I-009384,O-02683,P-05,3,520000,1560000
I-009385,O-02683,P-01,1,45000,45000
I-009386,O-02684,P-02,1,210000,210000
I-009387,O-02684,P-10,2,28000,56000
I-009388,O-02685,P-03,3,62000,186000
I-009389,O-02685,P-06,1,341000,341000
I-009390,O-02685,P-05,1,520000,520000
I-009391,O-02685,P-10,3,28000,84000
I-009392,O-02685,P-01,2,45000,90000
I-009393,O-02686,P-01,1,45000,45000
I-009394,O-02686,P-02,1,210000,210000
I-009395,O-02687,P-10,3,28000,84000
I-009396,O-02687,P-08,2,36000,72000
I-009397,O-02688,P-03,3,62000,186000
I-009398,O-02688,P-07,3,280000,840000
I-009399,O-02688,P-01,3,45000,135000
I-009400,O-02688,P-05,1,520000,520000
I-009401,O-02689,P-09,1,47500,47500
I-009402,O-02689,P-10,3,28000,84000
I-009403,O-02689,P-01,3,45000,135000
I-009404,O-02689,P-08,2,36000,72000
I-009405,O-02690,P-06,2,341000,682000
I-009406,O-02690,P-02,2,210000,420000
I-009407,O-02690,P-10,1,28000,28000
I-009408,O-02690,P-03,1,62000,62000
I-009409,O-02690,P-07,3,280000,840000
I-009410,O-02691,P-03,1,62000,62000
I-009411,O-02691,P-06,3,341000,1023000
I-009412,O-02691,P-10,2,28000,56000
I-009413,O-02692,P-08,1,36000,36000
I-009414,O-02692,P-07,1,280000,280000
I-009415,O-02692,P-05,1,520000,520000
I-009416,O-02692,P-10,2,28000,56000
I-009417,O-02693,P-05,1,520000,520000
I-009418,O-02693,P-06,3,341000,1023000
I-009419,O-02693,P-08,3,36000,108000
I-009420,O-02694,P-10,3,28000,84000
I-009421,O-02694,P-04,1,625000,625000
I-009422,O-02695,P-05,3,520000,1560000
I-009423,O-02695,P-07,2,280000,560000
I-009424,O-02695,P-01,2,45000,90000
I-009425,O-02695,P-04,1,625000,625000
I-009426,O-02695,P-08,1,36000,36000
I-009427,O-02696,P-05,2,520000,1040000
I-009428,O-02696,P-04,1,625000,625000
I-009429,O-02696,P-01,1,45000,45000
I-009430,O-02697,P-08,2,36000,72000
I-009431,O-02697,P-02,3,210000,630000
I-009432,O-02697,P-09,3,47500,142500
I-009433,O-02697,P-07,3,280000,840000
I-009434,O-02697,P-03,1,62000,62000
I-009435,O-02698,P-05,3,520000,1560000
I-009436,O-02698,P-09,1,47500,47500
I-009437,O-02698,P-02,3,210000,630000
I-009438,O-02698,P-04,1,625000,625000
I-009439,O-02699,P-08,2,36000,72000
I-009440,O-02699,P-06,3,341000,1023000
I-009441,O-02699,P-09,1,47500,47500
I-009442,O-02700,P-07,1,280000,280000
I-009443,O-02700,P-05,1,520000,520000
I-009444,O-02700,P-06,1,341000,341000
I-009445,O-02700,P-03,1,62000,62000
I-009446,O-02700,P-04,1,625000,625000
I-009447,O-02701,P-04,3,625000,1875000
I-009448,O-02701,P-02,3,210000,630000
I-009449,O-02701,P-05,3,520000,1560000
I-009450,O-02701,P-10,2,28000,56000
I-009451,O-02701,P-08,3,36000,108000
I-009452,O-02702,P-04,2,625000,1250000
I-009453,O-02702,P-05,1,520000,520000
I-009454,O-02702,P-08,1,36000,36000
I-009455,O-02702,P-06,2,341000,682000
I-009456,O-02702,P-10,2,28000,56000
I-009457,O-02703,P-09,1,47500,47500
I-009458,O-02703,P-05,3,520000,1560000
I-009459,O-02703,P-10,3,28000,84000
I-009460,O-02704,P-07,3,280000,840000
I-009461,O-02704,P-05,2,520000,1040000
I-009462,O-02704,P-06,1,341000,341000
I-009463,O-02704,P-03,3,62000,186000
I-009464,O-02704,P-10,3,28000,84000
I-009465,O-02705,P-10,3,28000,84000
I-009466,O-02705,P-06,1,341000,341000
I-009467,O-02706,P-09,3,47500,142500
I-009468,O-02706,P-07,2,280000,560000
I-009469,O-02706,P-02,2,210000,420000
I-009470,O-02707,P-05,1,520000,520000
I-009471,O-02707,P-04,1,625000,625000
I-009472,O-02708,P-01,2,45000,90000
I-009473,O-02708,P-07,1,280000,280000
I-009474,O-02709,P-06,2,341000,682000
I-009475,O-02709,P-02,3,210000,630000
I-009476,O-02709,P-05,3,520000,1560000
I-009477,O-02709,P-09,2,47500,95000
I-009478,O-02709,P-10,3,28000,84000
I-009479,O-02710,P-08,3,36000,108000
I-009480,O-02710,P-04,3,625000,1875000
I-009481,O-02711,P-05,2,520000,1040000
I-009482,O-02711,P-10,3,28000,84000
I-009483,O-02712,P-07,1,280000,280000
I-009484,O-02712,P-04,2,625000,1250000
I-009485,O-02712,P-09,2,47500,95000
I-009486,O-02713,P-08,1,36000,36000
I-009487,O-02713,P-04,3,625000,1875000
I-009488,O-02714,P-05,2,520000,1040000
I-009489,O-02714,P-09,1,47500,47500
I-009490,O-02715,P-08,2,36000,72000
I-009491,O-02715,P-09,1,47500,47500
I-009492,O-02716,P-04,3,625000,1875000
I-009493,O-02716,P-05,1,520000,520000
I-009494,O-02716,P-01,1,45000,45000
I-009495,O-02716,P-10,3,28000,84000
I-009496,O-02716,P-06,1,341000,341000
I-009497,O-02717,P-05,1,520000,520000
I-009498,O-02717,P-10,3,28000,84000
I-009499,O-02717,P-01,1,45000,45000
I-009500,O-02718,P-07,1,280000,280000
I-009501,O-02718,P-04,3,625000,1875000
I-009502,O-02719,P-03,3,62000,186000
I-009503,O-02719,P-01,2,45000,90000
I-009504,O-02720,P-02,2,210000,420000
I-009505,O-02720,P-06,3,341000,1023000
I-009506,O-02721,P-08,3,36000,108000
I-009507,O-02721,P-10,2,28000,56000
I-009508,O-02721,P-06,3,341000,1023000
I-009509,O-02721,P-03,1,62000,62000
I-009510,O-02722,P-04,3,625000,1875000
I-009511,O-02722,P-09,1,47500,47500
I-009512,O-02722,P-10,3,28000,84000
I-009513,O-02723,P-10,2,28000,56000
I-009514,O-02723,P-01,2,45000,90000
I-009515,O-02724,P-07,1,280000,280000
I-009516,O-02724,P-09,1,47500,47500
I-009517,O-02724,P-02,2,210000,420000
I-009518,O-02724,P-05,3,520000,1560000
I-009519,O-02725,P-08,1,36000,36000
I-009520,O-02725,P-09,1,47500,47500
I-009521,O-02725,P-04,2,625000,1250000
I-009522,O-02725,P-05,1,520000,520000
I-009523,O-02726,P-07,2,280000,560000
I-009524,O-02726,P-10,1,28000,28000
I-009525,O-02726,P-01,1,45000,45000
I-009526,O-02726,P-02,2,210000,420000
I-009527,O-02727,P-04,3,625000,1875000
I-009528,O-02727,P-08,3,36000,108000
I-009529,O-02727,P-05,1,520000,520000
I-009530,O-02727,P-03,3,62000,186000
I-009531,O-02728,P-03,3,62000,186000
I-009532,O-02728,P-04,1,625000,625000
I-009533,O-02728,P-10,3,28000,84000
I-009534,O-02729,P-07,2,280000,560000
I-009535,O-02729,P-09,3,47500,142500
I-009536,O-02729,P-04,1,625000,625000
I-009537,O-02729,P-02,3,210000,630000
I-009538,O-02729,P-08,2,36000,72000
I-009539,O-02730,P-02,2,210000,420000
I-009540,O-02730,P-01,1,45000,45000
I-009541,O-02730,P-09,3,47500,142500
I-009542,O-02730,P-03,2,62000,124000
I-009543,O-02731,P-08,1,36000,36000
I-009544,O-02731,P-07,2,280000,560000
I-009545,O-02731,P-10,3,28000,84000
I-009546,O-02731,P-01,3,45000,135000
I-009547,O-02732,P-02,2,210000,420000
I-009548,O-02732,P-04,3,625000,1875000
I-009549,O-02732,P-07,1,280000,280000
I-009550,O-02733,P-01,2,45000,90000
I-009551,O-02733,P-02,3,210000,630000
I-009552,O-02733,P-07,2,280000,560000
I-009553,O-02733,P-08,3,36000,108000
I-009554,O-02733,P-03,1,62000,62000
I-009555,O-02734,P-08,1,36000,36000
I-009556,O-02734,P-09,1,47500,47500
I-009557,O-02734,P-03,2,62000,124000
I-009558,O-02734,P-05,3,520000,1560000
I-009559,O-02734,P-10,2,28000,56000
I-009560,O-02735,P-02,2,210000,420000
I-009561,O-02735,P-10,3,28000,84000
I-009562,O-02735,P-05,2,520000,1040000
I-009563,O-02735,P-09,3,47500,142500
I-009564,O-02735,P-07,1,280000,280000
I-009565,O-02736,P-03,1,62000,62000
I-009566,O-02736,P-09,2,47500,95000
I-009567,O-02736,P-05,2,520000,1040000
I-009568,O-02736,P-10,3,28000,84000
I-009569,O-02736,P-01,2,45000,90000
I-009570,O-02737,P-09,1,47500,47500
I-009571,O-02737,P-03,2,62000,124000
I-009572,O-02737,P-04,1,625000,625000
I-009573,O-02737,P-08,3,36000,108000
I-009574,O-02737,P-05,1,520000,520000
I-009575,O-02738,P-09,3,47500,142500
I-009576,O-02738,P-06,3,341000,1023000
I-009577,O-02738,P-02,2,210000,420000
I-009578,O-02738,P-03,1,62000,62000
I-009579,O-02739,P-01,2,45000,90000
I-009580,O-02739,P-04,1,625000,625000
I-009581,O-02740,P-05,2,520000,1040000
I-009582,O-02740,P-07,2,280000,560000
I-009583,O-02740,P-08,1,36000,36000
I-009584,O-02741,P-08,1,36000,36000
I-009585,O-02741,P-05,3,520000,1560000
I-009586,O-02741,P-04,3,625000,1875000
I-009587,O-02742,P-09,2,47500,95000
I-009588,O-02742,P-01,3,45000,135000
I-009589,O-02743,P-10,1,28000,28000
I-009590,O-02743,P-09,3,47500,142500
I-009591,O-02743,P-07,1,280000,280000
I-009592,O-02743,P-08,3,36000,108000
I-009593,O-02744,P-02,3,210000,630000
I-009594,O-02744,P-05,2,520000,1040000
I-009595,O-02745,P-08,1,36000,36000
I-009596,O-02745,P-01,2,45000,90000
I-009597,O-02746,P-06,3,341000,1023000
I-009598,O-02746,P-09,2,47500,95000
I-009599,O-02746,P-05,3,520000,1560000
I-009600,O-02746,P-10,1,28000,28000
I-009601,O-02746,P-03,2,62000,124000
I-009602,O-02747,P-07,1,280000,280000
I-009603,O-02747,P-03,3,62000,186000
I-009604,O-02747,P-06,3,341000,1023000
I-009605,O-02747,P-10,3,28000,84000
I-009606,O-02748,P-08,3,36000,108000
I-009607,O-02748,P-01,3,45000,135000
I-009608,O-02748,P-06,3,341000,1023000
I-009609,O-02748,P-07,1,280000,280000
I-009610,O-02748,P-09,3,47500,142500
I-009611,O-02749,P-10,3,28000,84000
I-009612,O-02749,P-02,1,210000,210000
I-009613,O-02749,P-06,3,341000,1023000
I-009614,O-02749,P-09,2,47500,95000
I-009615,O-02750,P-02,1,210000,210000
I-009616,O-02750,P-07,3,280000,840000
I-009617,O-02750,P-08,3,36000,108000
I-009618,O-02750,P-05,3,520000,1560000
I-009619,O-02750,P-10,2,28000,56000
I-009620,O-02751,P-02,3,210000,630000
I-009621,O-02751,P-08,2,36000,72000
I-009622,O-02751,P-10,3,28000,84000
I-009623,O-02751,P-05,1,520000,520000
I-009624,O-02751,P-01,1,45000,45000
I-009625,O-02752,P-06,2,341000,682000
I-009626,O-02752,P-08,3,36000,108000
I-009627,O-02753,P-08,1,36000,36000
I-009628,O-02753,P-09,3,47500,142500
I-009629,O-02753,P-02,2,210000,420000
I-009630,O-02753,P-01,2,45000,90000
I-009631,O-02753,P-03,3,62000,186000
I-009632,O-02754,P-03,1,62000,62000
I-009633,O-02754,P-05,2,520000,1040000
I-009634,O-02755,P-09,2,47500,95000
I-009635,O-02755,P-03,3,62000,186000
I-009636,O-02755,P-02,3,210000,630000
I-009637,O-02756,P-02,3,210000,630000
I-009638,O-02756,P-05,3,520000,1560000
I-009639,O-02756,P-04,1,625000,625000
I-009640,O-02756,P-08,2,36000,72000
I-009641,O-02756,P-09,1,47500,47500
I-009642,O-02757,P-01,1,45000,45000
I-009643,O-02757,P-07,1,280000,280000
I-009644,O-02757,P-10,3,28000,84000
I-009645,O-02758,P-08,3,36000,108000
I-009646,O-02758,P-03,2,62000,124000
I-009647,O-02758,P-01,2,45000,90000
I-009648,O-02758,P-07,3,280000,840000
I-009649,O-02759,P-04,3,625000,1875000
I-009650,O-02759,P-03,1,62000,62000
I-009651,O-02759,P-08,3,36000,108000
I-009652,O-02760,P-09,1,47500,47500
I-009653,O-02760,P-04,2,625000,1250000
I-009654,O-02760,P-02,2,210000,420000
I-009655,O-02760,P-01,1,45000,45000
I-009656,O-02761,P-10,2,28000,56000
I-009657,O-02761,P-09,2,47500,95000
I-009658,O-02762,P-10,3,28000,84000
I-009659,O-02762,P-06,1,341000,341000
I-009660,O-02762,P-03,1,62000,62000
I-009661,O-02762,P-05,2,520000,1040000
I-009662,O-02763,P-09,2,47500,95000
I-009663,O-02763,P-05,1,520000,520000
I-009664,O-02763,P-01,2,45000,90000
I-009665,O-02763,P-03,1,62000,62000
I-009666,O-02763,P-07,2,280000,560000
I-009667,O-02764,P-01,2,45000,90000
I-009668,O-02764,P-04,3,625000,1875000
I-009669,O-02764,P-09,1,47500,47500
I-009670,O-02764,P-08,1,36000,36000
I-009671,O-02764,P-03,2,62000,124000
I-009672,O-02765,P-03,1,62000,62000
I-009673,O-02765,P-07,3,280000,840000
I-009674,O-02765,P-08,3,36000,108000
I-009675,O-02765,P-05,2,520000,1040000
I-009676,O-02766,P-05,2,520000,1040000
I-009677,O-02766,P-04,1,625000,625000
I-009678,O-02766,P-09,1,47500,47500
I-009679,O-02766,P-07,1,280000,280000
I-009680,O-02767,P-03,3,62000,186000
I-009681,O-02767,P-04,1,625000,625000
I-009682,O-02767,P-08,3,36000,108000
I-009683,O-02768,P-08,3,36000,108000
I-009684,O-02768,P-01,1,45000,45000
I-009685,O-02769,P-01,1,45000,45000
I-009686,O-02769,P-07,1,280000,280000
I-009687,O-02770,P-02,1,210000,210000
I-009688,O-02770,P-01,2,45000,90000
I-009689,O-02770,P-08,3,36000,108000
I-009690,O-02770,P-10,3,28000,84000
I-009691,O-02770,P-05,2,520000,1040000
I-009692,O-02771,P-07,2,280000,560000
I-009693,O-02771,P-10,3,28000,84000
I-009694,O-02771,P-03,1,62000,62000
I-009695,O-02771,P-01,2,45000,90000
I-009696,O-02772,P-08,2,36000,72000
I-009697,O-02772,P-04,3,625000,1875000
I-009698,O-02773,P-02,3,210000,630000
I-009699,O-02773,P-04,1,625000,625000
I-009700,O-02773,P-09,3,47500,142500
I-009701,O-02773,P-03,1,62000,62000
I-009702,O-02773,P-08,2,36000,72000
I-009703,O-02774,P-06,1,341000,341000
I-009704,O-02774,P-08,3,36000,108000
I-009705,O-02775,P-09,2,47500,95000
I-009706,O-02775,P-10,2,28000,56000
I-009707,O-02775,P-02,3,210000,630000
I-009708,O-02775,P-01,2,45000,90000
I-009709,O-02775,P-08,1,36000,36000
I-009710,O-02776,P-03,1,62000,62000
I-009711,O-02776,P-02,1,210000,210000
I-009712,O-02776,P-08,1,36000,36000
I-009713,O-02777,P-05,1,520000,520000
I-009714,O-02777,P-03,2,62000,124000
I-009715,O-02777,P-01,1,45000,45000
I-009716,O-02778,P-09,1,47500,47500
I-009717,O-02778,P-02,2,210000,420000
I-009718,O-02779,P-04,2,625000,1250000
I-009719,O-02779,P-06,3,341000,1023000
I-009720,O-02780,P-05,2,520000,1040000
I-009721,O-02780,P-10,3,28000,84000
I-009722,O-02780,P-07,3,280000,840000
I-009723,O-02780,P-09,3,47500,142500
I-009724,O-02780,P-01,1,45000,45000
I-009725,O-02781,P-03,1,62000,62000
I-009726,O-02781,P-05,3,520000,1560000
I-009727,O-02781,P-01,2,45000,90000
I-009728,O-02781,P-02,2,210000,420000
I-009729,O-02782,P-07,1,280000,280000
I-009730,O-02782,P-03,3,62000,186000
I-009731,O-02782,P-09,3,47500,142500
I-009732,O-02783,P-07,3,280000,840000
I-009733,O-02783,P-03,2,62000,124000
I-009734,O-02783,P-05,2,520000,1040000
I-009735,O-02783,P-09,3,47500,142500
I-009736,O-02784,P-08,3,36000,108000
I-009737,O-02784,P-03,3,62000,186000
I-009738,O-02784,P-04,3,625000,1875000
I-009739,O-02785,P-09,1,47500,47500
I-009740,O-02785,P-08,2,36000,72000
I-009741,O-02786,P-01,2,45000,90000
I-009742,O-02786,P-02,1,210000,210000
I-009743,O-02786,P-07,1,280000,280000
I-009744,O-02787,P-09,1,47500,47500
I-009745,O-02787,P-01,1,45000,45000
I-009746,O-02787,P-04,3,625000,1875000
I-009747,O-02787,P-10,3,28000,84000
I-009748,O-02787,P-02,3,210000,630000
I-009749,O-02788,P-08,1,36000,36000
I-009750,O-02788,P-09,1,47500,47500
I-009751,O-02788,P-02,3,210000,630000
I-009752,O-02789,P-06,2,341000,682000
I-009753,O-02789,P-05,3,520000,1560000
I-009754,O-02789,P-10,2,28000,56000
I-009755,O-02789,P-03,3,62000,186000
I-009756,O-02789,P-08,1,36000,36000
I-009757,O-02790,P-04,3,625000,1875000
I-009758,O-02790,P-09,3,47500,142500
I-009759,O-02791,P-04,1,625000,625000
I-009760,O-02791,P-02,2,210000,420000
I-009761,O-02792,P-08,1,36000,36000
I-009762,O-02792,P-05,2,520000,1040000
I-009763,O-02792,P-07,3,280000,840000
I-009764,O-02792,P-01,1,45000,45000
I-009765,O-02792,P-09,1,47500,47500
I-009766,O-02793,P-06,2,341000,682000
I-009767,O-02793,P-03,1,62000,62000
I-009768,O-02794,P-03,3,62000,186000
I-009769,O-02794,P-05,1,520000,520000
I-009770,O-02794,P-07,1,280000,280000
I-009771,O-02794,P-02,2,210000,420000
I-009772,O-02795,P-08,3,36000,108000
I-009773,O-02795,P-10,1,28000,28000
I-009774,O-02795,P-04,3,625000,1875000
I-009775,O-02796,P-04,2,625000,1250000
I-009776,O-02796,P-01,2,45000,90000
I-009777,O-02796,P-07,1,280000,280000
I-009778,O-02796,P-05,3,520000,1560000
I-009779,O-02796,P-03,1,62000,62000
I-009780,O-02797,P-09,3,47500,142500
I-009781,O-02797,P-04,2,625000,1250000
I-009782,O-02797,P-08,3,36000,108000
I-009783,O-02797,P-10,1,28000,28000
I-009784,O-02797,P-03,2,62000,124000
I-009785,O-02798,P-10,1,28000,28000
I-009786,O-02798,P-04,1,625000,625000
I-009787,O-02798,P-09,1,47500,47500
I-009788,O-02798,P-05,3,520000,1560000
I-009789,O-02799,P-02,3,210000,630000
I-009790,O-02799,P-10,1,28000,28000
I-009791,O-02799,P-07,3,280000,840000
I-009792,O-02800,P-10,3,28000,84000
I-009793,O-02800,P-05,1,520000,520000
I-009794,O-02800,P-03,3,62000,186000
I-009795,O-02800,P-06,3,341000,1023000
I-009796,O-02800,P-09,1,47500,47500
I-009797,O-02801,P-03,1,62000,62000
I-009798,O-02801,P-09,1,47500,47500
I-009799,O-02801,P-07,1,280000,280000
I-009800,O-02801,P-08,2,36000,72000
I-009801,O-02802,P-10,1,28000,28000
I-009802,O-02802,P-01,1,45000,45000
I-009803,O-02802,P-02,1,210000,210000
I-009804,O-02802,P-06,1,341000,341000
I-009805,O-02802,P-05,3,520000,1560000
I-009806,O-02803,P-09,2,47500,95000
I-009807,O-02803,P-01,1,45000,45000
I-009808,O-02803,P-07,3,280000,840000
I-009809,O-02804,P-02,1,210000,210000
I-009810,O-02804,P-06,2,341000,682000
I-009811,O-02805,P-06,3,341000,1023000
I-009812,O-02805,P-09,2,47500,95000
I-009813,O-02805,P-03,2,62000,124000
I-009814,O-02805,P-10,3,28000,84000
I-009815,O-02805,P-08,1,36000,36000
I-009816,O-02806,P-03,2,62000,124000
I-009817,O-02806,P-05,2,520000,1040000
I-009818,O-02806,P-06,3,341000,1023000
I-009819,O-02807,P-06,2,341000,682000
I-009820,O-02807,P-01,3,45000,135000
I-009821,O-02807,P-05,3,520000,1560000
I-009822,O-02808,P-05,3,520000,1560000
I-009823,O-02808,P-09,2,47500,95000
I-009824,O-02808,P-07,3,280000,840000
I-009825,O-02808,P-06,2,341000,682000
I-009826,O-02809,P-03,1,62000,62000
I-009827,O-02809,P-06,1,341000,341000
I-009828,O-02809,P-02,3,210000,630000
I-009829,O-02809,P-10,3,28000,84000
I-009830,O-02809,P-04,1,625000,625000
I-009831,O-02810,P-10,1,28000,28000
I-009832,O-02810,P-06,1,341000,341000
I-009833,O-02810,P-09,3,47500,142500
I-009834,O-02810,P-01,3,45000,135000
I-009835,O-02810,P-07,2,280000,560000
I-009836,O-02811,P-05,1,520000,520000
I-009837,O-02811,P-10,1,28000,28000
I-009838,O-02812,P-04,3,625000,1875000
I-009839,O-02812,P-06,1,341000,341000
I-009840,O-02813,P-01,1,45000,45000
I-009841,O-02813,P-02,2,210000,420000
I-009842,O-02813,P-07,1,280000,280000
I-009843,O-02814,P-08,1,36000,36000
I-009844,O-02814,P-07,2,280000,560000
I-009845,O-02814,P-10,3,28000,84000
I-009846,O-02814,P-04,1,625000,625000
I-009847,O-02815,P-09,1,47500,47500
I-009848,O-02815,P-01,3,45000,135000
I-009849,O-02815,P-10,3,28000,84000
I-009850,O-02815,P-04,3,625000,1875000
I-009851,O-02816,P-03,1,62000,62000
I-009852,O-02816,P-09,1,47500,47500
I-009853,O-02816,P-06,3,341000,1023000
I-009854,O-02816,P-02,1,210000,210000
I-009855,O-02816,P-07,3,280000,840000
I-009856,O-02817,P-06,2,341000,682000
I-009857,O-02817,P-09,2,47500,95000
I-009858,O-02817,P-10,2,28000,56000
I-009859,O-02817,P-01,1,45000,45000
I-009860,O-02818,P-04,2,625000,1250000
I-009861,O-02818,P-09,3,47500,142500
I-009862,O-02818,P-05,2,520000,1040000
I-009863,O-02819,P-06,2,341000,682000
I-009864,O-02819,P-05,2,520000,1040000
I-009865,O-02820,P-06,3,341000,1023000
I-009866,O-02820,P-09,1,47500,47500
I-009867,O-02820,P-07,1,280000,280000
I-009868,O-02821,P-08,3,36000,108000
I-009869,O-02821,P-03,3,62000,186000
I-009870,O-02821,P-10,2,28000,56000
I-009871,O-02821,P-01,3,45000,135000
I-009872,O-02821,P-04,3,625000,1875000
I-009873,O-02822,P-06,2,341000,682000
I-009874,O-02822,P-01,1,45000,45000
I-009875,O-02822,P-08,2,36000,72000
I-009876,O-02822,P-10,2,28000,56000
I-009877,O-02823,P-09,1,47500,47500
I-009878,O-02823,P-06,3,341000,1023000
I-009879,O-02823,P-08,1,36000,36000
I-009880,O-02823,P-04,3,625000,1875000
I-009881,O-02823,P-05,2,520000,1040000
I-009882,O-02824,P-10,1,28000,28000
I-009883,O-02824,P-02,1,210000,210000
I-009884,O-02824,P-09,3,47500,142500
I-009885,O-02824,P-07,3,280000,840000
I-009886,O-02825,P-08,2,36000,72000
I-009887,O-02825,P-02,1,210000,210000
I-009888,O-02825,P-06,3,341000,1023000
I-009889,O-02825,P-09,3,47500,142500
I-009890,O-02826,P-05,1,520000,520000
I-009891,O-02826,P-06,3,341000,1023000
I-009892,O-02826,P-03,1,62000,62000
I-009893,O-02827,P-01,1,45000,45000
I-009894,O-02827,P-02,3,210000,630000
I-009895,O-02827,P-03,3,62000,186000
I-009896,O-02827,P-10,3,28000,84000
I-009897,O-02828,P-10,1,28000,28000
I-009898,O-02828,P-01,1,45000,45000
I-009899,O-02828,P-05,1,520000,520000
I-009900,O-02829,P-02,1,210000,210000
I-009901,O-02829,P-04,1,625000,625000
I-009902,O-02830,P-05,1,520000,520000
I-009903,O-02830,P-06,2,341000,682000
I-009904,O-02830,P-02,1,210000,210000
I-009905,O-02831,P-06,3,341000,1023000
I-009906,O-02831,P-01,3,45000,135000
I-009907,O-02831,P-02,2,210000,420000
I-009908,O-02832,P-06,1,341000,341000
I-009909,O-02832,P-04,1,625000,625000
I-009910,O-02833,P-07,2,280000,560000
I-009911,O-02833,P-02,3,210000,630000
I-009912,O-02833,P-06,3,341000,1023000
I-009913,O-02833,P-05,1,520000,520000
I-009914,O-02833,P-04,2,625000,1250000
I-009915,O-02834,P-08,3,36000,108000
I-009916,O-02834,P-09,1,47500,47500
I-009917,O-02834,P-01,3,45000,135000
I-009918,O-02834,P-02,1,210000,210000
I-009919,O-02834,P-04,3,625000,1875000
I-009920,O-02835,P-03,3,62000,186000
I-009921,O-02835,P-04,2,625000,1250000
I-009922,O-02835,P-02,2,210000,420000
I-009923,O-02836,P-08,2,36000,72000
I-009924,O-02836,P-09,3,47500,142500
I-009925,O-02836,P-05,1,520000,520000
I-009926,O-02836,P-03,3,62000,186000
I-009927,O-02836,P-02,3,210000,630000
I-009928,O-02837,P-01,2,45000,90000
I-009929,O-02837,P-10,1,28000,28000
I-009930,O-02837,P-07,2,280000,560000
I-009931,O-02837,P-08,1,36000,36000
I-009932,O-02838,P-03,1,62000,62000
I-009933,O-02838,P-06,3,341000,1023000
I-009934,O-02838,P-08,1,36000,36000
I-009935,O-02838,P-10,1,28000,28000
I-009936,O-02839,P-05,2,520000,1040000
I-009937,O-02839,P-09,1,47500,47500
I-009938,O-02839,P-08,1,36000,36000
I-009939,O-02839,P-10,3,28000,84000
I-009940,O-02840,P-10,1,28000,28000
I-009941,O-02840,P-04,3,625000,1875000
I-009942,O-02841,P-04,1,625000,625000
I-009943,O-02841,P-08,2,36000,72000
I-009944,O-02841,P-10,3,28000,84000
I-009945,O-02842,P-02,2,210000,420000
I-009946,O-02842,P-05,2,520000,1040000
I-009947,O-02842,P-01,3,45000,135000
I-009948,O-02843,P-03,3,62000,186000
I-009949,O-02843,P-05,2,520000,1040000
I-009950,O-02844,P-10,2,28000,56000
I-009951,O-02844,P-07,2,280000,560000
I-009952,O-02844,P-04,3,625000,1875000
I-009953,O-02844,P-08,1,36000,36000
I-009954,O-02844,P-05,3,520000,1560000
I-009955,O-02845,P-01,1,45000,45000
I-009956,O-02845,P-03,3,62000,186000
I-009957,O-02846,P-06,2,341000,682000
I-009958,O-02846,P-07,2,280000,560000
I-009959,O-02846,P-03,1,62000,62000
I-009960,O-02846,P-08,2,36000,72000
I-009961,O-02846,P-04,3,625000,1875000
I-009962,O-02847,P-07,1,280000,280000
I-009963,O-02847,P-05,3,520000,1560000
I-009964,O-02848,P-06,3,341000,1023000
I-009965,O-02848,P-01,1,45000,45000
I-009966,O-02848,P-08,2,36000,72000
I-009967,O-02848,P-07,3,280000,840000
I-009968,O-02849,P-04,3,625000,1875000
I-009969,O-02849,P-02,3,210000,630000
I-009970,O-02850,P-07,2,280000,560000
I-009971,O-02850,P-04,2,625000,1250000
I-009972,O-02850,P-05,3,520000,1560000
I-009973,O-02850,P-03,1,62000,62000
I-009974,O-02851,P-09,1,47500,47500
I-009975,O-02851,P-02,2,210000,420000
I-009976,O-02851,P-03,1,62000,62000
I-009977,O-02851,P-10,2,28000,56000
I-009978,O-02852,P-05,3,520000,1560000
I-009979,O-02852,P-06,1,341000,341000
I-009980,O-02852,P-01,2,45000,90000
I-009981,O-02852,P-04,2,625000,1250000
I-009982,O-02852,P-09,1,47500,47500
I-009983,O-02853,P-07,2,280000,560000
I-009984,O-02853,P-08,2,36000,72000
I-009985,O-02853,P-01,2,45000,90000
I-009986,O-02854,P-05,2,520000,1040000
I-009987,O-02854,P-02,1,210000,210000
I-009988,O-02854,P-09,1,47500,47500
I-009989,O-02854,P-07,1,280000,280000
I-009990,O-02854,P-08,1,36000,36000
I-009991,O-02855,P-01,3,45000,135000
I-009992,O-02855,P-10,3,28000,84000
I-009993,O-02855,P-09,1,47500,47500
I-009994,O-02855,P-05,3,520000,1560000
I-009995,O-02855,P-06,1,341000,341000
I-009996,O-02856,P-06,1,341000,341000
I-009997,O-02856,P-08,3,36000,108000
I-009998,O-02856,P-10,2,28000,56000
I-009999,O-02856,P-05,2,520000,1040000
I-010000,O-02857,P-06,3,341000,1023000
I-010001,O-02857,P-09,3,47500,142500
I-010002,O-02857,P-02,2,210000,420000
I-010003,O-02858,P-07,1,280000,280000
I-010004,O-02858,P-06,2,341000,682000
I-010005,O-02858,P-09,3,47500,142500
I-010006,O-02858,P-05,1,520000,520000
I-010007,O-02859,P-07,2,280000,560000
I-010008,O-02859,P-08,1,36000,36000
I-010009,O-02859,P-03,3,62000,186000
I-010010,O-02859,P-05,1,520000,520000
I-010011,O-02859,P-09,3,47500,142500
I-010012,O-02860,P-06,2,341000,682000
I-010013,O-02860,P-01,3,45000,135000
I-010014,O-02860,P-08,1,36000,36000
I-010015,O-02860,P-10,2,28000,56000
I-010016,O-02861,P-05,3,520000,1560000
I-010017,O-02861,P-07,3,280000,840000
I-010018,O-02861,P-06,2,341000,682000
I-010019,O-02862,P-02,2,210000,420000
I-010020,O-02862,P-05,2,520000,1040000
I-010021,O-02862,P-08,1,36000,36000
I-010022,O-02862,P-07,1,280000,280000
I-010023,O-02862,P-03,1,62000,62000
I-010024,O-02863,P-10,1,28000,28000
I-010025,O-02863,P-05,2,520000,1040000
I-010026,O-02864,P-06,2,341000,682000
I-010027,O-02864,P-04,1,625000,625000
I-010028,O-02864,P-05,2,520000,1040000
I-010029,O-02865,P-07,1,280000,280000
I-010030,O-02865,P-05,1,520000,520000
I-010031,O-02866,P-06,2,341000,682000
I-010032,O-02866,P-07,1,280000,280000
I-010033,O-02866,P-09,2,47500,95000
I-010034,O-02867,P-01,2,45000,90000
I-010035,O-02867,P-03,1,62000,62000
I-010036,O-02867,P-06,3,341000,1023000
I-010037,O-02868,P-06,3,341000,1023000
I-010038,O-02868,P-03,3,62000,186000
I-010039,O-02868,P-01,2,45000,90000
I-010040,O-02868,P-05,3,520000,1560000
I-010041,O-02868,P-07,2,280000,560000
I-010042,O-02869,P-03,1,62000,62000
I-010043,O-02869,P-01,1,45000,45000
I-010044,O-02869,P-08,2,36000,72000
I-010045,O-02869,P-10,2,28000,56000
I-010046,O-02870,P-06,2,341000,682000
I-010047,O-02870,P-09,1,47500,47500
I-010048,O-02870,P-07,2,280000,560000
I-010049,O-02870,P-08,3,36000,108000
I-010050,O-02871,P-08,2,36000,72000
I-010051,O-02871,P-02,1,210000,210000
I-010052,O-02871,P-07,3,280000,840000
I-010053,O-02872,P-07,3,280000,840000
I-010054,O-02872,P-04,3,625000,1875000
I-010055,O-02872,P-08,3,36000,108000
I-010056,O-02872,P-09,1,47500,47500
I-010057,O-02873,P-10,1,28000,28000
I-010058,O-02873,P-08,3,36000,108000
I-010059,O-02873,P-05,2,520000,1040000
I-010060,O-02873,P-06,1,341000,341000
I-010061,O-02873,P-04,1,625000,625000
I-010062,O-02874,P-07,3,280000,840000
I-010063,O-02874,P-04,2,625000,1250000
I-010064,O-02874,P-06,2,341000,682000
I-010065,O-02874,P-08,1,36000,36000
I-010066,O-02875,P-07,2,280000,560000
I-010067,O-02875,P-08,1,36000,36000
I-010068,O-02875,P-09,1,47500,47500
I-010069,O-02875,P-01,2,45000,90000
I-010070,O-02876,P-06,2,341000,682000
I-010071,O-02876,P-02,3,210000,630000
I-010072,O-02877,P-04,2,625000,1250000
I-010073,O-02877,P-03,1,62000,62000
I-010074,O-02877,P-09,1,47500,47500
I-010075,O-02877,P-10,3,28000,84000
I-010076,O-02878,P-01,2,45000,90000
I-010077,O-02878,P-02,1,210000,210000
I-010078,O-02879,P-06,2,341000,682000
I-010079,O-02879,P-01,2,45000,90000
I-010080,O-02879,P-04,1,625000,625000
I-010081,O-02879,P-02,2,210000,420000
I-010082,O-02880,P-06,2,341000,682000
I-010083,O-02880,P-08,2,36000,72000
I-010084,O-02880,P-10,1,28000,28000
I-010085,O-02880,P-09,2,47500,95000
I-010086,O-02881,P-04,2,625000,1250000
I-010087,O-02881,P-06,2,341000,682000
I-010088,O-02881,P-07,2,280000,560000
I-010089,O-02881,P-08,3,36000,108000
I-010090,O-02881,P-05,3,520000,1560000
I-010091,O-02882,P-03,3,62000,186000
I-010092,O-02882,P-02,1,210000,210000
I-010093,O-02882,P-07,1,280000,280000
I-010094,O-02882,P-08,3,36000,108000
I-010095,O-02883,P-05,1,520000,520000
I-010096,O-02883,P-08,3,36000,108000
I-010097,O-02883,P-06,1,341000,341000
I-010098,O-02883,P-09,1,47500,47500
I-010099,O-02884,P-09,3,47500,142500
I-010100,O-02884,P-04,3,625000,1875000
I-010101,O-02884,P-10,3,28000,84000
I-010102,O-02885,P-07,3,280000,840000
I-010103,O-02885,P-01,2,45000,90000
I-010104,O-02885,P-06,3,341000,1023000
I-010105,O-02885,P-04,3,625000,1875000
I-010106,O-02886,P-03,3,62000,186000
I-010107,O-02886,P-02,3,210000,630000
I-010108,O-02887,P-01,2,45000,90000
I-010109,O-02887,P-10,3,28000,84000
I-010110,O-02887,P-03,3,62000,186000
I-010111,O-02888,P-07,1,280000,280000
I-010112,O-02888,P-05,3,520000,1560000
I-010113,O-02888,P-03,2,62000,124000
I-010114,O-02889,P-04,2,625000,1250000
I-010115,O-02889,P-07,2,280000,560000
I-010116,O-02889,P-08,3,36000,108000
I-010117,O-02889,P-05,2,520000,1040000
I-010118,O-02890,P-07,2,280000,560000
I-010119,O-02890,P-01,1,45000,45000
I-010120,O-02890,P-06,2,341000,682000
I-010121,O-02890,P-09,3,47500,142500
I-010122,O-02890,P-03,1,62000,62000
I-010123,O-02891,P-03,3,62000,186000
I-010124,O-02891,P-07,2,280000,560000
I-010125,O-02891,P-09,3,47500,142500
I-010126,O-02891,P-04,1,625000,625000
I-010127,O-02892,P-08,1,36000,36000
I-010128,O-02892,P-06,3,341000,1023000
I-010129,O-02893,P-10,2,28000,56000
I-010130,O-02893,P-03,2,62000,124000
I-010131,O-02894,P-04,1,625000,625000
I-010132,O-02894,P-02,2,210000,420000
I-010133,O-02895,P-05,2,520000,1040000
I-010134,O-02895,P-01,2,45000,90000
I-010135,O-02896,P-06,3,341000,1023000
I-010136,O-02896,P-03,2,62000,124000
I-010137,O-02896,P-08,1,36000,36000
I-010138,O-02896,P-07,1,280000,280000
I-010139,O-02896,P-09,3,47500,142500
I-010140,O-02897,P-08,2,36000,72000
I-010141,O-02897,P-10,3,28000,84000
I-010142,O-02897,P-09,2,47500,95000
I-010143,O-02897,P-07,3,280000,840000
I-010144,O-02898,P-04,1,625000,625000
I-010145,O-02898,P-01,2,45000,90000
I-010146,O-02898,P-02,3,210000,630000
I-010147,O-02898,P-07,1,280000,280000
I-010148,O-02898,P-05,1,520000,520000
I-010149,O-02899,P-05,3,520000,1560000
I-010150,O-02899,P-09,1,47500,47500
I-010151,O-02899,P-01,1,45000,45000
I-010152,O-02900,P-06,1,341000,341000
I-010153,O-02900,P-08,1,36000,36000
I-010154,O-02900,P-03,1,62000,62000
I-010155,O-02900,P-09,2,47500,95000
I-010156,O-02900,P-02,1,210000,210000
I-010157,O-02901,P-05,2,520000,1040000
I-010158,O-02901,P-10,2,28000,56000
I-010159,O-02902,P-07,2,280000,560000
I-010160,O-02902,P-10,2,28000,56000
I-010161,O-02903,P-07,3,280000,840000
I-010162,O-02903,P-02,1,210000,210000
I-010163,O-02903,P-06,3,341000,1023000
I-010164,O-02904,P-01,3,45000,135000
I-010165,O-02904,P-09,1,47500,47500
I-010166,O-02904,P-06,3,341000,1023000
I-010167,O-02904,P-07,3,280000,840000
I-010168,O-02904,P-03,2,62000,124000
I-010169,O-02905,P-07,2,280000,560000
I-010170,O-02905,P-04,3,625000,1875000
I-010171,O-02905,P-06,2,341000,682000
I-010172,O-02905,P-05,1,520000,520000
I-010173,O-02906,P-05,2,520000,1040000
I-010174,O-02906,P-10,2,28000,56000
I-010175,O-02906,P-07,2,280000,560000
I-010176,O-02907,P-03,3,62000,186000
I-010177,O-02907,P-02,3,210000,630000
I-010178,O-02908,P-07,1,280000,280000
I-010179,O-02908,P-06,2,341000,682000
I-010180,O-02908,P-03,2,62000,124000
I-010181,O-02908,P-10,1,28000,28000
I-010182,O-02909,P-03,2,62000,124000
I-010183,O-02909,P-01,3,45000,135000
I-010184,O-02909,P-07,1,280000,280000
I-010185,O-02910,P-10,3,28000,84000
I-010186,O-02910,P-03,3,62000,186000
I-010187,O-02910,P-06,2,341000,682000
I-010188,O-02910,P-08,3,36000,108000
I-010189,O-02911,P-09,2,47500,95000
I-010190,O-02911,P-08,3,36000,108000
I-010191,O-02911,P-03,3,62000,186000
I-010192,O-02911,P-02,2,210000,420000
I-010193,O-02911,P-05,2,520000,1040000
I-010194,O-02912,P-10,2,28000,56000
I-010195,O-02912,P-07,2,280000,560000
I-010196,O-02912,P-05,1,520000,520000
I-010197,O-02912,P-02,1,210000,210000
I-010198,O-02912,P-06,2,341000,682000
I-010199,O-02913,P-07,2,280000,560000
I-010200,O-02913,P-09,3,47500,142500
I-010201,O-02913,P-02,2,210000,420000
I-010202,O-02913,P-04,2,625000,1250000
I-010203,O-02914,P-09,1,47500,47500
I-010204,O-02914,P-02,2,210000,420000
I-010205,O-02915,P-02,1,210000,210000
I-010206,O-02915,P-08,2,36000,72000
I-010207,O-02915,P-09,2,47500,95000
I-010208,O-02915,P-06,1,341000,341000
I-010209,O-02916,P-07,3,280000,840000
I-010210,O-02916,P-09,1,47500,47500
I-010211,O-02917,P-02,2,210000,420000
I-010212,O-02917,P-10,1,28000,28000
I-010213,O-02917,P-01,1,45000,45000
I-010214,O-02918,P-09,1,47500,47500
I-010215,O-02918,P-01,3,45000,135000
I-010216,O-02919,P-08,1,36000,36000
I-010217,O-02919,P-10,2,28000,56000
I-010218,O-02919,P-04,1,625000,625000
I-010219,O-02919,P-06,3,341000,1023000
I-010220,O-02919,P-09,3,47500,142500
I-010221,O-02920,P-08,1,36000,36000
I-010222,O-02920,P-06,3,341000,1023000
I-010223,O-02920,P-09,2,47500,95000
I-010224,O-02920,P-10,2,28000,56000
I-010225,O-02921,P-09,3,47500,142500
I-010226,O-02921,P-08,3,36000,108000
I-010227,O-02921,P-02,3,210000,630000
I-010228,O-02922,P-08,1,36000,36000
I-010229,O-02922,P-04,3,625000,1875000
I-010230,O-02922,P-07,1,280000,280000
I-010231,O-02922,P-01,3,45000,135000
I-010232,O-02922,P-09,2,47500,95000
I-010233,O-02923,P-06,1,341000,341000
I-010234,O-02923,P-04,1,625000,625000
I-010235,O-02924,P-08,2,36000,72000
I-010236,O-02924,P-05,3,520000,1560000
I-010237,O-02925,P-09,2,47500,95000
I-010238,O-02925,P-07,3,280000,840000
I-010239,O-02925,P-08,2,36000,72000
I-010240,O-02925,P-05,2,520000,1040000
I-010241,O-02925,P-01,1,45000,45000
I-010242,O-02926,P-10,2,28000,56000
I-010243,O-02926,P-09,2,47500,95000
I-010244,O-02926,P-08,3,36000,108000
I-010245,O-02926,P-04,2,625000,1250000
I-010246,O-02927,P-07,2,280000,560000
I-010247,O-02927,P-02,3,210000,630000
I-010248,O-02928,P-06,1,341000,341000
I-010249,O-02928,P-03,2,62000,124000
I-010250,O-02928,P-10,2,28000,56000
I-010251,O-02928,P-02,1,210000,210000
I-010252,O-02929,P-02,3,210000,630000
I-010253,O-02929,P-06,2,341000,682000
I-010254,O-02930,P-07,2,280000,560000
I-010255,O-02930,P-03,1,62000,62000
I-010256,O-02930,P-01,3,45000,135000
I-010257,O-02931,P-08,3,36000,108000
I-010258,O-02931,P-07,2,280000,560000
I-010259,O-02932,P-02,2,210000,420000
I-010260,O-02932,P-06,3,341000,1023000
I-010261,O-02933,P-08,3,36000,108000
I-010262,O-02933,P-02,2,210000,420000
I-010263,O-02933,P-10,1,28000,28000
I-010264,O-02933,P-06,1,341000,341000
I-010265,O-02934,P-03,3,62000,186000
I-010266,O-02934,P-01,2,45000,90000
I-010267,O-02935,P-05,1,520000,520000
I-010268,O-02935,P-10,3,28000,84000
I-010269,O-02935,P-03,2,62000,124000
I-010270,O-02935,P-07,3,280000,840000
I-010271,O-02935,P-09,3,47500,142500
I-010272,O-02936,P-07,3,280000,840000
I-010273,O-02936,P-01,1,45000,45000
I-010274,O-02936,P-10,2,28000,56000
I-010275,O-02936,P-09,1,47500,47500
I-010276,O-02937,P-08,3,36000,108000
I-010277,O-02937,P-10,3,28000,84000
I-010278,O-02938,P-07,3,280000,840000
I-010279,O-02938,P-04,2,625000,1250000
I-010280,O-02938,P-01,3,45000,135000
I-010281,O-02939,P-05,3,520000,1560000
I-010282,O-02939,P-07,2,280000,560000
I-010283,O-02939,P-06,2,341000,682000
I-010284,O-02940,P-05,1,520000,520000
I-010285,O-02940,P-01,1,45000,45000
I-010286,O-02941,P-04,2,625000,1250000
I-010287,O-02941,P-02,1,210000,210000
I-010288,O-02941,P-05,3,520000,1560000
I-010289,O-02942,P-07,3,280000,840000
I-010290,O-02942,P-06,1,341000,341000
I-010291,O-02943,P-05,2,520000,1040000
I-010292,O-02943,P-06,3,341000,1023000
I-010293,O-02943,P-10,1,28000,28000
I-010294,O-02944,P-05,2,520000,1040000
I-010295,O-02944,P-01,3,45000,135000
I-010296,O-02944,P-04,1,625000,625000
I-010297,O-02944,P-09,2,47500,95000
I-010298,O-02944,P-03,3,62000,186000
I-010299,O-02945,P-01,1,45000,45000
I-010300,O-02945,P-10,1,28000,28000
I-010301,O-02945,P-02,3,210000,630000
I-010302,O-02945,P-06,1,341000,341000
I-010303,O-02946,P-09,1,47500,47500
I-010304,O-02946,P-02,3,210000,630000
I-010305,O-02946,P-10,1,28000,28000
I-010306,O-02946,P-04,1,625000,625000
I-010307,O-02946,P-05,3,520000,1560000
I-010308,O-02947,P-10,2,28000,56000
I-010309,O-02947,P-01,1,45000,45000
I-010310,O-02947,P-06,1,341000,341000
I-010311,O-02947,P-07,1,280000,280000
I-010312,O-02948,P-07,1,280000,280000
I-010313,O-02948,P-03,3,62000,186000
I-010314,O-02949,P-05,2,520000,1040000
I-010315,O-02949,P-07,1,280000,280000
I-010316,O-02949,P-03,2,62000,124000
I-010317,O-02949,P-10,3,28000,84000
I-010318,O-02950,P-01,3,45000,135000
I-010319,O-02950,P-09,3,47500,142500
I-010320,O-02951,P-06,3,341000,1023000
I-010321,O-02951,P-09,1,47500,47500
I-010322,O-02951,P-08,2,36000,72000
I-010323,O-02951,P-10,2,28000,56000
I-010324,O-02951,P-01,2,45000,90000
I-010325,O-02952,P-04,2,625000,1250000
I-010326,O-02952,P-07,2,280000,560000
I-010327,O-02952,P-02,3,210000,630000
I-010328,O-02952,P-08,3,36000,108000
I-010329,O-02953,P-04,2,625000,1250000
I-010330,O-02953,P-01,2,45000,90000
I-010331,O-02954,P-07,1,280000,280000
I-010332,O-02954,P-05,3,520000,1560000
I-010333,O-02955,P-03,1,62000,62000
I-010334,O-02955,P-01,2,45000,90000
I-010335,O-02956,P-09,1,47500,47500
I-010336,O-02956,P-01,2,45000,90000
I-010337,O-02956,P-10,3,28000,84000
I-010338,O-02956,P-08,2,36000,72000
I-010339,O-02956,P-05,1,520000,520000
I-010340,O-02957,P-10,2,28000,56000
I-010341,O-02957,P-07,2,280000,560000
I-010342,O-02957,P-09,3,47500,142500
I-010343,O-02957,P-01,1,45000,45000
I-010344,O-02958,P-04,2,625000,1250000
I-010345,O-02958,P-09,1,47500,47500
I-010346,O-02958,P-02,1,210000,210000
I-010347,O-02958,P-06,1,341000,341000
I-010348,O-02959,P-08,2,36000,72000
I-010349,O-02959,P-07,1,280000,280000
I-010350,O-02960,P-10,2,28000,56000
I-010351,O-02960,P-07,3,280000,840000
I-010352,O-02961,P-07,1,280000,280000
I-010353,O-02961,P-10,2,28000,56000
I-010354,O-02961,P-05,2,520000,1040000
I-010355,O-02961,P-02,3,210000,630000
I-010356,O-02961,P-04,3,625000,1875000
I-010357,O-02962,P-01,2,45000,90000
I-010358,O-02962,P-04,1,625000,625000
I-010359,O-02962,P-03,2,62000,124000
I-010360,O-02962,P-05,1,520000,520000
I-010361,O-02962,P-09,1,47500,47500
I-010362,O-02963,P-06,2,341000,682000
I-010363,O-02963,P-02,2,210000,420000
I-010364,O-02963,P-05,2,520000,1040000
I-010365,O-02964,P-04,3,625000,1875000
I-010366,O-02964,P-08,1,36000,36000
I-010367,O-02964,P-06,2,341000,682000
I-010368,O-02964,P-03,3,62000,186000
I-010369,O-02965,P-04,1,625000,625000
I-010370,O-02965,P-06,2,341000,682000
I-010371,O-02965,P-09,1,47500,47500
I-010372,O-02966,P-02,2,210000,420000
I-010373,O-02966,P-05,1,520000,520000
I-010374,O-02966,P-06,2,341000,682000
I-010375,O-02966,P-08,1,36000,36000
I-010376,O-02966,P-10,2,28000,56000
I-010377,O-02967,P-04,2,625000,1250000
I-010378,O-02967,P-08,3,36000,108000
I-010379,O-02968,P-02,2,210000,420000
I-010380,O-02968,P-01,1,45000,45000
I-010381,O-02968,P-09,2,47500,95000
I-010382,O-02968,P-04,1,625000,625000
I-010383,O-02968,P-07,1,280000,280000
I-010384,O-02969,P-03,3,62000,186000
I-010385,O-02969,P-07,1,280000,280000
I-010386,O-02969,P-10,2,28000,56000
I-010387,O-02969,P-08,2,36000,72000
I-010388,O-02969,P-02,1,210000,210000
I-010389,O-02970,P-05,3,520000,1560000
I-010390,O-02970,P-10,3,28000,84000
I-010391,O-02970,P-09,3,47500,142500
I-010392,O-02971,P-08,3,36000,108000
I-010393,O-02971,P-04,3,625000,1875000
I-010394,O-02971,P-01,2,45000,90000
I-010395,O-02972,P-07,2,280000,560000
I-010396,O-02972,P-03,2,62000,124000
I-010397,O-02972,P-09,1,47500,47500
I-010398,O-02973,P-03,1,62000,62000
I-010399,O-02973,P-04,3,625000,1875000
I-010400,O-02973,P-06,2,341000,682000
I-010401,O-02973,P-01,1,45000,45000
I-010402,O-02974,P-01,3,45000,135000
I-010403,O-02974,P-03,2,62000,124000
I-010404,O-02974,P-10,3,28000,84000
I-010405,O-02974,P-06,3,341000,1023000
I-010406,O-02974,P-07,2,280000,560000
I-010407,O-02975,P-10,3,28000,84000
I-010408,O-02975,P-06,3,341000,1023000
I-010409,O-02975,P-09,2,47500,95000
I-010410,O-02975,P-01,2,45000,90000
I-010411,O-02975,P-04,2,625000,1250000
I-010412,O-02976,P-09,3,47500,142500
I-010413,O-02976,P-08,3,36000,108000
I-010414,O-02976,P-03,1,62000,62000
I-010415,O-02976,P-10,2,28000,56000
I-010416,O-02977,P-06,1,341000,341000
I-010417,O-02977,P-04,2,625000,1250000
I-010418,O-02977,P-09,2,47500,95000
I-010419,O-02978,P-06,3,341000,1023000
I-010420,O-02978,P-01,2,45000,90000
I-010421,O-02978,P-10,3,28000,84000
I-010422,O-02978,P-09,1,47500,47500
I-010423,O-02979,P-06,3,341000,1023000
I-010424,O-02979,P-02,2,210000,420000
I-010425,O-02979,P-08,2,36000,72000
I-010426,O-02980,P-01,3,45000,135000
I-010427,O-02980,P-02,1,210000,210000
I-010428,O-02980,P-09,3,47500,142500
I-010429,O-02980,P-10,3,28000,84000
I-010430,O-02981,P-02,3,210000,630000
I-010431,O-02981,P-09,1,47500,47500
I-010432,O-02981,P-08,1,36000,36000
I-010433,O-02981,P-01,3,45000,135000
I-010434,O-02982,P-04,2,625000,1250000
I-010435,O-02982,P-03,2,62000,124000
I-010436,O-02982,P-05,2,520000,1040000
I-010437,O-02982,P-01,2,45000,90000
I-010438,O-02982,P-06,2,341000,682000
I-010439,O-02983,P-05,1,520000,520000
I-010440,O-02983,P-03,2,62000,124000
I-010441,O-02983,P-08,3,36000,108000
I-010442,O-02983,P-01,2,45000,90000
I-010443,O-02983,P-04,3,625000,1875000
I-010444,O-02984,P-06,3,341000,1023000
I-010445,O-02984,P-08,2,36000,72000
I-010446,O-02984,P-01,2,45000,90000
I-010447,O-02984,P-02,3,210000,630000
I-010448,O-02985,P-04,1,625000,625000
I-010449,O-02985,P-10,2,28000,56000
I-010450,O-02986,P-08,1,36000,36000
I-010451,O-02986,P-06,1,341000,341000
I-010452,O-02986,P-07,3,280000,840000
I-010453,O-02986,P-10,2,28000,56000
I-010454,O-02987,P-04,2,625000,1250000
I-010455,O-02987,P-10,3,28000,84000
I-010456,O-02987,P-05,2,520000,1040000
I-010457,O-02987,P-01,2,45000,90000
I-010458,O-02987,P-09,3,47500,142500
I-010459,O-02988,P-05,1,520000,520000
I-010460,O-02988,P-01,2,45000,90000
I-010461,O-02988,P-03,1,62000,62000
I-010462,O-02988,P-09,3,47500,142500
I-010463,O-02988,P-06,1,341000,341000
I-010464,O-02989,P-08,1,36000,36000
I-010465,O-02989,P-02,3,210000,630000
I-010466,O-02989,P-10,2,28000,56000
I-010467,O-02989,P-06,1,341000,341000
I-010468,O-02989,P-04,1,625000,625000
I-010469,O-02990,P-05,1,520000,520000
I-010470,O-02990,P-07,1,280000,280000
I-010471,O-02990,P-09,2,47500,95000
I-010472,O-02990,P-03,3,62000,186000
I-010473,O-02990,P-06,1,341000,341000
I-010474,O-02991,P-06,2,341000,682000
I-010475,O-02991,P-05,1,520000,520000
I-010476,O-02992,P-02,1,210000,210000
I-010477,O-02992,P-05,3,520000,1560000
I-010478,O-02992,P-09,2,47500,95000
I-010479,O-02993,P-05,1,520000,520000
I-010480,O-02993,P-04,2,625000,1250000
I-010481,O-02993,P-06,3,341000,1023000
I-010482,O-02993,P-03,2,62000,124000
I-010483,O-02994,P-02,1,210000,210000
I-010484,O-02994,P-05,3,520000,1560000
I-010485,O-02994,P-10,2,28000,56000
I-010486,O-02995,P-02,3,210000,630000
I-010487,O-02995,P-06,2,341000,682000
I-010488,O-02996,P-07,3,280000,840000
I-010489,O-02996,P-02,3,210000,630000
I-010490,O-02997,P-04,1,625000,625000
I-010491,O-02997,P-03,2,62000,124000
I-010492,O-02997,P-10,3,28000,84000
I-010493,O-02997,P-05,1,520000,520000
I-010494,O-02998,P-01,1,45000,45000
I-010495,O-02998,P-05,2,520000,1040000
I-010496,O-02999,P-01,2,45000,90000
I-010497,O-02999,P-04,1,625000,625000
I-010498,O-02999,P-02,1,210000,210000
I-010499,O-03000,P-03,2,62000,124000
I-010500,O-03000,P-02,2,210000,420000
I-010501,O-03000,P-01,1,45000,45000
I-010502,O-03000,P-10,2,28000,56000
I-010503,O-03001,P-07,2,280000,560000
I-010504,O-03001,P-10,3,28000,84000
I-010505,O-03001,P-09,1,47500,47500
I-010506,O-03001,P-03,1,62000,62000
I-010507,O-03001,P-05,2,520000,1040000
I-010508,O-03002,P-02,1,210000,210000
I-010509,O-03002,P-05,1,520000,520000
I-010510,O-03003,P-06,1,341000,341000
I-010511,O-03003,P-03,3,62000,186000
I-010512,O-03004,P-05,3,520000,1560000
I-010513,O-03004,P-09,2,47500,95000
I-010514,O-03004,P-02,1,210000,210000
I-010515,O-03004,P-03,2,62000,124000
I-010516,O-03004,P-08,2,36000,72000
I-010517,O-03005,P-04,3,625000,1875000
I-010518,O-03005,P-03,3,62000,186000
I-010519,O-03005,P-06,3,341000,1023000
I-010520,O-03005,P-09,3,47500,142500
I-010521,O-03005,P-08,3,36000,108000
I-010522,O-03006,P-01,1,45000,45000
I-010523,O-03006,P-04,2,625000,1250000
I-010524,O-03006,P-10,1,28000,28000
I-010525,O-03006,P-08,3,36000,108000
I-010526,O-03006,P-03,2,62000,124000
I-010527,O-03007,P-05,2,520000,1040000
I-010528,O-03007,P-03,1,62000,62000
I-010529,O-03007,P-10,2,28000,56000
I-010530,O-03008,P-10,2,28000,56000
I-010531,O-03008,P-08,3,36000,108000
I-010532,O-03009,P-07,3,280000,840000
I-010533,O-03009,P-02,2,210000,420000
I-010534,O-03010,P-02,2,210000,420000
I-010535,O-03010,P-05,2,520000,1040000
I-010536,O-03010,P-08,3,36000,108000
I-010537,O-03010,P-04,3,625000,1875000
I-010538,O-03010,P-10,1,28000,28000
I-010539,O-03011,P-01,2,45000,90000
I-010540,O-03011,P-07,2,280000,560000
I-010541,O-03011,P-09,1,47500,47500
I-010542,O-03011,P-06,1,341000,341000
I-010543,O-03011,P-08,3,36000,108000
I-010544,O-03012,P-08,2,36000,72000
I-010545,O-03012,P-06,1,341000,341000
I-010546,O-03013,P-03,3,62000,186000
I-010547,O-03013,P-05,2,520000,1040000
I-010548,O-03013,P-02,3,210000,630000
I-010549,O-03013,P-06,3,341000,1023000
I-010550,O-03013,P-09,1,47500,47500
I-010551,O-03014,P-02,2,210000,420000
I-010552,O-03014,P-06,2,341000,682000
I-010553,O-03015,P-02,1,210000,210000
I-010554,O-03015,P-05,2,520000,1040000
I-010555,O-03015,P-06,1,341000,341000
I-010556,O-03015,P-01,3,45000,135000
I-010557,O-03016,P-04,1,625000,625000
I-010558,O-03016,P-01,3,45000,135000
I-010559,O-03016,P-10,1,28000,28000
I-010560,O-03017,P-01,3,45000,135000
I-010561,O-03017,P-10,1,28000,28000
I-010562,O-03017,P-02,1,210000,210000
I-010563,O-03017,P-04,3,625000,1875000
I-010564,O-03017,P-09,2,47500,95000
I-010565,O-03018,P-07,2,280000,560000
I-010566,O-03018,P-09,3,47500,142500
I-010567,O-03018,P-01,2,45000,90000
I-010568,O-03018,P-10,2,28000,56000
I-010569,O-03018,P-08,1,36000,36000
I-010570,O-03019,P-06,2,341000,682000
I-010571,O-03019,P-04,2,625000,1250000
I-010572,O-03020,P-03,2,62000,124000
I-010573,O-03020,P-06,3,341000,1023000
I-010574,O-03021,P-06,1,341000,341000
I-010575,O-03021,P-07,1,280000,280000
I-010576,O-03021,P-08,1,36000,36000
I-010577,O-03021,P-02,2,210000,420000
I-010578,O-03022,P-08,3,36000,108000
I-010579,O-03022,P-10,3,28000,84000
I-010580,O-03022,P-01,2,45000,90000
I-010581,O-03022,P-07,3,280000,840000
I-010582,O-03023,P-05,2,520000,1040000
I-010583,O-03023,P-10,1,28000,28000
I-010584,O-03023,P-09,3,47500,142500
I-010585,O-03024,P-05,2,520000,1040000
I-010586,O-03024,P-06,1,341000,341000
I-010587,O-03024,P-08,2,36000,72000
I-010588,O-03024,P-09,3,47500,142500
I-010589,O-03024,P-03,3,62000,186000
I-010590,O-03025,P-08,1,36000,36000
I-010591,O-03025,P-07,2,280000,560000
I-010592,O-03026,P-03,2,62000,124000
I-010593,O-03026,P-08,2,36000,72000
I-010594,O-03027,P-08,1,36000,36000
I-010595,O-03027,P-05,2,520000,1040000
I-010596,O-03028,P-10,2,28000,56000
I-010597,O-03028,P-01,3,45000,135000
I-010598,O-03028,P-05,2,520000,1040000
I-010599,O-03028,P-09,1,47500,47500
I-010600,O-03029,P-02,1,210000,210000
I-010601,O-03029,P-03,2,62000,124000
I-010602,O-03030,P-02,2,210000,420000
I-010603,O-03030,P-05,2,520000,1040000
I-010604,O-03030,P-06,1,341000,341000
I-010605,O-03030,P-10,3,28000,84000
I-010606,O-03030,P-08,1,36000,36000
I-010607,O-03031,P-03,1,62000,62000
I-010608,O-03031,P-10,3,28000,84000
I-010609,O-03031,P-04,1,625000,625000
I-010610,O-03031,P-06,3,341000,1023000
I-010611,O-03032,P-07,1,280000,280000
I-010612,O-03032,P-09,3,47500,142500
I-010613,O-03033,P-06,1,341000,341000
I-010614,O-03033,P-03,3,62000,186000
I-010615,O-03033,P-02,2,210000,420000
I-010616,O-03034,P-07,1,280000,280000
I-010617,O-03034,P-01,1,45000,45000
I-010618,O-03035,P-06,3,341000,1023000
I-010619,O-03035,P-07,3,280000,840000
I-010620,O-03035,P-08,2,36000,72000
I-010621,O-03035,P-09,3,47500,142500
I-010622,O-03036,P-10,1,28000,28000
I-010623,O-03036,P-04,1,625000,625000
I-010624,O-03036,P-06,2,341000,682000
I-010625,O-03037,P-02,3,210000,630000
I-010626,O-03037,P-06,1,341000,341000
I-010627,O-03038,P-06,3,341000,1023000
I-010628,O-03038,P-10,3,28000,84000
I-010629,O-03039,P-07,1,280000,280000
I-010630,O-03039,P-09,1,47500,47500
I-010631,O-03039,P-05,3,520000,1560000
I-010632,O-03039,P-01,2,45000,90000
I-010633,O-03039,P-03,1,62000,62000
I-010634,O-03040,P-05,3,520000,1560000
I-010635,O-03040,P-01,3,45000,135000
I-010636,O-03041,P-04,2,625000,1250000
I-010637,O-03041,P-07,1,280000,280000
I-010638,O-03042,P-08,1,36000,36000
I-010639,O-03042,P-07,2,280000,560000
I-010640,O-03042,P-06,1,341000,341000
I-010641,O-03043,P-10,3,28000,84000
I-010642,O-03043,P-02,3,210000,630000
I-010643,O-03043,P-05,2,520000,1040000
I-010644,O-03043,P-04,2,625000,1250000
I-010645,O-03043,P-01,2,45000,90000
I-010646,O-03044,P-09,1,47500,47500
I-010647,O-03044,P-02,3,210000,630000
I-010648,O-03044,P-05,3,520000,1560000
I-010649,O-03044,P-07,3,280000,840000
I-010650,O-03044,P-10,1,28000,28000
I-010651,O-03045,P-03,1,62000,62000
I-010652,O-03045,P-05,2,520000,1040000
I-010653,O-03045,P-07,3,280000,840000
I-010654,O-03045,P-02,1,210000,210000
I-010655,O-03045,P-06,3,341000,1023000
I-010656,O-03046,P-09,1,47500,47500
I-010657,O-03046,P-02,2,210000,420000
I-010658,O-03047,P-03,2,62000,124000
I-010659,O-03047,P-04,2,625000,1250000
I-010660,O-03047,P-09,1,47500,47500
I-010661,O-03047,P-08,1,36000,36000
I-010662,O-03048,P-03,2,62000,124000
I-010663,O-03048,P-06,3,341000,1023000
I-010664,O-03048,P-05,3,520000,1560000
I-010665,O-03048,P-04,3,625000,1875000
I-010666,O-03048,P-08,1,36000,36000
I-010667,O-03049,P-02,2,210000,420000
I-010668,O-03049,P-07,3,280000,840000
I-010669,O-03050,P-08,3,36000,108000
I-010670,O-03050,P-07,3,280000,840000
I-010671,O-03050,P-02,2,210000,420000
I-010672,O-03050,P-06,1,341000,341000
I-010673,O-03050,P-09,1,47500,47500
I-010674,O-03051,P-03,1,62000,62000
I-010675,O-03051,P-10,2,28000,56000
I-010676,O-03052,P-02,2,210000,420000
I-010677,O-03052,P-07,3,280000,840000
I-010678,O-03052,P-04,3,625000,1875000
I-010679,O-03052,P-10,1,28000,28000
I-010680,O-03053,P-04,3,625000,1875000
I-010681,O-03053,P-03,2,62000,124000
I-010682,O-03054,P-03,3,62000,186000
I-010683,O-03054,P-04,1,625000,625000
I-010684,O-03054,P-01,2,45000,90000
I-010685,O-03054,P-07,2,280000,560000
I-010686,O-03054,P-06,2,341000,682000
I-010687,O-03055,P-03,2,62000,124000
I-010688,O-03055,P-10,3,28000,84000
I-010689,O-03056,P-10,3,28000,84000
I-010690,O-03056,P-07,2,280000,560000
I-010691,O-03056,P-08,1,36000,36000
I-010692,O-03056,P-01,2,45000,90000
I-010693,O-03056,P-04,2,625000,1250000
I-010694,O-03057,P-10,3,28000,84000
I-010695,O-03057,P-05,3,520000,1560000
I-010696,O-03057,P-08,1,36000,36000
I-010697,O-03057,P-02,1,210000,210000
I-010698,O-03058,P-10,3,28000,84000
I-010699,O-03058,P-06,3,341000,1023000
I-010700,O-03058,P-08,3,36000,108000
I-010701,O-03059,P-10,3,28000,84000
I-010702,O-03059,P-07,1,280000,280000
I-010703,O-03059,P-04,3,625000,1875000
I-010704,O-03059,P-03,2,62000,124000
I-010705,O-03060,P-02,3,210000,630000
I-010706,O-03060,P-05,3,520000,1560000
I-010707,O-03060,P-01,2,45000,90000
I-010708,O-03060,P-04,3,625000,1875000
I-010709,O-03061,P-10,2,28000,56000
I-010710,O-03061,P-01,2,45000,90000
I-010711,O-03061,P-07,1,280000,280000
I-010712,O-03061,P-09,1,47500,47500
I-010713,O-03061,P-03,3,62000,186000
I-010714,O-03062,P-03,2,62000,124000
I-010715,O-03062,P-05,3,520000,1560000
I-010716,O-03063,P-02,1,210000,210000
I-010717,O-03063,P-09,2,47500,95000
I-010718,O-03064,P-10,1,28000,28000
I-010719,O-03064,P-07,3,280000,840000
I-010720,O-03064,P-02,1,210000,210000
I-010721,O-03064,P-04,2,625000,1250000
I-010722,O-03064,P-06,3,341000,1023000
I-010723,O-03065,P-02,2,210000,420000
I-010724,O-03065,P-03,1,62000,62000
I-010725,O-03065,P-07,3,280000,840000
I-010726,O-03065,P-04,3,625000,1875000
I-010727,O-03065,P-10,3,28000,84000
I-010728,O-03066,P-03,2,62000,124000
I-010729,O-03066,P-06,1,341000,341000
I-010730,O-03066,P-10,1,28000,28000
I-010731,O-03066,P-04,3,625000,1875000
I-010732,O-03067,P-08,2,36000,72000
I-010733,O-03067,P-07,1,280000,280000
I-010734,O-03067,P-06,1,341000,341000
I-010735,O-03068,P-06,1,341000,341000
I-010736,O-03068,P-05,2,520000,1040000
I-010737,O-03069,P-06,2,341000,682000
I-010738,O-03069,P-02,2,210000,420000
I-010739,O-03069,P-10,3,28000,84000
I-010740,O-03069,P-08,1,36000,36000
I-010741,O-03069,P-09,1,47500,47500
I-010742,O-03070,P-08,3,36000,108000
I-010743,O-03070,P-05,2,520000,1040000
I-010744,O-03070,P-02,1,210000,210000
I-010745,O-03070,P-04,1,625000,625000
I-010746,O-03071,P-06,3,341000,1023000
I-010747,O-03071,P-02,1,210000,210000
I-010748,O-03071,P-05,3,520000,1560000
I-010749,O-03072,P-09,1,47500,47500
I-010750,O-03072,P-08,3,36000,108000
I-010751,O-03072,P-04,3,625000,1875000
I-010752,O-03073,P-04,3,625000,1875000
I-010753,O-03073,P-07,1,280000,280000
I-010754,O-03073,P-08,3,36000,108000
I-010755,O-03074,P-06,1,341000,341000
I-010756,O-03074,P-10,2,28000,56000
I-010757,O-03074,P-07,3,280000,840000
I-010758,O-03075,P-09,1,47500,47500
I-010759,O-03075,P-06,3,341000,1023000
I-010760,O-03075,P-10,1,28000,28000
I-010761,O-03076,P-10,2,28000,56000
I-010762,O-03076,P-07,2,280000,560000
I-010763,O-03076,P-01,3,45000,135000
I-010764,O-03076,P-04,2,625000,1250000
I-010765,O-03076,P-03,3,62000,186000
I-010766,O-03077,P-06,3,341000,1023000
I-010767,O-03077,P-05,3,520000,1560000
I-010768,O-03077,P-02,2,210000,420000
I-010769,O-03077,P-08,3,36000,108000
I-010770,O-03077,P-09,3,47500,142500
I-010771,O-03078,P-02,1,210000,210000
I-010772,O-03078,P-10,3,28000,84000
I-010773,O-03078,P-06,3,341000,1023000
I-010774,O-03078,P-07,1,280000,280000
I-010775,O-03079,P-04,1,625000,625000
I-010776,O-03079,P-10,3,28000,84000
I-010777,O-03079,P-05,3,520000,1560000
I-010778,O-03080,P-04,2,625000,1250000
I-010779,O-03080,P-05,2,520000,1040000
I-010780,O-03080,P-02,1,210000,210000
I-010781,O-03081,P-02,2,210000,420000
I-010782,O-03081,P-05,1,520000,520000
I-010783,O-03082,P-05,3,520000,1560000
I-010784,O-03082,P-06,3,341000,1023000
I-010785,O-03082,P-08,1,36000,36000
I-010786,O-03083,P-09,3,47500,142500
I-010787,O-03083,P-01,3,45000,135000
I-010788,O-03083,P-06,3,341000,1023000
I-010789,O-03083,P-03,1,62000,62000
I-010790,O-03083,P-08,2,36000,72000
I-010791,O-03084,P-05,2,520000,1040000
I-010792,O-03084,P-09,3,47500,142500
I-010793,O-03084,P-01,1,45000,45000
I-010794,O-03085,P-02,2,210000,420000
I-010795,O-03085,P-01,3,45000,135000
I-010796,O-03085,P-10,1,28000,28000
I-010797,O-03085,P-07,3,280000,840000
I-010798,O-03085,P-09,3,47500,142500
I-010799,O-03086,P-04,3,625000,1875000
I-010800,O-03086,P-05,2,520000,1040000
I-010801,O-03086,P-01,3,45000,135000
I-010802,O-03086,P-08,2,36000,72000
I-010803,O-03087,P-06,1,341000,341000
I-010804,O-03087,P-09,1,47500,47500
I-010805,O-03087,P-04,1,625000,625000
I-010806,O-03087,P-08,3,36000,108000
I-010807,O-03087,P-01,3,45000,135000
I-010808,O-03088,P-09,2,47500,95000
I-010809,O-03088,P-05,2,520000,1040000
I-010810,O-03088,P-03,3,62000,186000
I-010811,O-03089,P-06,1,341000,341000
I-010812,O-03089,P-10,3,28000,84000
I-010813,O-03089,P-07,1,280000,280000
I-010814,O-03089,P-08,1,36000,36000
I-010815,O-03090,P-09,2,47500,95000
I-010816,O-03090,P-07,3,280000,840000
I-010817,O-03091,P-10,3,28000,84000
I-010818,O-03091,P-01,2,45000,90000
I-010819,O-03091,P-09,1,47500,47500
I-010820,O-03091,P-05,1,520000,520000
I-010821,O-03092,P-06,2,341000,682000
I-010822,O-03092,P-10,1,28000,28000
I-010823,O-03092,P-04,3,625000,1875000
I-010824,O-03093,P-04,3,625000,1875000
I-010825,O-03093,P-01,2,45000,90000
I-010826,O-03093,P-07,1,280000,280000
I-010827,O-03093,P-02,1,210000,210000
I-010828,O-03094,P-01,1,45000,45000
I-010829,O-03094,P-10,3,28000,84000
I-010830,O-03094,P-02,3,210000,630000
I-010831,O-03095,P-09,1,47500,47500
I-010832,O-03095,P-05,1,520000,520000
I-010833,O-03095,P-03,2,62000,124000
I-010834,O-03095,P-02,1,210000,210000
I-010835,O-03096,P-06,2,341000,682000
I-010836,O-03096,P-07,2,280000,560000
I-010837,O-03097,P-08,1,36000,36000
I-010838,O-03097,P-03,2,62000,124000
I-010839,O-03097,P-02,2,210000,420000
I-010840,O-03097,P-01,3,45000,135000
I-010841,O-03098,P-04,3,625000,1875000
I-010842,O-03098,P-06,3,341000,1023000
I-010843,O-03099,P-06,2,341000,682000
I-010844,O-03099,P-04,3,625000,1875000
I-010845,O-03099,P-08,3,36000,108000
I-010846,O-03100,P-06,1,341000,341000
I-010847,O-03100,P-10,2,28000,56000
I-010848,O-03101,P-06,3,341000,1023000
I-010849,O-03101,P-04,1,625000,625000
I-010850,O-03102,P-02,3,210000,630000
I-010851,O-03102,P-10,3,28000,84000
I-010852,O-03102,P-01,1,45000,45000
I-010853,O-03102,P-05,3,520000,1560000
I-010854,O-03103,P-06,2,341000,682000
I-010855,O-03103,P-07,1,280000,280000
I-010856,O-03103,P-04,2,625000,1250000
I-010857,O-03104,P-07,2,280000,560000
I-010858,O-03104,P-05,2,520000,1040000
I-010859,O-03104,P-04,2,625000,1250000
I-010860,O-03105,P-05,1,520000,520000
I-010861,O-03105,P-03,1,62000,62000
I-010862,O-03105,P-08,2,36000,72000
I-010863,O-03105,P-06,2,341000,682000
I-010864,O-03105,P-07,3,280000,840000
I-010865,O-03106,P-08,1,36000,36000
I-010866,O-03106,P-02,2,210000,420000
I-010867,O-03106,P-09,2,47500,95000
I-010868,O-03107,P-04,1,625000,625000
I-010869,O-03107,P-10,1,28000,28000
I-010870,O-03107,P-02,2,210000,420000
I-010871,O-03107,P-09,1,47500,47500
I-010872,O-03108,P-10,3,28000,84000
I-010873,O-03108,P-01,3,45000,135000
I-010874,O-03108,P-08,2,36000,72000
I-010875,O-03109,P-05,2,520000,1040000
I-010876,O-03109,P-06,1,341000,341000
I-010877,O-03110,P-08,2,36000,72000
I-010878,O-03110,P-05,2,520000,1040000
I-010879,O-03110,P-03,3,62000,186000
I-010880,O-03111,P-09,1,47500,47500
I-010881,O-03111,P-06,3,341000,1023000
I-010882,O-03111,P-08,1,36000,36000
I-010883,O-03111,P-02,2,210000,420000
I-010884,O-03111,P-07,3,280000,840000
I-010885,O-03112,P-08,2,36000,72000
I-010886,O-03112,P-05,1,520000,520000
I-010887,O-03112,P-04,2,625000,1250000
I-010888,O-03112,P-02,1,210000,210000
I-010889,O-03112,P-07,1,280000,280000
I-010890,O-03113,P-06,3,341000,1023000
I-010891,O-03113,P-09,2,47500,95000
I-010892,O-03113,P-03,3,62000,186000
I-010893,O-03113,P-07,2,280000,560000
I-010894,O-03114,P-01,2,45000,90000
I-010895,O-03114,P-03,1,62000,62000
I-010896,O-03114,P-08,3,36000,108000
I-010897,O-03115,P-08,3,36000,108000
I-010898,O-03115,P-03,3,62000,186000
I-010899,O-03115,P-10,3,28000,84000
I-010900,O-03115,P-01,1,45000,45000
I-010901,O-03116,P-03,3,62000,186000
I-010902,O-03116,P-09,2,47500,95000
I-010903,O-03117,P-08,3,36000,108000
I-010904,O-03117,P-06,3,341000,1023000
I-010905,O-03117,P-03,2,62000,124000
I-010906,O-03117,P-02,1,210000,210000
I-010907,O-03117,P-05,1,520000,520000
I-010908,O-03118,P-09,2,47500,95000
I-010909,O-03118,P-02,2,210000,420000
I-010910,O-03118,P-06,2,341000,682000
I-010911,O-03118,P-08,3,36000,108000
I-010912,O-03118,P-10,2,28000,56000
I-010913,O-03119,P-01,1,45000,45000
I-010914,O-03119,P-07,1,280000,280000
I-010915,O-03119,P-10,3,28000,84000
I-010916,O-03120,P-10,3,28000,84000
I-010917,O-03120,P-02,2,210000,420000
I-010918,O-03121,P-03,2,62000,124000
I-010919,O-03121,P-08,1,36000,36000
I-010920,O-03121,P-07,1,280000,280000
I-010921,O-03121,P-09,1,47500,47500
I-010922,O-03122,P-02,2,210000,420000
I-010923,O-03122,P-07,3,280000,840000
I-010924,O-03122,P-09,3,47500,142500
I-010925,O-03123,P-08,1,36000,36000
I-010926,O-03123,P-06,2,341000,682000
I-010927,O-03124,P-10,1,28000,28000
I-010928,O-03124,P-09,1,47500,47500
I-010929,O-03124,P-07,1,280000,280000
I-010930,O-03125,P-10,2,28000,56000
I-010931,O-03125,P-04,2,625000,1250000
I-010932,O-03125,P-02,3,210000,630000
I-010933,O-03125,P-05,1,520000,520000
I-010934,O-03126,P-05,2,520000,1040000
I-010935,O-03126,P-01,3,45000,135000
I-010936,O-03127,P-09,2,47500,95000
I-010937,O-03127,P-03,1,62000,62000
I-010938,O-03127,P-08,1,36000,36000
I-010939,O-03127,P-04,1,625000,625000
I-010940,O-03128,P-07,2,280000,560000
I-010941,O-03128,P-02,1,210000,210000
I-010942,O-03129,P-01,1,45000,45000
I-010943,O-03129,P-10,1,28000,28000
I-010944,O-03129,P-03,3,62000,186000
I-010945,O-03130,P-04,1,625000,625000
I-010946,O-03130,P-01,2,45000,90000
I-010947,O-03130,P-07,3,280000,840000
I-010948,O-03131,P-03,3,62000,186000
I-010949,O-03131,P-09,3,47500,142500
I-010950,O-03132,P-08,1,36000,36000
I-010951,O-03132,P-04,3,625000,1875000
I-010952,O-03133,P-09,2,47500,95000
I-010953,O-03133,P-07,3,280000,840000
I-010954,O-03134,P-10,3,28000,84000
I-010955,O-03134,P-06,2,341000,682000
I-010956,O-03135,P-09,1,47500,47500
I-010957,O-03135,P-07,3,280000,840000
I-010958,O-03135,P-02,1,210000,210000
I-010959,O-03135,P-08,1,36000,36000
I-010960,O-03135,P-04,1,625000,625000
I-010961,O-03136,P-10,2,28000,56000
I-010962,O-03136,P-09,1,47500,47500
I-010963,O-03136,P-02,2,210000,420000
I-010964,O-03136,P-08,2,36000,72000
I-010965,O-03136,P-05,2,520000,1040000
I-010966,O-03137,P-03,2,62000,124000
I-010967,O-03137,P-04,1,625000,625000
I-010968,O-03137,P-09,2,47500,95000
I-010969,O-03137,P-02,3,210000,630000
I-010970,O-03137,P-01,1,45000,45000
I-010971,O-03138,P-04,2,625000,1250000
I-010972,O-03138,P-10,3,28000,84000
I-010973,O-03138,P-08,2,36000,72000
I-010974,O-03138,P-09,2,47500,95000
I-010975,O-03138,P-06,1,341000,341000
I-010976,O-03139,P-09,3,47500,142500
I-010977,O-03139,P-06,3,341000,1023000
I-010978,O-03139,P-07,1,280000,280000
I-010979,O-03140,P-05,2,520000,1040000
I-010980,O-03140,P-07,1,280000,280000
I-010981,O-03140,P-02,3,210000,630000
I-010982,O-03140,P-06,1,341000,341000
I-010983,O-03140,P-01,3,45000,135000
I-010984,O-03141,P-04,1,625000,625000
I-010985,O-03141,P-03,2,62000,124000
I-010986,O-03141,P-07,3,280000,840000
I-010987,O-03141,P-01,1,45000,45000
I-010988,O-03141,P-05,3,520000,1560000
I-010989,O-03142,P-02,1,210000,210000
I-010990,O-03142,P-05,2,520000,1040000
I-010991,O-03142,P-10,3,28000,84000
I-010992,O-03142,P-09,2,47500,95000
I-010993,O-03142,P-04,3,625000,1875000
I-010994,O-03143,P-04,2,625000,1250000
I-010995,O-03143,P-08,2,36000,72000
I-010996,O-03143,P-05,3,520000,1560000
I-010997,O-03143,P-03,2,62000,124000
I-010998,O-03143,P-06,3,341000,1023000
I-010999,O-03144,P-04,1,625000,625000
I-011000,O-03144,P-01,1,45000,45000
I-011001,O-03144,P-07,3,280000,840000
I-011002,O-03144,P-08,2,36000,72000
I-011003,O-03144,P-10,1,28000,28000
I-011004,O-03145,P-10,3,28000,84000
I-011005,O-03145,P-04,1,625000,625000
I-011006,O-03145,P-06,2,341000,682000
I-011007,O-03145,P-01,1,45000,45000
I-011008,O-03146,P-09,1,47500,47500
I-011009,O-03146,P-07,1,280000,280000
I-011010,O-03146,P-06,1,341000,341000
I-011011,O-03146,P-10,3,28000,84000
I-011012,O-03147,P-03,2,62000,124000
I-011013,O-03147,P-06,3,341000,1023000
I-011014,O-03148,P-03,2,62000,124000
I-011015,O-03148,P-06,2,341000,682000
I-011016,O-03149,P-03,3,62000,186000
I-011017,O-03149,P-07,1,280000,280000
I-011018,O-03149,P-04,1,625000,625000
I-011019,O-03149,P-02,2,210000,420000
I-011020,O-03149,P-05,1,520000,520000
I-011021,O-03150,P-10,1,28000,28000
I-011022,O-03150,P-07,3,280000,840000
I-011023,O-03150,P-04,3,625000,1875000
I-011024,O-03150,P-03,3,62000,186000
I-011025,O-03151,P-01,1,45000,45000
I-011026,O-03151,P-04,3,625000,1875000
I-011027,O-03151,P-03,1,62000,62000
I-011028,O-03151,P-10,1,28000,28000
I-011029,O-03152,P-08,3,36000,108000
I-011030,O-03152,P-01,3,45000,135000
I-011031,O-03152,P-03,3,62000,186000
I-011032,O-03152,P-04,3,625000,1875000
I-011033,O-03153,P-06,3,341000,1023000
I-011034,O-03153,P-05,2,520000,1040000
I-011035,O-03153,P-01,3,45000,135000
I-011036,O-03154,P-01,2,45000,90000
I-011037,O-03154,P-10,1,28000,28000
I-011038,O-03154,P-07,3,280000,840000
I-011039,O-03155,P-07,2,280000,560000
I-011040,O-03155,P-03,1,62000,62000
I-011041,O-03155,P-06,3,341000,1023000
I-011042,O-03155,P-05,3,520000,1560000
I-011043,O-03155,P-09,1,47500,47500
I-011044,O-03156,P-03,1,62000,62000
I-011045,O-03156,P-01,2,45000,90000
I-011046,O-03157,P-07,1,280000,280000
I-011047,O-03157,P-05,1,520000,520000
I-011048,O-03157,P-06,1,341000,341000
I-011049,O-03157,P-02,3,210000,630000
I-011050,O-03157,P-08,2,36000,72000
I-011051,O-03158,P-09,3,47500,142500
I-011052,O-03158,P-07,1,280000,280000
I-011053,O-03158,P-03,3,62000,186000
I-011054,O-03158,P-04,2,625000,1250000
I-011055,O-03158,P-06,2,341000,682000
I-011056,O-03159,P-05,1,520000,520000
I-011057,O-03159,P-01,1,45000,45000
I-011058,O-03159,P-06,3,341000,1023000
I-011059,O-03160,P-02,2,210000,420000
I-011060,O-03160,P-04,3,625000,1875000
I-011061,O-03161,P-03,2,62000,124000
I-011062,O-03161,P-06,1,341000,341000
I-011063,O-03161,P-10,3,28000,84000
I-011064,O-03162,P-05,3,520000,1560000
I-011065,O-03162,P-04,1,625000,625000
I-011066,O-03162,P-06,1,341000,341000
I-011067,O-03163,P-06,1,341000,341000
I-011068,O-03163,P-03,1,62000,62000
I-011069,O-03163,P-10,1,28000,28000
I-011070,O-03164,P-01,3,45000,135000
I-011071,O-03164,P-08,1,36000,36000
I-011072,O-03165,P-03,2,62000,124000
I-011073,O-03165,P-09,3,47500,142500
I-011074,O-03166,P-04,2,625000,1250000
I-011075,O-03166,P-01,1,45000,45000
I-011076,O-03166,P-09,3,47500,142500
I-011077,O-03167,P-03,1,62000,62000
I-011078,O-03167,P-10,3,28000,84000
I-011079,O-03167,P-07,2,280000,560000
I-011080,O-03167,P-01,1,45000,45000
I-011081,O-03168,P-03,1,62000,62000
I-011082,O-03168,P-01,3,45000,135000
I-011083,O-03168,P-05,1,520000,520000
I-011084,O-03169,P-08,3,36000,108000
I-011085,O-03169,P-07,2,280000,560000
I-011086,O-03170,P-09,3,47500,142500
I-011087,O-03170,P-08,3,36000,108000
I-011088,O-03170,P-06,2,341000,682000
I-011089,O-03170,P-04,3,625000,1875000
I-011090,O-03170,P-05,2,520000,1040000
I-011091,O-03171,P-05,3,520000,1560000
I-011092,O-03171,P-09,3,47500,142500
I-011093,O-03171,P-07,3,280000,840000
I-011094,O-03171,P-10,3,28000,84000
I-011095,O-03172,P-08,3,36000,108000
I-011096,O-03172,P-04,2,625000,1250000
I-011097,O-03172,P-07,1,280000,280000
I-011098,O-03172,P-09,2,47500,95000
I-011099,O-03173,P-05,2,520000,1040000
I-011100,O-03173,P-03,1,62000,62000
I-011101,O-03174,P-06,1,341000,341000
I-011102,O-03174,P-07,3,280000,840000
I-011103,O-03174,P-03,2,62000,124000
I-011104,O-03174,P-10,2,28000,56000
I-011105,O-03174,P-08,2,36000,72000
I-011106,O-03175,P-01,2,45000,90000
I-011107,O-03175,P-06,1,341000,341000
I-011108,O-03176,P-10,3,28000,84000
I-011109,O-03176,P-01,1,45000,45000
I-011110,O-03176,P-07,2,280000,560000
I-011111,O-03176,P-05,2,520000,1040000
I-011112,O-03176,P-09,3,47500,142500
I-011113,O-03177,P-03,1,62000,62000
I-011114,O-03177,P-10,3,28000,84000
I-011115,O-03177,P-01,3,45000,135000
I-011116,O-03178,P-03,3,62000,186000
I-011117,O-03178,P-01,3,45000,135000
I-011118,O-03178,P-02,1,210000,210000
I-011119,O-03179,P-01,2,45000,90000
I-011120,O-03179,P-02,2,210000,420000
I-011121,O-03179,P-07,3,280000,840000
I-011122,O-03180,P-07,3,280000,840000
I-011123,O-03180,P-03,3,62000,186000
I-011124,O-03180,P-06,3,341000,1023000
I-011125,O-03181,P-08,3,36000,108000
I-011126,O-03181,P-06,3,341000,1023000
I-011127,O-03181,P-02,3,210000,630000
I-011128,O-03181,P-04,1,625000,625000
I-011129,O-03182,P-07,1,280000,280000
I-011130,O-03182,P-01,2,45000,90000
I-011131,O-03182,P-10,1,28000,28000
I-011132,O-03182,P-03,1,62000,62000
I-011133,O-03183,P-10,1,28000,28000
I-011134,O-03183,P-09,2,47500,95000
I-011135,O-03183,P-04,3,625000,1875000
I-011136,O-03183,P-02,2,210000,420000
I-011137,O-03183,P-07,3,280000,840000
I-011138,O-03184,P-05,2,520000,1040000
I-011139,O-03184,P-10,2,28000,56000
I-011140,O-03184,P-07,1,280000,280000
I-011141,O-03185,P-03,2,62000,124000
I-011142,O-03185,P-06,1,341000,341000
I-011143,O-03185,P-08,3,36000,108000
I-011144,O-03186,P-07,1,280000,280000
I-011145,O-03186,P-03,3,62000,186000
I-011146,O-03187,P-09,2,47500,95000
I-011147,O-03187,P-01,3,45000,135000
I-011148,O-03188,P-06,3,341000,1023000
I-011149,O-03188,P-04,1,625000,625000
I-011150,O-03188,P-03,3,62000,186000
I-011151,O-03188,P-05,2,520000,1040000
I-011152,O-03188,P-10,1,28000,28000
I-011153,O-03189,P-02,1,210000,210000
I-011154,O-03189,P-10,1,28000,28000
I-011155,O-03189,P-09,1,47500,47500
I-011156,O-03189,P-03,2,62000,124000
I-011157,O-03190,P-05,1,520000,520000
I-011158,O-03190,P-08,3,36000,108000
I-011159,O-03190,P-09,1,47500,47500
I-011160,O-03190,P-01,2,45000,90000
I-011161,O-03190,P-02,2,210000,420000
I-011162,O-03191,P-09,3,47500,142500
I-011163,O-03191,P-02,2,210000,420000
I-011164,O-03191,P-07,2,280000,560000
I-011165,O-03192,P-08,1,36000,36000
I-011166,O-03192,P-01,2,45000,90000
I-011167,O-03193,P-06,3,341000,1023000
I-011168,O-03193,P-05,3,520000,1560000
I-011169,O-03193,P-02,3,210000,630000
I-011170,O-03194,P-04,1,625000,625000
I-011171,O-03194,P-08,1,36000,36000
I-011172,O-03195,P-09,3,47500,142500
I-011173,O-03195,P-10,2,28000,56000
I-011174,O-03196,P-06,3,341000,1023000
I-011175,O-03196,P-01,1,45000,45000
I-011176,O-03196,P-09,1,47500,47500
I-011177,O-03196,P-04,2,625000,1250000
I-011178,O-03197,P-05,1,520000,520000
I-011179,O-03197,P-04,3,625000,1875000
I-011180,O-03197,P-09,3,47500,142500
I-011181,O-03198,P-10,3,28000,84000
I-011182,O-03198,P-09,1,47500,47500
I-011183,O-03198,P-06,1,341000,341000
I-011184,O-03198,P-05,1,520000,520000
I-011185,O-03198,P-02,2,210000,420000
I-011186,O-03199,P-07,3,280000,840000
I-011187,O-03199,P-04,3,625000,1875000
I-011188,O-03199,P-10,1,28000,28000
I-011189,O-03199,P-06,2,341000,682000
I-011190,O-03200,P-06,1,341000,341000
I-011191,O-03200,P-08,1,36000,36000
I-011192,O-03200,P-07,1,280000,280000
I-011193,O-03200,P-10,3,28000,84000
I-011194,O-03200,P-04,1,625000,625000
I-011195,O-03201,P-04,2,625000,1250000
I-011196,O-03201,P-08,3,36000,108000
I-011197,O-03202,P-04,3,625000,1875000
I-011198,O-03202,P-02,2,210000,420000
I-011199,O-03202,P-06,2,341000,682000
I-011200,O-03202,P-03,1,62000,62000
I-011201,O-03203,P-09,2,47500,95000
I-011202,O-03203,P-01,3,45000,135000
I-011203,O-03203,P-06,1,341000,341000
I-011204,O-03204,P-05,3,520000,1560000
I-011205,O-03204,P-02,2,210000,420000
I-011206,O-03204,P-06,3,341000,1023000
I-011207,O-03204,P-04,1,625000,625000
I-011208,O-03205,P-09,2,47500,95000
I-011209,O-03205,P-06,3,341000,1023000
I-011210,O-03205,P-05,1,520000,520000
I-011211,O-03205,P-01,2,45000,90000
I-011212,O-03205,P-08,2,36000,72000
I-011213,O-03206,P-04,3,625000,1875000
I-011214,O-03206,P-01,3,45000,135000
I-011215,O-03207,P-04,1,625000,625000
I-011216,O-03207,P-05,1,520000,520000
I-011217,O-03207,P-07,2,280000,560000
I-011218,O-03207,P-10,2,28000,56000
I-011219,O-03207,P-09,3,47500,142500
I-011220,O-03208,P-01,2,45000,90000
I-011221,O-03208,P-08,3,36000,108000
I-011222,O-03208,P-05,1,520000,520000
I-011223,O-03208,P-03,1,62000,62000
I-011224,O-03208,P-04,3,625000,1875000
I-011225,O-03209,P-08,1,36000,36000
I-011226,O-03209,P-03,1,62000,62000
I-011227,O-03209,P-10,2,28000,56000
I-011228,O-03210,P-10,3,28000,84000
I-011229,O-03210,P-03,2,62000,124000
I-011230,O-03210,P-07,3,280000,840000
I-011231,O-03210,P-09,1,47500,47500
I-011232,O-03211,P-03,1,62000,62000
I-011233,O-03211,P-04,2,625000,1250000
I-011234,O-03211,P-09,3,47500,142500
I-011235,O-03211,P-08,1,36000,36000
I-011236,O-03211,P-01,2,45000,90000
I-011237,O-03212,P-10,3,28000,84000
I-011238,O-03212,P-03,1,62000,62000
I-011239,O-03212,P-08,1,36000,36000
I-011240,O-03212,P-07,3,280000,840000
I-011241,O-03212,P-06,1,341000,341000
I-011242,O-03213,P-04,2,625000,1250000
I-011243,O-03213,P-10,2,28000,56000
I-011244,O-03214,P-08,1,36000,36000
I-011245,O-03214,P-07,2,280000,560000
I-011246,O-03214,P-09,1,47500,47500
I-011247,O-03215,P-01,3,45000,135000
I-011248,O-03215,P-02,3,210000,630000
I-011249,O-03215,P-10,1,28000,28000
I-011250,O-03215,P-04,3,625000,1875000
I-011251,O-03216,P-06,2,341000,682000
I-011252,O-03216,P-07,1,280000,280000
I-011253,O-03216,P-02,3,210000,630000
I-011254,O-03217,P-09,1,47500,47500
I-011255,O-03217,P-01,1,45000,45000
I-011256,O-03218,P-06,2,341000,682000
I-011257,O-03218,P-01,3,45000,135000
I-011258,O-03219,P-01,1,45000,45000
I-011259,O-03219,P-07,1,280000,280000
I-011260,O-03219,P-05,1,520000,520000
I-011261,O-03219,P-08,2,36000,72000
I-011262,O-03219,P-10,2,28000,56000
I-011263,O-03220,P-01,2,45000,90000
I-011264,O-03220,P-10,2,28000,56000
I-011265,O-03220,P-07,1,280000,280000
I-011266,O-03220,P-03,1,62000,62000
I-011267,O-03220,P-04,3,625000,1875000
I-011268,O-03221,P-03,3,62000,186000
I-011269,O-03221,P-05,2,520000,1040000
I-011270,O-03222,P-09,2,47500,95000
I-011271,O-03222,P-05,2,520000,1040000
I-011272,O-03223,P-03,2,62000,124000
I-011273,O-03223,P-05,3,520000,1560000
I-011274,O-03223,P-04,2,625000,1250000
I-011275,O-03224,P-10,1,28000,28000
I-011276,O-03224,P-09,1,47500,47500
I-011277,O-03224,P-07,2,280000,560000
I-011278,O-03224,P-01,2,45000,90000
I-011279,O-03224,P-05,3,520000,1560000
I-011280,O-03225,P-02,1,210000,210000
I-011281,O-03225,P-06,3,341000,1023000
I-011282,O-03225,P-09,1,47500,47500
I-011283,O-03226,P-03,2,62000,124000
I-011284,O-03226,P-08,3,36000,108000
I-011285,O-03226,P-01,3,45000,135000
I-011286,O-03226,P-07,2,280000,560000
I-011287,O-03227,P-05,1,520000,520000
I-011288,O-03227,P-10,2,28000,56000
I-011289,O-03228,P-09,1,47500,47500
I-011290,O-03228,P-08,3,36000,108000
I-011291,O-03228,P-05,3,520000,1560000
I-011292,O-03228,P-02,2,210000,420000
I-011293,O-03228,P-01,1,45000,45000
I-011294,O-03229,P-02,3,210000,630000
I-011295,O-03229,P-08,1,36000,36000
I-011296,O-03229,P-05,3,520000,1560000
I-011297,O-03229,P-09,2,47500,95000
I-011298,O-03230,P-03,3,62000,186000
I-011299,O-03230,P-07,2,280000,560000
I-011300,O-03231,P-01,2,45000,90000
I-011301,O-03231,P-06,3,341000,1023000
I-011302,O-03232,P-08,2,36000,72000
I-011303,O-03232,P-02,1,210000,210000
I-011304,O-03232,P-01,3,45000,135000
I-011305,O-03233,P-04,3,625000,1875000
I-011306,O-03233,P-01,3,45000,135000
I-011307,O-03233,P-09,3,47500,142500
I-011308,O-03233,P-10,3,28000,84000
I-011309,O-03234,P-06,2,341000,682000
I-011310,O-03234,P-03,2,62000,124000
I-011311,O-03234,P-02,3,210000,630000
I-011312,O-03234,P-07,2,280000,560000
I-011313,O-03234,P-04,2,625000,1250000
I-011314,O-03235,P-03,2,62000,124000
I-011315,O-03235,P-06,3,341000,1023000
I-011316,O-03236,P-04,3,625000,1875000
I-011317,O-03236,P-09,2,47500,95000
I-011318,O-03236,P-02,1,210000,210000
I-011319,O-03236,P-10,3,28000,84000
I-011320,O-03237,P-03,2,62000,124000
I-011321,O-03237,P-01,1,45000,45000
I-011322,O-03237,P-05,3,520000,1560000
I-011323,O-03237,P-06,3,341000,1023000
I-011324,O-03237,P-08,1,36000,36000
I-011325,O-03238,P-04,2,625000,1250000
I-011326,O-03238,P-08,1,36000,36000
I-011327,O-03238,P-09,1,47500,47500
I-011328,O-03238,P-06,2,341000,682000
I-011329,O-03239,P-05,3,520000,1560000
I-011330,O-03239,P-07,3,280000,840000
I-011331,O-03239,P-09,2,47500,95000
I-011332,O-03239,P-10,3,28000,84000
I-011333,O-03239,P-03,3,62000,186000
I-011334,O-03240,P-09,1,47500,47500
I-011335,O-03240,P-10,1,28000,28000
I-011336,O-03240,P-03,2,62000,124000
I-011337,O-03241,P-02,3,210000,630000
I-011338,O-03241,P-07,1,280000,280000
I-011339,O-03241,P-03,2,62000,124000
I-011340,O-03242,P-05,3,520000,1560000
I-011341,O-03242,P-04,2,625000,1250000
I-011342,O-03243,P-02,1,210000,210000
I-011343,O-03243,P-04,3,625000,1875000
I-011344,O-03243,P-10,2,28000,56000
I-011345,O-03243,P-07,1,280000,280000
I-011346,O-03244,P-05,3,520000,1560000
I-011347,O-03244,P-08,1,36000,36000
I-011348,O-03244,P-07,1,280000,280000
I-011349,O-03244,P-01,2,45000,90000
I-011350,O-03245,P-02,1,210000,210000
I-011351,O-03245,P-06,2,341000,682000
I-011352,O-03245,P-01,2,45000,90000
I-011353,O-03245,P-10,3,28000,84000
I-011354,O-03246,P-02,3,210000,630000
I-011355,O-03246,P-07,1,280000,280000
I-011356,O-03247,P-04,2,625000,1250000
I-011357,O-03247,P-02,3,210000,630000
I-011358,O-03247,P-06,2,341000,682000
I-011359,O-03247,P-03,2,62000,124000
I-011360,O-03247,P-01,3,45000,135000
I-011361,O-03248,P-07,2,280000,560000
I-011362,O-03248,P-10,1,28000,28000
I-011363,O-03248,P-03,2,62000,124000
I-011364,O-03248,P-05,1,520000,520000
I-011365,O-03248,P-09,1,47500,47500
I-011366,O-03249,P-07,2,280000,560000
I-011367,O-03249,P-02,2,210000,420000
I-011368,O-03249,P-08,2,36000,72000
I-011369,O-03250,P-07,2,280000,560000
I-011370,O-03250,P-03,2,62000,124000
I-011371,O-03250,P-09,2,47500,95000
I-011372,O-03251,P-08,2,36000,72000
I-011373,O-03251,P-01,1,45000,45000
I-011374,O-03252,P-08,3,36000,108000
I-011375,O-03252,P-03,3,62000,186000
I-011376,O-03252,P-06,1,341000,341000
I-011377,O-03252,P-05,2,520000,1040000
I-011378,O-03252,P-09,1,47500,47500
I-011379,O-03253,P-08,1,36000,36000
I-011380,O-03253,P-06,2,341000,682000
I-011381,O-03253,P-09,1,47500,47500
I-011382,O-03253,P-01,1,45000,45000
I-011383,O-03254,P-01,3,45000,135000
I-011384,O-03254,P-09,1,47500,47500
I-011385,O-03254,P-05,1,520000,520000
I-011386,O-03255,P-02,1,210000,210000
I-011387,O-03255,P-10,3,28000,84000
I-011388,O-03256,P-07,2,280000,560000
I-011389,O-03256,P-09,1,47500,47500
I-011390,O-03256,P-03,3,62000,186000
I-011391,O-03257,P-08,2,36000,72000
I-011392,O-03257,P-02,2,210000,420000
I-011393,O-03257,P-05,1,520000,520000
I-011394,O-03257,P-04,3,625000,1875000
I-011395,O-03258,P-09,3,47500,142500
I-011396,O-03258,P-04,2,625000,1250000
I-011397,O-03258,P-05,1,520000,520000
I-011398,O-03258,P-03,1,62000,62000
I-011399,O-03258,P-07,3,280000,840000
I-011400,O-03259,P-01,1,45000,45000
I-011401,O-03259,P-03,2,62000,124000
I-011402,O-03259,P-07,3,280000,840000
I-011403,O-03260,P-09,1,47500,47500
I-011404,O-03260,P-05,1,520000,520000
I-011405,O-03260,P-10,1,28000,28000
I-011406,O-03260,P-07,2,280000,560000
I-011407,O-03261,P-08,3,36000,108000
I-011408,O-03261,P-04,1,625000,625000
I-011409,O-03262,P-08,3,36000,108000
I-011410,O-03262,P-01,3,45000,135000
I-011411,O-03263,P-06,1,341000,341000
I-011412,O-03263,P-09,1,47500,47500
I-011413,O-03264,P-07,3,280000,840000
I-011414,O-03264,P-05,1,520000,520000
I-011415,O-03264,P-10,3,28000,84000
I-011416,O-03264,P-02,1,210000,210000
I-011417,O-03265,P-02,1,210000,210000
I-011418,O-03265,P-07,3,280000,840000
I-011419,O-03265,P-09,3,47500,142500
I-011420,O-03265,P-06,2,341000,682000
I-011421,O-03265,P-03,3,62000,186000
I-011422,O-03266,P-06,1,341000,341000
I-011423,O-03266,P-05,3,520000,1560000
I-011424,O-03266,P-09,1,47500,47500
I-011425,O-03266,P-02,1,210000,210000
I-011426,O-03266,P-07,3,280000,840000
I-011427,O-03267,P-01,1,45000,45000
I-011428,O-03267,P-04,1,625000,625000
I-011429,O-03267,P-02,1,210000,210000
I-011430,O-03268,P-06,2,341000,682000
I-011431,O-03268,P-04,3,625000,1875000
I-011432,O-03268,P-07,1,280000,280000
I-011433,O-03269,P-02,3,210000,630000
I-011434,O-03269,P-04,3,625000,1875000
I-011435,O-03270,P-02,1,210000,210000
I-011436,O-03270,P-01,3,45000,135000
I-011437,O-03270,P-03,1,62000,62000
I-011438,O-03270,P-04,1,625000,625000
I-011439,O-03270,P-08,2,36000,72000
I-011440,O-03271,P-04,1,625000,625000
I-011441,O-03271,P-06,3,341000,1023000
I-011442,O-03271,P-02,3,210000,630000
I-011443,O-03271,P-08,2,36000,72000
I-011444,O-03272,P-04,1,625000,625000
I-011445,O-03272,P-03,1,62000,62000
I-011446,O-03272,P-08,1,36000,36000
I-011447,O-03273,P-04,3,625000,1875000
I-011448,O-03273,P-08,3,36000,108000
I-011449,O-03273,P-03,3,62000,186000
I-011450,O-03274,P-07,3,280000,840000
I-011451,O-03274,P-08,1,36000,36000
I-011452,O-03274,P-02,3,210000,630000
I-011453,O-03274,P-05,3,520000,1560000
I-011454,O-03275,P-09,3,47500,142500
I-011455,O-03275,P-07,2,280000,560000
I-011456,O-03276,P-02,2,210000,420000
I-011457,O-03276,P-04,1,625000,625000
I-011458,O-03277,P-03,3,62000,186000
I-011459,O-03277,P-05,1,520000,520000
I-011460,O-03277,P-01,2,45000,90000
I-011461,O-03278,P-10,1,28000,28000
I-011462,O-03278,P-05,3,520000,1560000
I-011463,O-03278,P-09,3,47500,142500
I-011464,O-03278,P-02,2,210000,420000
I-011465,O-03279,P-03,3,62000,186000
I-011466,O-03279,P-09,2,47500,95000
I-011467,O-03280,P-06,2,341000,682000
I-011468,O-03280,P-09,3,47500,142500
I-011469,O-03280,P-08,1,36000,36000
I-011470,O-03281,P-07,2,280000,560000
I-011471,O-03281,P-04,2,625000,1250000
I-011472,O-03282,P-05,2,520000,1040000
I-011473,O-03282,P-08,2,36000,72000
I-011474,O-03283,P-01,2,45000,90000
I-011475,O-03283,P-04,3,625000,1875000
I-011476,O-03284,P-04,1,625000,625000
I-011477,O-03284,P-03,3,62000,186000
I-011478,O-03285,P-03,3,62000,186000
I-011479,O-03285,P-07,3,280000,840000
I-011480,O-03285,P-04,3,625000,1875000
I-011481,O-03285,P-10,3,28000,84000
I-011482,O-03286,P-05,1,520000,520000
I-011483,O-03286,P-06,2,341000,682000
I-011484,O-03286,P-03,2,62000,124000
I-011485,O-03286,P-07,3,280000,840000
I-011486,O-03286,P-10,2,28000,56000
I-011487,O-03287,P-07,3,280000,840000
I-011488,O-03287,P-04,1,625000,625000
I-011489,O-03287,P-08,1,36000,36000
I-011490,O-03287,P-05,1,520000,520000
I-011491,O-03288,P-05,2,520000,1040000
I-011492,O-03288,P-08,2,36000,72000
I-011493,O-03288,P-03,1,62000,62000
I-011494,O-03288,P-09,1,47500,47500
I-011495,O-03288,P-04,2,625000,1250000
I-011496,O-03289,P-05,1,520000,520000
I-011497,O-03289,P-07,3,280000,840000
I-011498,O-03290,P-09,3,47500,142500
I-011499,O-03290,P-06,1,341000,341000
I-011500,O-03291,P-06,3,341000,1023000
I-011501,O-03291,P-10,1,28000,28000
I-011502,O-03291,P-05,3,520000,1560000
I-011503,O-03291,P-02,3,210000,630000
I-011504,O-03292,P-09,2,47500,95000
I-011505,O-03292,P-04,1,625000,625000
I-011506,O-03292,P-05,3,520000,1560000
I-011507,O-03293,P-04,2,625000,1250000
I-011508,O-03293,P-01,2,45000,90000
I-011509,O-03293,P-05,3,520000,1560000
I-011510,O-03294,P-08,1,36000,36000
I-011511,O-03294,P-07,1,280000,280000
I-011512,O-03294,P-01,1,45000,45000
I-011513,O-03295,P-03,3,62000,186000
I-011514,O-03295,P-05,2,520000,1040000
I-011515,O-03295,P-02,3,210000,630000
I-011516,O-03295,P-09,1,47500,47500
I-011517,O-03296,P-06,2,341000,682000
I-011518,O-03296,P-07,1,280000,280000
I-011519,O-03296,P-04,1,625000,625000
I-011520,O-03297,P-06,1,341000,341000
I-011521,O-03297,P-01,2,45000,90000
I-011522,O-03298,P-05,3,520000,1560000
I-011523,O-03298,P-09,1,47500,47500
I-011524,O-03298,P-03,3,62000,186000
I-011525,O-03299,P-01,3,45000,135000
I-011526,O-03299,P-05,3,520000,1560000
I-011527,O-03299,P-02,1,210000,210000
I-011528,O-03299,P-07,3,280000,840000
I-011529,O-03300,P-02,2,210000,420000
I-011530,O-03300,P-03,3,62000,186000
I-011531,O-03301,P-03,1,62000,62000
I-011532,O-03301,P-01,1,45000,45000
I-011533,O-03301,P-06,2,341000,682000
I-011534,O-03301,P-09,1,47500,47500
I-011535,O-03302,P-04,3,625000,1875000
I-011536,O-03302,P-06,1,341000,341000
I-011537,O-03302,P-02,1,210000,210000
I-011538,O-03303,P-09,1,47500,47500
I-011539,O-03303,P-06,3,341000,1023000
I-011540,O-03304,P-08,1,36000,36000
I-011541,O-03304,P-06,3,341000,1023000
I-011542,O-03305,P-07,3,280000,840000
I-011543,O-03305,P-06,1,341000,341000
I-011544,O-03305,P-10,3,28000,84000
I-011545,O-03305,P-04,3,625000,1875000
I-011546,O-03306,P-04,3,625000,1875000
I-011547,O-03306,P-10,3,28000,84000
I-011548,O-03306,P-05,1,520000,520000
I-011549,O-03306,P-02,1,210000,210000
I-011550,O-03306,P-07,3,280000,840000
I-011551,O-03307,P-02,3,210000,630000
I-011552,O-03307,P-10,2,28000,56000
I-011553,O-03308,P-01,2,45000,90000
I-011554,O-03308,P-03,3,62000,186000
I-011555,O-03308,P-05,3,520000,1560000
I-011556,O-03308,P-10,2,28000,56000
I-011557,O-03308,P-02,1,210000,210000
I-011558,O-03309,P-10,2,28000,56000
I-011559,O-03309,P-05,3,520000,1560000
I-011560,O-03309,P-06,2,341000,682000
I-011561,O-03309,P-09,1,47500,47500
I-011562,O-03310,P-10,1,28000,28000
I-011563,O-03310,P-09,1,47500,47500
I-011564,O-03310,P-06,2,341000,682000
I-011565,O-03310,P-07,1,280000,280000
I-011566,O-03311,P-05,3,520000,1560000
I-011567,O-03311,P-04,3,625000,1875000
I-011568,O-03311,P-03,3,62000,186000
I-011569,O-03311,P-08,1,36000,36000
I-011570,O-03312,P-10,1,28000,28000
I-011571,O-03312,P-01,3,45000,135000
I-011572,O-03313,P-01,3,45000,135000
I-011573,O-03313,P-10,1,28000,28000
I-011574,O-03313,P-04,1,625000,625000
I-011575,O-03313,P-03,2,62000,124000
I-011576,O-03314,P-08,2,36000,72000
I-011577,O-03314,P-06,1,341000,341000
I-011578,O-03315,P-04,2,625000,1250000
I-011579,O-03315,P-05,2,520000,1040000
I-011580,O-03316,P-01,2,45000,90000
I-011581,O-03316,P-06,2,341000,682000
I-011582,O-03316,P-04,3,625000,1875000
I-011583,O-03316,P-08,3,36000,108000
I-011584,O-03317,P-03,2,62000,124000
I-011585,O-03317,P-07,3,280000,840000
I-011586,O-03317,P-05,1,520000,520000
I-011587,O-03317,P-09,1,47500,47500
I-011588,O-03317,P-10,2,28000,56000
I-011589,O-03318,P-07,3,280000,840000
I-011590,O-03318,P-01,3,45000,135000
I-011591,O-03318,P-06,3,341000,1023000
I-011592,O-03319,P-05,2,520000,1040000
I-011593,O-03319,P-03,2,62000,124000
I-011594,O-03319,P-02,1,210000,210000
I-011595,O-03319,P-10,1,28000,28000
I-011596,O-03320,P-09,3,47500,142500
I-011597,O-03320,P-08,3,36000,108000
I-011598,O-03321,P-06,3,341000,1023000
I-011599,O-03321,P-03,1,62000,62000
I-011600,O-03322,P-03,2,62000,124000
I-011601,O-03322,P-04,2,625000,1250000
I-011602,O-03323,P-09,2,47500,95000
I-011603,O-03323,P-07,2,280000,560000
I-011604,O-03323,P-04,3,625000,1875000
I-011605,O-03323,P-06,1,341000,341000
I-011606,O-03323,P-08,1,36000,36000
I-011607,O-03324,P-10,2,28000,56000
I-011608,O-03324,P-06,2,341000,682000
I-011609,O-03324,P-09,2,47500,95000
I-011610,O-03324,P-08,3,36000,108000
I-011611,O-03325,P-07,2,280000,560000
I-011612,O-03325,P-06,2,341000,682000
I-011613,O-03325,P-02,3,210000,630000
I-011614,O-03325,P-01,1,45000,45000
I-011615,O-03326,P-06,3,341000,1023000
I-011616,O-03326,P-03,3,62000,186000
I-011617,O-03326,P-07,2,280000,560000
I-011618,O-03327,P-08,2,36000,72000
I-011619,O-03327,P-01,2,45000,90000
I-011620,O-03327,P-03,3,62000,186000
I-011621,O-03327,P-04,3,625000,1875000
I-011622,O-03328,P-10,3,28000,84000
I-011623,O-03328,P-08,1,36000,36000
I-011624,O-03328,P-07,1,280000,280000
I-011625,O-03329,P-10,1,28000,28000
I-011626,O-03329,P-01,2,45000,90000
I-011627,O-03329,P-03,3,62000,186000
I-011628,O-03329,P-02,3,210000,630000
I-011629,O-03329,P-08,2,36000,72000
I-011630,O-03330,P-08,1,36000,36000
I-011631,O-03330,P-05,3,520000,1560000
I-011632,O-03330,P-10,2,28000,56000
I-011633,O-03330,P-01,3,45000,135000
I-011634,O-03331,P-01,3,45000,135000
I-011635,O-03331,P-02,1,210000,210000
I-011636,O-03332,P-09,1,47500,47500
I-011637,O-03332,P-06,3,341000,1023000
I-011638,O-03332,P-08,1,36000,36000
I-011639,O-03332,P-01,1,45000,45000
I-011640,O-03332,P-05,2,520000,1040000
I-011641,O-03333,P-01,1,45000,45000
I-011642,O-03333,P-07,2,280000,560000
I-011643,O-03333,P-02,3,210000,630000
I-011644,O-03334,P-05,3,520000,1560000
I-011645,O-03334,P-09,2,47500,95000
I-011646,O-03334,P-06,3,341000,1023000
I-011647,O-03334,P-01,3,45000,135000
I-011648,O-03334,P-04,1,625000,625000
I-011649,O-03335,P-03,2,62000,124000
I-011650,O-03335,P-02,3,210000,630000
I-011651,O-03335,P-09,2,47500,95000
I-011652,O-03336,P-03,3,62000,186000
I-011653,O-03336,P-04,3,625000,1875000
I-011654,O-03336,P-05,3,520000,1560000
I-011655,O-03337,P-06,1,341000,341000
I-011656,O-03337,P-10,1,28000,28000
I-011657,O-03337,P-02,2,210000,420000
I-011658,O-03337,P-04,2,625000,1250000
I-011659,O-03337,P-07,1,280000,280000
I-011660,O-03338,P-05,1,520000,520000
I-011661,O-03338,P-06,1,341000,341000
I-011662,O-03338,P-04,3,625000,1875000
I-011663,O-03338,P-07,1,280000,280000
I-011664,O-03339,P-08,1,36000,36000
I-011665,O-03339,P-07,1,280000,280000
I-011666,O-03340,P-07,1,280000,280000
I-011667,O-03340,P-01,2,45000,90000
I-011668,O-03341,P-08,3,36000,108000
I-011669,O-03341,P-04,1,625000,625000
I-011670,O-03342,P-07,2,280000,560000
I-011671,O-03342,P-03,2,62000,124000
I-011672,O-03342,P-01,1,45000,45000
I-011673,O-03342,P-10,3,28000,84000
I-011674,O-03342,P-02,1,210000,210000
I-011675,O-03343,P-04,3,625000,1875000
I-011676,O-03343,P-03,1,62000,62000
I-011677,O-03343,P-01,3,45000,135000
I-011678,O-03344,P-02,3,210000,630000
I-011679,O-03344,P-09,1,47500,47500
I-011680,O-03344,P-04,1,625000,625000
I-011681,O-03344,P-03,2,62000,124000
I-011682,O-03344,P-06,3,341000,1023000
I-011683,O-03345,P-01,1,45000,45000
I-011684,O-03345,P-04,3,625000,1875000
I-011685,O-03345,P-07,3,280000,840000
I-011686,O-03346,P-02,1,210000,210000
I-011687,O-03346,P-10,1,28000,28000
I-011688,O-03346,P-08,3,36000,108000
I-011689,O-03346,P-03,3,62000,186000
I-011690,O-03346,P-05,3,520000,1560000
I-011691,O-03347,P-02,3,210000,630000
I-011692,O-03347,P-08,3,36000,108000
I-011693,O-03348,P-01,2,45000,90000
I-011694,O-03348,P-08,2,36000,72000
I-011695,O-03348,P-10,3,28000,84000
I-011696,O-03348,P-05,3,520000,1560000
I-011697,O-03349,P-04,2,625000,1250000
I-011698,O-03349,P-09,3,47500,142500
I-011699,O-03349,P-03,2,62000,124000
I-011700,O-03350,P-06,1,341000,341000
I-011701,O-03350,P-07,1,280000,280000
I-011702,O-03350,P-08,3,36000,108000
I-011703,O-03351,P-04,2,625000,1250000
I-011704,O-03351,P-05,1,520000,520000
I-011705,O-03351,P-01,2,45000,90000
I-011706,O-03352,P-09,2,47500,95000
I-011707,O-03352,P-05,3,520000,1560000
I-011708,O-03352,P-10,3,28000,84000
I-011709,O-03352,P-08,1,36000,36000
I-011710,O-03352,P-06,1,341000,341000
I-011711,O-03353,P-04,1,625000,625000
I-011712,O-03353,P-03,2,62000,124000
I-011713,O-03353,P-02,3,210000,630000
I-011714,O-03353,P-10,2,28000,56000
I-011715,O-03354,P-03,3,62000,186000
I-011716,O-03354,P-09,1,47500,47500
I-011717,O-03354,P-02,1,210000,210000
I-011718,O-03355,P-01,1,45000,45000
I-011719,O-03355,P-10,3,28000,84000
I-011720,O-03356,P-02,3,210000,630000
I-011721,O-03356,P-09,2,47500,95000
I-011722,O-03356,P-03,1,62000,62000
I-011723,O-03356,P-10,1,28000,28000
I-011724,O-03357,P-04,1,625000,625000
I-011725,O-03357,P-07,3,280000,840000
I-011726,O-03357,P-09,3,47500,142500
I-011727,O-03357,P-08,1,36000,36000
I-011728,O-03358,P-01,3,45000,135000
I-011729,O-03358,P-09,1,47500,47500
I-011730,O-03358,P-10,1,28000,28000
I-011731,O-03359,P-04,1,625000,625000
I-011732,O-03359,P-02,2,210000,420000
I-011733,O-03359,P-05,1,520000,520000
I-011734,O-03359,P-07,2,280000,560000
I-011735,O-03360,P-08,2,36000,72000
I-011736,O-03360,P-01,2,45000,90000
I-011737,O-03360,P-05,2,520000,1040000
I-011738,O-03360,P-04,3,625000,1875000
I-011739,O-03361,P-10,2,28000,56000
I-011740,O-03361,P-04,1,625000,625000
I-011741,O-03361,P-05,3,520000,1560000
I-011742,O-03361,P-03,3,62000,186000
I-011743,O-03362,P-08,2,36000,72000
I-011744,O-03362,P-06,1,341000,341000
I-011745,O-03362,P-04,3,625000,1875000
I-011746,O-03363,P-04,3,625000,1875000
I-011747,O-03363,P-02,2,210000,420000
I-011748,O-03363,P-10,2,28000,56000
I-011749,O-03363,P-05,3,520000,1560000
I-011750,O-03364,P-04,3,625000,1875000
I-011751,O-03364,P-08,1,36000,36000
I-011752,O-03364,P-07,2,280000,560000
I-011753,O-03364,P-01,2,45000,90000
I-011754,O-03364,P-06,3,341000,1023000
I-011755,O-03365,P-04,2,625000,1250000
I-011756,O-03365,P-10,2,28000,56000
I-011757,O-03365,P-02,1,210000,210000
I-011758,O-03366,P-08,2,36000,72000
I-011759,O-03366,P-06,1,341000,341000
I-011760,O-03366,P-02,1,210000,210000
I-011761,O-03367,P-08,1,36000,36000
I-011762,O-03367,P-01,3,45000,135000
I-011763,O-03368,P-04,3,625000,1875000
I-011764,O-03368,P-07,1,280000,280000
I-011765,O-03368,P-09,2,47500,95000
I-011766,O-03368,P-01,3,45000,135000
I-011767,O-03369,P-03,1,62000,62000
I-011768,O-03369,P-02,3,210000,630000
I-011769,O-03369,P-07,1,280000,280000
I-011770,O-03370,P-08,1,36000,36000
I-011771,O-03370,P-06,2,341000,682000
I-011772,O-03371,P-03,2,62000,124000
I-011773,O-03371,P-05,3,520000,1560000
I-011774,O-03372,P-07,2,280000,560000
I-011775,O-03372,P-01,1,45000,45000
I-011776,O-03372,P-09,3,47500,142500
I-011777,O-03372,P-08,3,36000,108000
I-011778,O-03372,P-05,3,520000,1560000
I-011779,O-03373,P-07,3,280000,840000
I-011780,O-03373,P-09,1,47500,47500
I-011781,O-03373,P-03,2,62000,124000
I-011782,O-03374,P-08,1,36000,36000
I-011783,O-03374,P-02,3,210000,630000
I-011784,O-03375,P-05,3,520000,1560000
I-011785,O-03375,P-10,2,28000,56000
I-011786,O-03375,P-01,3,45000,135000
I-011787,O-03375,P-02,2,210000,420000
I-011788,O-03376,P-07,3,280000,840000
I-011789,O-03376,P-08,2,36000,72000
I-011790,O-03377,P-07,2,280000,560000
I-011791,O-03377,P-09,2,47500,95000
I-011792,O-03377,P-08,3,36000,108000
I-011793,O-03378,P-09,1,47500,47500
I-011794,O-03378,P-10,2,28000,56000
I-011795,O-03378,P-05,2,520000,1040000
I-011796,O-03378,P-02,2,210000,420000
I-011797,O-03379,P-08,1,36000,36000
I-011798,O-03379,P-05,3,520000,1560000
I-011799,O-03379,P-06,2,341000,682000
I-011800,O-03379,P-09,1,47500,47500
I-011801,O-03380,P-08,2,36000,72000
I-011802,O-03380,P-01,2,45000,90000
I-011803,O-03381,P-03,1,62000,62000
I-011804,O-03381,P-08,3,36000,108000
I-011805,O-03381,P-02,3,210000,630000
I-011806,O-03381,P-07,3,280000,840000
I-011807,O-03381,P-05,2,520000,1040000
I-011808,O-03382,P-07,1,280000,280000
I-011809,O-03382,P-04,2,625000,1250000
I-011810,O-03382,P-01,2,45000,90000
I-011811,O-03382,P-09,3,47500,142500
I-011812,O-03382,P-03,2,62000,124000
I-011813,O-03383,P-02,1,210000,210000
I-011814,O-03383,P-07,2,280000,560000
I-011815,O-03383,P-04,2,625000,1250000
I-011816,O-03383,P-10,3,28000,84000
I-011817,O-03383,P-01,1,45000,45000
I-011818,O-03384,P-07,1,280000,280000
I-011819,O-03384,P-03,3,62000,186000
I-011820,O-03385,P-05,2,520000,1040000
I-011821,O-03385,P-09,2,47500,95000
I-011822,O-03385,P-10,2,28000,56000
I-011823,O-03386,P-05,1,520000,520000
I-011824,O-03386,P-08,1,36000,36000
I-011825,O-03386,P-06,3,341000,1023000
I-011826,O-03386,P-04,1,625000,625000
I-011827,O-03386,P-01,3,45000,135000
I-011828,O-03387,P-05,3,520000,1560000
I-011829,O-03387,P-03,3,62000,186000
I-011830,O-03387,P-09,2,47500,95000
I-011831,O-03387,P-08,2,36000,72000
I-011832,O-03388,P-10,1,28000,28000
I-011833,O-03388,P-07,3,280000,840000
I-011834,O-03389,P-09,3,47500,142500
I-011835,O-03389,P-07,3,280000,840000
I-011836,O-03389,P-08,3,36000,108000
I-011837,O-03389,P-02,3,210000,630000
I-011838,O-03390,P-02,2,210000,420000
I-011839,O-03390,P-03,3,62000,186000
I-011840,O-03390,P-05,1,520000,520000
I-011841,O-03390,P-04,3,625000,1875000
I-011842,O-03391,P-06,2,341000,682000
I-011843,O-03391,P-01,2,45000,90000
I-011844,O-03391,P-09,1,47500,47500
I-011845,O-03391,P-05,3,520000,1560000
I-011846,O-03392,P-02,2,210000,420000
I-011847,O-03392,P-08,1,36000,36000
I-011848,O-03392,P-04,1,625000,625000
I-011849,O-03392,P-07,3,280000,840000
I-011850,O-03393,P-07,2,280000,560000
I-011851,O-03393,P-03,1,62000,62000
I-011852,O-03394,P-03,3,62000,186000
I-011853,O-03394,P-06,2,341000,682000
I-011854,O-03394,P-04,3,625000,1875000
I-011855,O-03395,P-02,2,210000,420000
I-011856,O-03395,P-09,2,47500,95000
I-011857,O-03395,P-03,1,62000,62000
I-011858,O-03395,P-10,2,28000,56000
I-011859,O-03395,P-08,3,36000,108000
I-011860,O-03396,P-03,2,62000,124000
I-011861,O-03396,P-04,2,625000,1250000
I-011862,O-03396,P-07,2,280000,560000
I-011863,O-03396,P-06,3,341000,1023000
I-011864,O-03397,P-10,3,28000,84000
I-011865,O-03397,P-08,3,36000,108000
I-011866,O-03398,P-09,2,47500,95000
I-011867,O-03398,P-08,2,36000,72000
I-011868,O-03398,P-04,1,625000,625000
I-011869,O-03399,P-08,1,36000,36000
I-011870,O-03399,P-02,2,210000,420000
I-011871,O-03399,P-05,2,520000,1040000
I-011872,O-03399,P-10,3,28000,84000
I-011873,O-03400,P-04,2,625000,1250000
I-011874,O-03400,P-07,2,280000,560000
I-011875,O-03400,P-01,3,45000,135000
I-011876,O-03400,P-09,3,47500,142500
I-011877,O-03401,P-02,2,210000,420000
I-011878,O-03401,P-01,2,45000,90000
I-011879,O-03401,P-07,3,280000,840000
I-011880,O-03402,P-02,1,210000,210000
I-011881,O-03402,P-05,2,520000,1040000
I-011882,O-03402,P-07,3,280000,840000
I-011883,O-03402,P-01,1,45000,45000
I-011884,O-03402,P-10,1,28000,28000
I-011885,O-03403,P-09,3,47500,142500
I-011886,O-03403,P-06,1,341000,341000
I-011887,O-03403,P-07,3,280000,840000
I-011888,O-03403,P-05,2,520000,1040000
I-011889,O-03403,P-01,3,45000,135000
I-011890,O-03404,P-05,2,520000,1040000
I-011891,O-03404,P-07,2,280000,560000
I-011892,O-03404,P-04,1,625000,625000
I-011893,O-03405,P-02,2,210000,420000
I-011894,O-03405,P-07,1,280000,280000
I-011895,O-03406,P-05,2,520000,1040000
I-011896,O-03406,P-10,2,28000,56000
I-011897,O-03407,P-02,1,210000,210000
I-011898,O-03407,P-04,2,625000,1250000
I-011899,O-03407,P-09,3,47500,142500
I-011900,O-03408,P-09,3,47500,142500
I-011901,O-03408,P-05,3,520000,1560000
I-011902,O-03408,P-07,1,280000,280000
I-011903,O-03408,P-02,2,210000,420000
I-011904,O-03408,P-10,1,28000,28000
I-011905,O-03409,P-04,1,625000,625000
I-011906,O-03409,P-02,1,210000,210000
I-011907,O-03410,P-09,3,47500,142500
I-011908,O-03410,P-02,3,210000,630000
I-011909,O-03410,P-03,3,62000,186000
I-011910,O-03410,P-07,2,280000,560000
I-011911,O-03410,P-01,3,45000,135000
I-011912,O-03411,P-08,3,36000,108000
I-011913,O-03411,P-02,1,210000,210000
I-011914,O-03411,P-05,2,520000,1040000
I-011915,O-03411,P-10,2,28000,56000
I-011916,O-03411,P-07,1,280000,280000
I-011917,O-03412,P-04,3,625000,1875000
I-011918,O-03412,P-01,1,45000,45000
I-011919,O-03412,P-02,1,210000,210000
I-011920,O-03412,P-08,3,36000,108000
I-011921,O-03413,P-08,1,36000,36000
I-011922,O-03413,P-06,2,341000,682000
I-011923,O-03413,P-09,3,47500,142500
I-011924,O-03413,P-02,2,210000,420000
I-011925,O-03414,P-05,3,520000,1560000
I-011926,O-03414,P-06,1,341000,341000
I-011927,O-03414,P-07,3,280000,840000
I-011928,O-03414,P-08,2,36000,72000
I-011929,O-03415,P-01,3,45000,135000
I-011930,O-03415,P-10,2,28000,56000
I-011931,O-03415,P-08,1,36000,36000
I-011932,O-03415,P-02,1,210000,210000
I-011933,O-03416,P-01,1,45000,45000
I-011934,O-03416,P-08,2,36000,72000
I-011935,O-03416,P-09,2,47500,95000
I-011936,O-03416,P-02,1,210000,210000
I-011937,O-03417,P-07,1,280000,280000
I-011938,O-03417,P-02,1,210000,210000
I-011939,O-03417,P-05,3,520000,1560000
I-011940,O-03417,P-10,3,28000,84000
I-011941,O-03417,P-03,1,62000,62000
I-011942,O-03418,P-05,3,520000,1560000
I-011943,O-03418,P-01,1,45000,45000
I-011944,O-03418,P-04,1,625000,625000
I-011945,O-03418,P-02,2,210000,420000
I-011946,O-03419,P-06,3,341000,1023000
I-011947,O-03419,P-07,3,280000,840000
I-011948,O-03419,P-01,2,45000,90000
I-011949,O-03420,P-01,3,45000,135000
I-011950,O-03420,P-08,3,36000,108000
I-011951,O-03421,P-07,3,280000,840000
I-011952,O-03421,P-04,3,625000,1875000
I-011953,O-03422,P-04,2,625000,1250000
I-011954,O-03422,P-10,2,28000,56000
I-011955,O-03423,P-06,2,341000,682000
I-011956,O-03423,P-09,1,47500,47500
I-011957,O-03423,P-04,2,625000,1250000
I-011958,O-03424,P-10,1,28000,28000
I-011959,O-03424,P-07,3,280000,840000
I-011960,O-03424,P-04,2,625000,1250000
I-011961,O-03425,P-10,2,28000,56000
I-011962,O-03425,P-07,2,280000,560000
I-011963,O-03425,P-04,3,625000,1875000
I-011964,O-03426,P-07,2,280000,560000
I-011965,O-03426,P-05,3,520000,1560000
I-011966,O-03426,P-03,1,62000,62000
I-011967,O-03427,P-06,2,341000,682000
I-011968,O-03427,P-01,2,45000,90000
I-011969,O-03427,P-04,1,625000,625000
I-011970,O-03427,P-09,3,47500,142500
I-011971,O-03427,P-02,1,210000,210000
I-011972,O-03428,P-03,1,62000,62000
I-011973,O-03428,P-07,3,280000,840000
I-011974,O-03429,P-10,3,28000,84000
I-011975,O-03429,P-03,3,62000,186000
I-011976,O-03429,P-02,3,210000,630000
I-011977,O-03429,P-01,2,45000,90000
I-011978,O-03430,P-03,3,62000,186000
I-011979,O-03430,P-09,3,47500,142500
I-011980,O-03430,P-10,3,28000,84000
I-011981,O-03430,P-04,3,625000,1875000
I-011982,O-03431,P-08,2,36000,72000
I-011983,O-03431,P-09,1,47500,47500
I-011984,O-03431,P-05,2,520000,1040000
I-011985,O-03431,P-01,1,45000,45000
I-011986,O-03432,P-04,2,625000,1250000
I-011987,O-03432,P-07,3,280000,840000
I-011988,O-03432,P-09,1,47500,47500
I-011989,O-03432,P-05,2,520000,1040000
I-011990,O-03432,P-06,1,341000,341000
I-011991,O-03433,P-03,1,62000,62000
I-011992,O-03433,P-10,1,28000,28000
I-011993,O-03434,P-04,1,625000,625000
I-011994,O-03434,P-05,3,520000,1560000
I-011995,O-03434,P-01,2,45000,90000
I-011996,O-03434,P-06,2,341000,682000
I-011997,O-03435,P-06,3,341000,1023000
I-011998,O-03435,P-02,2,210000,420000
I-011999,O-03435,P-05,3,520000,1560000
I-012000,O-03435,P-09,3,47500,142500
I-012001,O-03436,P-04,1,625000,625000
I-012002,O-03436,P-06,2,341000,682000
I-012003,O-03437,P-06,2,341000,682000
I-012004,O-03437,P-04,3,625000,1875000
I-012005,O-03437,P-01,2,45000,90000
I-012006,O-03437,P-07,2,280000,560000
I-012007,O-03437,P-10,3,28000,84000
I-012008,O-03438,P-07,3,280000,840000
I-012009,O-03438,P-05,1,520000,520000
I-012010,O-03439,P-04,3,625000,1875000
I-012011,O-03439,P-05,2,520000,1040000
I-012012,O-03439,P-10,2,28000,56000
I-012013,O-03440,P-10,1,28000,28000
I-012014,O-03440,P-01,1,45000,45000
I-012015,O-03440,P-03,3,62000,186000
I-012016,O-03440,P-09,1,47500,47500
I-012017,O-03441,P-05,1,520000,520000
I-012018,O-03441,P-09,3,47500,142500
I-012019,O-03442,P-10,2,28000,56000
I-012020,O-03442,P-08,3,36000,108000
I-012021,O-03442,P-04,2,625000,1250000
I-012022,O-03442,P-07,2,280000,560000
I-012023,O-03443,P-08,2,36000,72000
I-012024,O-03443,P-01,1,45000,45000
I-012025,O-03443,P-03,3,62000,186000
I-012026,O-03444,P-09,2,47500,95000
I-012027,O-03444,P-10,1,28000,28000
I-012028,O-03444,P-01,2,45000,90000
I-012029,O-03444,P-03,2,62000,124000
I-012030,O-03444,P-05,2,520000,1040000
I-012031,O-03445,P-08,1,36000,36000
I-012032,O-03445,P-02,2,210000,420000
I-012033,O-03446,P-09,2,47500,95000
I-012034,O-03446,P-04,2,625000,1250000
I-012035,O-03446,P-01,3,45000,135000
I-012036,O-03446,P-07,3,280000,840000
I-012037,O-03446,P-08,3,36000,108000
I-012038,O-03447,P-03,2,62000,124000
I-012039,O-03447,P-06,1,341000,341000
I-012040,O-03447,P-02,1,210000,210000
I-012041,O-03448,P-03,1,62000,62000
I-012042,O-03448,P-04,1,625000,625000
I-012043,O-03448,P-07,2,280000,560000
I-012044,O-03449,P-02,3,210000,630000
I-012045,O-03449,P-08,1,36000,36000
I-012046,O-03449,P-06,3,341000,1023000
I-012047,O-03449,P-03,2,62000,124000
I-012048,O-03450,P-09,2,47500,95000
I-012049,O-03450,P-10,3,28000,84000
I-012050,O-03450,P-08,3,36000,108000
I-012051,O-03450,P-02,3,210000,630000
I-012052,O-03451,P-05,3,520000,1560000
I-012053,O-03451,P-04,2,625000,1250000
I-012054,O-03451,P-03,2,62000,124000
I-012055,O-03452,P-08,2,36000,72000
I-012056,O-03452,P-02,2,210000,420000
I-012057,O-03452,P-04,3,625000,1875000
I-012058,O-03452,P-06,3,341000,1023000
I-012059,O-03453,P-05,2,520000,1040000
I-012060,O-03453,P-08,2,36000,72000
I-012061,O-03453,P-01,3,45000,135000
I-012062,O-03453,P-09,1,47500,47500
I-012063,O-03454,P-03,1,62000,62000
I-012064,O-03454,P-08,1,36000,36000
I-012065,O-03454,P-06,3,341000,1023000
I-012066,O-03455,P-08,2,36000,72000
I-012067,O-03455,P-09,3,47500,142500
I-012068,O-03456,P-02,3,210000,630000
I-012069,O-03456,P-04,2,625000,1250000
I-012070,O-03457,P-07,3,280000,840000
I-012071,O-03457,P-01,2,45000,90000
I-012072,O-03457,P-02,1,210000,210000
I-012073,O-03457,P-10,3,28000,84000
I-012074,O-03458,P-02,1,210000,210000
I-012075,O-03458,P-03,3,62000,186000
I-012076,O-03458,P-08,3,36000,108000
I-012077,O-03458,P-10,3,28000,84000
I-012078,O-03458,P-05,3,520000,1560000
I-012079,O-03459,P-08,1,36000,36000
I-012080,O-03459,P-01,3,45000,135000
I-012081,O-03459,P-05,3,520000,1560000
I-012082,O-03460,P-02,2,210000,420000
I-012083,O-03460,P-04,3,625000,1875000
I-012084,O-03460,P-06,2,341000,682000
I-012085,O-03460,P-03,3,62000,186000
I-012086,O-03461,P-10,1,28000,28000
I-012087,O-03461,P-05,2,520000,1040000
I-012088,O-03461,P-04,1,625000,625000
I-012089,O-03462,P-06,2,341000,682000
I-012090,O-03462,P-04,2,625000,1250000
I-012091,O-03462,P-01,2,45000,90000
I-012092,O-03462,P-10,1,28000,28000
I-012093,O-03462,P-08,1,36000,36000
I-012094,O-03463,P-04,2,625000,1250000
I-012095,O-03463,P-02,1,210000,210000
I-012096,O-03463,P-07,1,280000,280000
I-012097,O-03464,P-07,3,280000,840000
I-012098,O-03464,P-08,1,36000,36000
I-012099,O-03465,P-09,1,47500,47500
I-012100,O-03465,P-10,1,28000,28000
I-012101,O-03466,P-02,1,210000,210000
I-012102,O-03466,P-10,1,28000,28000
I-012103,O-03466,P-01,3,45000,135000
I-012104,O-03466,P-07,1,280000,280000
I-012105,O-03466,P-05,2,520000,1040000
I-012106,O-03467,P-10,1,28000,28000
I-012107,O-03467,P-04,3,625000,1875000
I-012108,O-03467,P-07,1,280000,280000
I-012109,O-03467,P-06,3,341000,1023000
I-012110,O-03468,P-02,2,210000,420000
I-012111,O-03468,P-06,3,341000,1023000
I-012112,O-03468,P-03,1,62000,62000
I-012113,O-03468,P-09,2,47500,95000
I-012114,O-03469,P-06,1,341000,341000
I-012115,O-03469,P-09,3,47500,142500
I-012116,O-03469,P-10,3,28000,84000
I-012117,O-03470,P-04,2,625000,1250000
I-012118,O-03470,P-01,3,45000,135000
I-012119,O-03471,P-02,2,210000,420000
I-012120,O-03471,P-10,1,28000,28000
I-012121,O-03471,P-08,2,36000,72000
I-012122,O-03472,P-05,1,520000,520000
I-012123,O-03472,P-04,1,625000,625000
I-012124,O-03473,P-01,1,45000,45000
I-012125,O-03473,P-08,2,36000,72000
I-012126,O-03473,P-09,2,47500,95000
I-012127,O-03474,P-06,2,341000,682000
I-012128,O-03474,P-05,3,520000,1560000
I-012129,O-03474,P-03,2,62000,124000
I-012130,O-03474,P-08,3,36000,108000
I-012131,O-03474,P-10,2,28000,56000
I-012132,O-03475,P-10,3,28000,84000
I-012133,O-03475,P-06,3,341000,1023000
I-012134,O-03475,P-08,3,36000,108000
I-012135,O-03475,P-09,3,47500,142500
I-012136,O-03476,P-04,3,625000,1875000
I-012137,O-03476,P-10,2,28000,56000
I-012138,O-03477,P-08,1,36000,36000
I-012139,O-03477,P-05,1,520000,520000
I-012140,O-03477,P-06,1,341000,341000
I-012141,O-03477,P-07,3,280000,840000
I-012142,O-03478,P-07,3,280000,840000
I-012143,O-03478,P-06,3,341000,1023000
I-012144,O-03478,P-01,3,45000,135000
I-012145,O-03478,P-08,3,36000,108000
I-012146,O-03479,P-02,1,210000,210000
I-012147,O-03479,P-10,2,28000,56000
I-012148,O-03479,P-01,1,45000,45000
I-012149,O-03480,P-01,1,45000,45000
I-012150,O-03480,P-02,3,210000,630000
I-012151,O-03481,P-03,2,62000,124000
I-012152,O-03481,P-06,1,341000,341000
I-012153,O-03481,P-09,3,47500,142500
I-012154,O-03482,P-08,2,36000,72000
I-012155,O-03482,P-02,1,210000,210000
I-012156,O-03483,P-07,3,280000,840000
I-012157,O-03483,P-05,3,520000,1560000
I-012158,O-03483,P-10,2,28000,56000
I-012159,O-03483,P-03,2,62000,124000
I-012160,O-03483,P-01,1,45000,45000
I-012161,O-03484,P-06,2,341000,682000
I-012162,O-03484,P-01,2,45000,90000
I-012163,O-03484,P-09,1,47500,47500
I-012164,O-03484,P-10,3,28000,84000
I-012165,O-03485,P-07,2,280000,560000
I-012166,O-03485,P-10,1,28000,28000
I-012167,O-03485,P-03,3,62000,186000
I-012168,O-03486,P-08,2,36000,72000
I-012169,O-03486,P-06,3,341000,1023000
I-012170,O-03486,P-07,3,280000,840000
I-012171,O-03487,P-07,3,280000,840000
I-012172,O-03487,P-06,3,341000,1023000
I-012173,O-03487,P-10,3,28000,84000
I-012174,O-03488,P-03,3,62000,186000
I-012175,O-03488,P-09,2,47500,95000
I-012176,O-03488,P-01,3,45000,135000
I-012177,O-03489,P-05,2,520000,1040000
I-012178,O-03489,P-03,2,62000,124000
I-012179,O-03489,P-06,2,341000,682000
I-012180,O-03490,P-02,2,210000,420000
I-012181,O-03490,P-07,2,280000,560000
I-012182,O-03490,P-05,2,520000,1040000
I-012183,O-03490,P-06,2,341000,682000
I-012184,O-03490,P-08,2,36000,72000
I-012185,O-03491,P-02,2,210000,420000
I-012186,O-03491,P-09,2,47500,95000
I-012187,O-03492,P-07,1,280000,280000
I-012188,O-03492,P-02,3,210000,630000
I-012189,O-03492,P-03,3,62000,186000
I-012190,O-03493,P-01,1,45000,45000
I-012191,O-03493,P-03,1,62000,62000
I-012192,O-03494,P-08,3,36000,108000
I-012193,O-03494,P-10,2,28000,56000
I-012194,O-03494,P-07,3,280000,840000
I-012195,O-03495,P-10,1,28000,28000
I-012196,O-03495,P-08,3,36000,108000
I-012197,O-03495,P-05,3,520000,1560000
I-012198,O-03496,P-01,1,45000,45000
I-012199,O-03496,P-07,3,280000,840000
I-012200,O-03497,P-05,1,520000,520000
I-012201,O-03497,P-03,3,62000,186000
I-012202,O-03498,P-05,3,520000,1560000
I-012203,O-03498,P-09,2,47500,95000
I-012204,O-03498,P-07,1,280000,280000
I-012205,O-03499,P-04,3,625000,1875000
I-012206,O-03499,P-02,3,210000,630000
I-012207,O-03499,P-07,3,280000,840000
I-012208,O-03499,P-10,2,28000,56000
I-012209,O-03499,P-09,1,47500,47500
I-012210,O-03500,P-05,3,520000,1560000
I-012211,O-03500,P-02,3,210000,630000
I-012212,O-03500,P-10,1,28000,28000
I-012213,O-03501,P-09,3,47500,142500
I-012214,O-03501,P-07,2,280000,560000
I-012215,O-03501,P-02,1,210000,210000
I-012216,O-03501,P-10,2,28000,56000
I-012217,O-03501,P-03,2,62000,124000
I-012218,O-03502,P-09,1,47500,47500
I-012219,O-03502,P-02,2,210000,420000
I-012220,O-03503,P-07,3,280000,840000
I-012221,O-03503,P-06,1,341000,341000
I-012222,O-03503,P-04,2,625000,1250000
I-012223,O-03503,P-02,1,210000,210000
I-012224,O-03504,P-02,3,210000,630000
I-012225,O-03504,P-09,1,47500,47500
I-012226,O-03504,P-08,2,36000,72000
I-012227,O-03504,P-07,1,280000,280000
I-012228,O-03504,P-10,1,28000,28000
I-012229,O-03505,P-08,3,36000,108000
I-012230,O-03505,P-10,3,28000,84000
I-012231,O-03505,P-03,3,62000,186000
I-012232,O-03505,P-06,2,341000,682000
I-012233,O-03505,P-02,1,210000,210000
I-012234,O-03506,P-08,2,36000,72000
I-012235,O-03506,P-01,2,45000,90000
I-012236,O-03506,P-09,1,47500,47500
I-012237,O-03506,P-02,2,210000,420000
I-012238,O-03507,P-01,2,45000,90000
I-012239,O-03507,P-05,2,520000,1040000
I-012240,O-03508,P-01,1,45000,45000
I-012241,O-03508,P-02,1,210000,210000
I-012242,O-03508,P-07,2,280000,560000
I-012243,O-03508,P-05,1,520000,520000
I-012244,O-03509,P-08,1,36000,36000
I-012245,O-03509,P-05,1,520000,520000
I-012246,O-03509,P-10,3,28000,84000
I-012247,O-03509,P-07,3,280000,840000
I-012248,O-03510,P-03,1,62000,62000
I-012249,O-03510,P-10,3,28000,84000
I-012250,O-03510,P-01,2,45000,90000
I-012251,O-03511,P-04,3,625000,1875000
I-012252,O-03511,P-01,3,45000,135000
I-012253,O-03511,P-07,2,280000,560000
I-012254,O-03511,P-10,2,28000,56000
I-012255,O-03511,P-05,1,520000,520000
I-012256,O-03512,P-03,2,62000,124000
I-012257,O-03512,P-04,2,625000,1250000
I-012258,O-03513,P-06,3,341000,1023000
I-012259,O-03513,P-07,3,280000,840000
I-012260,O-03513,P-05,3,520000,1560000
I-012261,O-03514,P-08,2,36000,72000
I-012262,O-03514,P-09,3,47500,142500
I-012263,O-03514,P-05,3,520000,1560000
I-012264,O-03514,P-04,2,625000,1250000
I-012265,O-03515,P-09,3,47500,142500
I-012266,O-03515,P-04,2,625000,1250000
I-012267,O-03515,P-03,2,62000,124000
I-012268,O-03516,P-02,1,210000,210000
I-012269,O-03516,P-08,3,36000,108000
I-012270,O-03516,P-10,1,28000,28000
I-012271,O-03517,P-08,3,36000,108000
I-012272,O-03517,P-05,1,520000,520000
I-012273,O-03517,P-01,3,45000,135000
I-012274,O-03518,P-01,1,45000,45000
I-012275,O-03518,P-02,3,210000,630000
I-012276,O-03518,P-05,1,520000,520000
I-012277,O-03518,P-07,2,280000,560000
I-012278,O-03518,P-08,1,36000,36000
I-012279,O-03519,P-07,2,280000,560000
I-012280,O-03519,P-10,3,28000,84000
I-012281,O-03519,P-03,2,62000,124000
I-012282,O-03520,P-07,3,280000,840000
I-012283,O-03520,P-09,1,47500,47500
I-012284,O-03521,P-09,1,47500,47500
I-012285,O-03521,P-06,3,341000,1023000
I-012286,O-03521,P-01,2,45000,90000
I-012287,O-03522,P-08,2,36000,72000
I-012288,O-03522,P-09,2,47500,95000
I-012289,O-03522,P-02,3,210000,630000
I-012290,O-03523,P-06,3,341000,1023000
I-012291,O-03523,P-04,2,625000,1250000
I-012292,O-03523,P-05,2,520000,1040000
I-012293,O-03523,P-10,1,28000,28000
I-012294,O-03524,P-02,1,210000,210000
I-012295,O-03524,P-04,1,625000,625000
I-012296,O-03524,P-07,2,280000,560000
I-012297,O-03524,P-01,2,45000,90000
I-012298,O-03525,P-06,2,341000,682000
I-012299,O-03525,P-07,2,280000,560000
I-012300,O-03525,P-08,3,36000,108000
I-012301,O-03525,P-01,1,45000,45000
I-012302,O-03526,P-02,2,210000,420000
I-012303,O-03526,P-03,2,62000,124000
I-012304,O-03526,P-06,1,341000,341000
I-012305,O-03527,P-10,1,28000,28000
I-012306,O-03527,P-02,3,210000,630000
I-012307,O-03528,P-04,1,625000,625000
I-012308,O-03528,P-06,1,341000,341000
I-012309,O-03528,P-09,1,47500,47500
I-012310,O-03528,P-02,2,210000,420000
I-012311,O-03529,P-01,2,45000,90000
I-012312,O-03529,P-03,3,62000,186000
I-012313,O-03530,P-02,1,210000,210000
I-012314,O-03530,P-09,1,47500,47500
I-012315,O-03530,P-07,1,280000,280000
I-012316,O-03530,P-10,3,28000,84000
I-012317,O-03530,P-08,1,36000,36000
I-012318,O-03531,P-03,1,62000,62000
I-012319,O-03531,P-04,1,625000,625000
I-012320,O-03532,P-04,3,625000,1875000
I-012321,O-03532,P-05,1,520000,520000
I-012322,O-03532,P-08,3,36000,108000
I-012323,O-03533,P-09,2,47500,95000
I-012324,O-03533,P-03,1,62000,62000
I-012325,O-03533,P-08,1,36000,36000
I-012326,O-03534,P-05,2,520000,1040000
I-012327,O-03534,P-10,3,28000,84000
I-012328,O-03534,P-09,2,47500,95000
I-012329,O-03534,P-03,3,62000,186000
I-012330,O-03535,P-01,1,45000,45000
I-012331,O-03535,P-06,1,341000,341000
I-012332,O-03535,P-03,2,62000,124000
I-012333,O-03536,P-07,3,280000,840000
I-012334,O-03536,P-03,1,62000,62000
I-012335,O-03537,P-05,2,520000,1040000
I-012336,O-03537,P-07,2,280000,560000
I-012337,O-03537,P-09,1,47500,47500
I-012338,O-03537,P-06,2,341000,682000
I-012339,O-03537,P-03,1,62000,62000
I-012340,O-03538,P-10,3,28000,84000
I-012341,O-03538,P-09,1,47500,47500
I-012342,O-03539,P-06,2,341000,682000
I-012343,O-03539,P-05,1,520000,520000
I-012344,O-03540,P-08,3,36000,108000
I-012345,O-03540,P-02,1,210000,210000
I-012346,O-03540,P-06,1,341000,341000
I-012347,O-03540,P-01,1,45000,45000
I-012348,O-03541,P-01,3,45000,135000
I-012349,O-03541,P-03,3,62000,186000
I-012350,O-03542,P-10,2,28000,56000
I-012351,O-03542,P-07,2,280000,560000
I-012352,O-03542,P-08,2,36000,72000
I-012353,O-03542,P-09,1,47500,47500
I-012354,O-03543,P-06,1,341000,341000
I-012355,O-03543,P-05,2,520000,1040000
I-012356,O-03544,P-06,2,341000,682000
I-012357,O-03544,P-01,1,45000,45000
I-012358,O-03544,P-10,1,28000,28000
I-012359,O-03545,P-02,3,210000,630000
I-012360,O-03545,P-04,1,625000,625000
I-012361,O-03545,P-03,2,62000,124000
I-012362,O-03545,P-06,2,341000,682000
I-012363,O-03545,P-08,1,36000,36000
I-012364,O-03546,P-08,2,36000,72000
I-012365,O-03546,P-04,2,625000,1250000
I-012366,O-03546,P-05,3,520000,1560000
I-012367,O-03546,P-07,2,280000,560000
I-012368,O-03546,P-10,3,28000,84000
I-012369,O-03547,P-01,2,45000,90000
I-012370,O-03547,P-05,3,520000,1560000
I-012371,O-03548,P-05,3,520000,1560000
I-012372,O-03548,P-04,3,625000,1875000
I-012373,O-03548,P-10,2,28000,56000
I-012374,O-03549,P-02,3,210000,630000
I-012375,O-03549,P-08,3,36000,108000
I-012376,O-03550,P-07,3,280000,840000
I-012377,O-03550,P-06,3,341000,1023000
I-012378,O-03550,P-02,2,210000,420000
I-012379,O-03550,P-03,2,62000,124000
I-012380,O-03551,P-04,3,625000,1875000
I-012381,O-03551,P-03,3,62000,186000
I-012382,O-03551,P-02,3,210000,630000
I-012383,O-03551,P-06,2,341000,682000
I-012384,O-03551,P-10,3,28000,84000
I-012385,O-03552,P-07,1,280000,280000
I-012386,O-03552,P-06,1,341000,341000
I-012387,O-03552,P-10,3,28000,84000
I-012388,O-03552,P-03,3,62000,186000
I-012389,O-03553,P-09,1,47500,47500
I-012390,O-03553,P-02,2,210000,420000
I-012391,O-03553,P-07,3,280000,840000
I-012392,O-03554,P-06,3,341000,1023000
I-012393,O-03554,P-02,1,210000,210000
I-012394,O-03555,P-05,3,520000,1560000
I-012395,O-03555,P-03,2,62000,124000
I-012396,O-03555,P-04,2,625000,1250000
I-012397,O-03555,P-07,1,280000,280000
I-012398,O-03555,P-01,3,45000,135000
I-012399,O-03556,P-07,3,280000,840000
I-012400,O-03556,P-03,2,62000,124000
I-012401,O-03556,P-10,1,28000,28000
I-012402,O-03557,P-08,2,36000,72000
I-012403,O-03557,P-01,2,45000,90000
I-012404,O-03558,P-04,3,625000,1875000
I-012405,O-03558,P-02,3,210000,630000
I-012406,O-03559,P-10,1,28000,28000
I-012407,O-03559,P-03,2,62000,124000
I-012408,O-03559,P-07,1,280000,280000
I-012409,O-03560,P-04,3,625000,1875000
I-012410,O-03560,P-08,2,36000,72000
I-012411,O-03561,P-07,1,280000,280000
I-012412,O-03561,P-09,1,47500,47500
I-012413,O-03561,P-06,3,341000,1023000
I-012414,O-03561,P-04,3,625000,1875000
I-012415,O-03561,P-03,3,62000,186000
I-012416,O-03562,P-06,2,341000,682000
I-012417,O-03562,P-10,1,28000,28000
I-012418,O-03562,P-05,2,520000,1040000
I-012419,O-03563,P-02,3,210000,630000
I-012420,O-03563,P-03,2,62000,124000
I-012421,O-03563,P-07,2,280000,560000
I-012422,O-03563,P-05,2,520000,1040000
I-012423,O-03563,P-09,2,47500,95000
I-012424,O-03564,P-08,1,36000,36000
I-012425,O-03564,P-01,1,45000,45000
I-012426,O-03564,P-10,3,28000,84000
I-012427,O-03564,P-07,1,280000,280000
I-012428,O-03564,P-02,3,210000,630000
I-012429,O-03565,P-05,2,520000,1040000
I-012430,O-03565,P-01,2,45000,90000
I-012431,O-03565,P-02,2,210000,420000
I-012432,O-03565,P-07,1,280000,280000
I-012433,O-03565,P-09,3,47500,142500
I-012434,O-03566,P-07,3,280000,840000
I-012435,O-03566,P-09,2,47500,95000
I-012436,O-03567,P-03,3,62000,186000
I-012437,O-03567,P-10,2,28000,56000
I-012438,O-03567,P-09,3,47500,142500
I-012439,O-03567,P-04,3,625000,1875000
I-012440,O-03567,P-08,2,36000,72000
I-012441,O-03568,P-05,1,520000,520000
I-012442,O-03568,P-07,2,280000,560000
I-012443,O-03568,P-02,1,210000,210000
I-012444,O-03568,P-03,1,62000,62000
I-012445,O-03568,P-10,2,28000,56000
I-012446,O-03569,P-03,3,62000,186000
I-012447,O-03569,P-01,3,45000,135000
I-012448,O-03570,P-08,2,36000,72000
I-012449,O-03570,P-10,2,28000,56000
I-012450,O-03570,P-09,2,47500,95000
I-012451,O-03570,P-06,2,341000,682000
I-012452,O-03570,P-07,2,280000,560000
I-012453,O-03571,P-04,2,625000,1250000
I-012454,O-03571,P-08,1,36000,36000
I-012455,O-03571,P-10,2,28000,56000
I-012456,O-03572,P-07,1,280000,280000
I-012457,O-03572,P-01,3,45000,135000
I-012458,O-03572,P-10,2,28000,56000
I-012459,O-03572,P-06,1,341000,341000
I-012460,O-03573,P-07,2,280000,560000
I-012461,O-03573,P-06,1,341000,341000
I-012462,O-03573,P-05,3,520000,1560000
I-012463,O-03573,P-10,1,28000,28000
I-012464,O-03573,P-03,2,62000,124000
I-012465,O-03574,P-05,2,520000,1040000
I-012466,O-03574,P-02,1,210000,210000
I-012467,O-03575,P-10,2,28000,56000
I-012468,O-03575,P-09,2,47500,95000
I-012469,O-03576,P-06,1,341000,341000
I-012470,O-03576,P-04,1,625000,625000
I-012471,O-03576,P-09,2,47500,95000
I-012472,O-03576,P-05,1,520000,520000
I-012473,O-03577,P-02,2,210000,420000
I-012474,O-03577,P-03,3,62000,186000
I-012475,O-03577,P-05,2,520000,1040000
I-012476,O-03578,P-09,2,47500,95000
I-012477,O-03578,P-01,1,45000,45000
I-012478,O-03578,P-08,3,36000,108000
I-012479,O-03578,P-07,3,280000,840000
I-012480,O-03579,P-08,1,36000,36000
I-012481,O-03579,P-02,2,210000,420000
I-012482,O-03579,P-09,3,47500,142500
I-012483,O-03579,P-07,2,280000,560000
I-012484,O-03580,P-02,1,210000,210000
I-012485,O-03580,P-03,2,62000,124000
I-012486,O-03580,P-07,2,280000,560000
I-012487,O-03581,P-08,1,36000,36000
I-012488,O-03581,P-06,2,341000,682000
I-012489,O-03581,P-07,3,280000,840000
I-012490,O-03581,P-04,3,625000,1875000
I-012491,O-03582,P-07,2,280000,560000
I-012492,O-03582,P-09,1,47500,47500
I-012493,O-03583,P-06,2,341000,682000
I-012494,O-03583,P-07,1,280000,280000
I-012495,O-03584,P-09,2,47500,95000
I-012496,O-03584,P-08,1,36000,36000
I-012497,O-03584,P-01,3,45000,135000
I-012498,O-03585,P-06,3,341000,1023000
I-012499,O-03585,P-03,3,62000,186000
I-012500,O-03585,P-01,3,45000,135000
I-012501,O-03585,P-04,1,625000,625000
I-012502,O-03585,P-10,3,28000,84000
I-012503,O-03586,P-06,3,341000,1023000
I-012504,O-03586,P-01,1,45000,45000
I-012505,O-03586,P-10,1,28000,28000
I-012506,O-03586,P-02,3,210000,630000
I-012507,O-03587,P-05,2,520000,1040000
I-012508,O-03587,P-06,2,341000,682000
I-012509,O-03587,P-08,3,36000,108000
I-012510,O-03587,P-09,3,47500,142500
I-012511,O-03587,P-02,1,210000,210000
I-012512,O-03588,P-06,2,341000,682000
I-012513,O-03588,P-08,2,36000,72000
I-012514,O-03588,P-07,1,280000,280000
I-012515,O-03588,P-09,2,47500,95000
I-012516,O-03588,P-01,3,45000,135000
I-012517,O-03589,P-05,1,520000,520000
I-012518,O-03589,P-06,3,341000,1023000
I-012519,O-03590,P-03,3,62000,186000
I-012520,O-03590,P-07,2,280000,560000
I-012521,O-03591,P-05,1,520000,520000
I-012522,O-03591,P-01,1,45000,45000
I-012523,O-03592,P-01,2,45000,90000
I-012524,O-03592,P-09,1,47500,47500
I-012525,O-03593,P-03,1,62000,62000
I-012526,O-03593,P-01,2,45000,90000
I-012527,O-03593,P-04,1,625000,625000
I-012528,O-03593,P-10,2,28000,56000
I-012529,O-03593,P-02,1,210000,210000
I-012530,O-03594,P-05,1,520000,520000
I-012531,O-03594,P-02,1,210000,210000
I-012532,O-03594,P-08,2,36000,72000
I-012533,O-03594,P-04,2,625000,1250000
I-012534,O-03595,P-10,3,28000,84000
I-012535,O-03595,P-07,2,280000,560000
I-012536,O-03596,P-09,1,47500,47500
I-012537,O-03596,P-01,1,45000,45000
I-012538,O-03597,P-05,2,520000,1040000
I-012539,O-03597,P-06,2,341000,682000
I-012540,O-03597,P-09,3,47500,142500
I-012541,O-03597,P-03,1,62000,62000
I-012542,O-03597,P-01,2,45000,90000
I-012543,O-03598,P-01,3,45000,135000
I-012544,O-03598,P-10,2,28000,56000
I-012545,O-03598,P-02,3,210000,630000
I-012546,O-03598,P-07,1,280000,280000
I-012547,O-03599,P-06,3,341000,1023000
I-012548,O-03599,P-09,3,47500,142500
I-012549,O-03600,P-01,1,45000,45000
I-012550,O-03600,P-05,1,520000,520000
I-012551,O-03600,P-06,2,341000,682000
I-012552,O-03600,P-02,2,210000,420000
I-012553,O-03600,P-07,1,280000,280000
I-012554,O-03601,P-02,1,210000,210000
I-012555,O-03601,P-01,2,45000,90000
I-012556,O-03601,P-09,1,47500,47500
I-012557,O-03601,P-07,1,280000,280000
I-012558,O-03601,P-06,3,341000,1023000
I-012559,O-03602,P-05,3,520000,1560000
I-012560,O-03602,P-06,3,341000,1023000
I-012561,O-03602,P-10,2,28000,56000
I-012562,O-03602,P-08,3,36000,108000
I-012563,O-03603,P-04,3,625000,1875000
I-012564,O-03603,P-10,2,28000,56000
I-012565,O-03603,P-01,3,45000,135000
I-012566,O-03603,P-02,1,210000,210000
I-012567,O-03604,P-03,2,62000,124000
I-012568,O-03604,P-07,2,280000,560000
I-012569,O-03605,P-01,3,45000,135000
I-012570,O-03605,P-02,3,210000,630000
I-012571,O-03606,P-08,3,36000,108000
I-012572,O-03606,P-09,1,47500,47500
I-012573,O-03606,P-01,3,45000,135000
I-012574,O-03606,P-05,3,520000,1560000
I-012575,O-03606,P-03,2,62000,124000
I-012576,O-03607,P-07,1,280000,280000
I-012577,O-03607,P-05,1,520000,520000
I-012578,O-03608,P-07,1,280000,280000
I-012579,O-03608,P-04,2,625000,1250000
I-012580,O-03609,P-02,2,210000,420000
I-012581,O-03609,P-03,1,62000,62000
I-012582,O-03609,P-07,2,280000,560000
I-012583,O-03609,P-09,2,47500,95000
I-012584,O-03610,P-10,2,28000,56000
I-012585,O-03610,P-02,1,210000,210000
I-012586,O-03610,P-08,3,36000,108000
I-012587,O-03611,P-03,1,62000,62000
I-012588,O-03611,P-05,3,520000,1560000
I-012589,O-03611,P-01,3,45000,135000
I-012590,O-03611,P-10,3,28000,84000
I-012591,O-03611,P-02,2,210000,420000
I-012592,O-03612,P-06,1,341000,341000
I-012593,O-03612,P-08,1,36000,36000
I-012594,O-03612,P-09,1,47500,47500
I-012595,O-03612,P-03,2,62000,124000
I-012596,O-03613,P-05,1,520000,520000
I-012597,O-03613,P-08,1,36000,36000
I-012598,O-03613,P-02,1,210000,210000
I-012599,O-03613,P-09,2,47500,95000
I-012600,O-03614,P-06,2,341000,682000
I-012601,O-03614,P-08,2,36000,72000
I-012602,O-03614,P-07,3,280000,840000
I-012603,O-03614,P-09,2,47500,95000
I-012604,O-03615,P-05,3,520000,1560000
I-012605,O-03615,P-01,1,45000,45000
I-012606,O-03615,P-09,1,47500,47500
I-012607,O-03615,P-06,1,341000,341000
I-012608,O-03616,P-07,2,280000,560000
I-012609,O-03616,P-05,1,520000,520000
I-012610,O-03616,P-08,2,36000,72000
I-012611,O-03616,P-09,3,47500,142500
I-012612,O-03616,P-03,3,62000,186000
I-012613,O-03617,P-06,2,341000,682000
I-012614,O-03617,P-10,1,28000,28000
I-012615,O-03617,P-03,3,62000,186000
I-012616,O-03617,P-09,2,47500,95000
I-012617,O-03618,P-02,1,210000,210000
I-012618,O-03618,P-04,2,625000,1250000
I-012619,O-03618,P-07,1,280000,280000
I-012620,O-03618,P-03,2,62000,124000
I-012621,O-03619,P-07,3,280000,840000
I-012622,O-03619,P-09,1,47500,47500
I-012623,O-03619,P-05,1,520000,520000
I-012624,O-03620,P-01,2,45000,90000
I-012625,O-03620,P-10,3,28000,84000
I-012626,O-03621,P-08,2,36000,72000
I-012627,O-03621,P-06,2,341000,682000
I-012628,O-03622,P-05,3,520000,1560000
I-012629,O-03622,P-08,1,36000,36000
I-012630,O-03622,P-07,2,280000,560000
I-012631,O-03622,P-06,1,341000,341000
I-012632,O-03623,P-08,3,36000,108000
I-012633,O-03623,P-06,3,341000,1023000
I-012634,O-03624,P-10,1,28000,28000
I-012635,O-03624,P-04,1,625000,625000
I-012636,O-03624,P-05,1,520000,520000
I-012637,O-03624,P-02,3,210000,630000
I-012638,O-03624,P-06,2,341000,682000
I-012639,O-03625,P-08,3,36000,108000
I-012640,O-03625,P-02,1,210000,210000
I-012641,O-03625,P-03,1,62000,62000
I-012642,O-03625,P-10,1,28000,28000
I-012643,O-03626,P-09,2,47500,95000
I-012644,O-03626,P-06,2,341000,682000
I-012645,O-03627,P-03,2,62000,124000
I-012646,O-03627,P-01,2,45000,90000
I-012647,O-03627,P-02,2,210000,420000
I-012648,O-03628,P-03,3,62000,186000
I-012649,O-03628,P-02,3,210000,630000
I-012650,O-03628,P-06,3,341000,1023000
I-012651,O-03629,P-08,2,36000,72000
I-012652,O-03629,P-04,3,625000,1875000
I-012653,O-03629,P-05,2,520000,1040000
I-012654,O-03629,P-01,2,45000,90000
I-012655,O-03630,P-05,3,520000,1560000
I-012656,O-03630,P-07,1,280000,280000
I-012657,O-03631,P-09,2,47500,95000
I-012658,O-03631,P-04,3,625000,1875000
I-012659,O-03631,P-07,2,280000,560000
I-012660,O-03632,P-01,1,45000,45000
I-012661,O-03632,P-10,2,28000,56000
I-012662,O-03632,P-06,3,341000,1023000
I-012663,O-03633,P-06,2,341000,682000
I-012664,O-03633,P-09,1,47500,47500
I-012665,O-03633,P-03,2,62000,124000
I-012666,O-03633,P-01,1,45000,45000
I-012667,O-03634,P-04,2,625000,1250000
I-012668,O-03634,P-02,2,210000,420000
I-012669,O-03634,P-05,1,520000,520000
I-012670,O-03635,P-04,1,625000,625000
I-012671,O-03635,P-10,1,28000,28000
I-012672,O-03635,P-09,2,47500,95000
I-012673,O-03636,P-02,2,210000,420000
I-012674,O-03636,P-09,2,47500,95000
I-012675,O-03636,P-08,3,36000,108000
I-012676,O-03636,P-07,1,280000,280000
I-012677,O-03636,P-06,2,341000,682000
I-012678,O-03637,P-05,2,520000,1040000
I-012679,O-03637,P-07,1,280000,280000
I-012680,O-03637,P-10,1,28000,28000
I-012681,O-03637,P-04,3,625000,1875000
I-012682,O-03638,P-02,2,210000,420000
I-012683,O-03638,P-06,2,341000,682000
I-012684,O-03639,P-04,1,625000,625000
I-012685,O-03639,P-05,2,520000,1040000
I-012686,O-03640,P-10,3,28000,84000
I-012687,O-03640,P-04,2,625000,1250000
I-012688,O-03640,P-01,2,45000,90000
I-012689,O-03640,P-05,1,520000,520000
I-012690,O-03641,P-04,3,625000,1875000
I-012691,O-03641,P-10,2,28000,56000
I-012692,O-03641,P-06,3,341000,1023000
I-012693,O-03642,P-08,3,36000,108000
I-012694,O-03642,P-01,1,45000,45000
I-012695,O-03642,P-09,3,47500,142500
I-012696,O-03643,P-03,1,62000,62000
I-012697,O-03643,P-07,2,280000,560000
I-012698,O-03643,P-09,2,47500,95000
I-012699,O-03644,P-06,1,341000,341000
I-012700,O-03644,P-02,1,210000,210000
I-012701,O-03645,P-02,2,210000,420000
I-012702,O-03645,P-05,3,520000,1560000
I-012703,O-03645,P-10,1,28000,28000
I-012704,O-03646,P-07,1,280000,280000
I-012705,O-03646,P-05,1,520000,520000
I-012706,O-03647,P-07,1,280000,280000
I-012707,O-03647,P-01,1,45000,45000
I-012708,O-03648,P-09,3,47500,142500
I-012709,O-03648,P-08,3,36000,108000
I-012710,O-03649,P-06,1,341000,341000
I-012711,O-03649,P-01,2,45000,90000
I-012712,O-03649,P-07,3,280000,840000
I-012713,O-03649,P-02,2,210000,420000
I-012714,O-03649,P-05,1,520000,520000
I-012715,O-03650,P-10,3,28000,84000
I-012716,O-03650,P-07,1,280000,280000
I-012717,O-03650,P-01,3,45000,135000
I-012718,O-03651,P-07,1,280000,280000
I-012719,O-03651,P-01,3,45000,135000
I-012720,O-03651,P-03,3,62000,186000
I-012721,O-03651,P-10,1,28000,28000
I-012722,O-03651,P-02,3,210000,630000
I-012723,O-03652,P-09,3,47500,142500
I-012724,O-03652,P-02,3,210000,630000
I-012725,O-03652,P-04,3,625000,1875000
I-012726,O-03652,P-07,2,280000,560000
I-012727,O-03653,P-10,2,28000,56000
I-012728,O-03653,P-05,3,520000,1560000
I-012729,O-03653,P-03,1,62000,62000
I-012730,O-03653,P-08,2,36000,72000
I-012731,O-03653,P-04,2,625000,1250000
I-012732,O-03654,P-01,2,45000,90000
I-012733,O-03654,P-07,3,280000,840000
I-012734,O-03654,P-05,2,520000,1040000
I-012735,O-03655,P-06,2,341000,682000
I-012736,O-03655,P-09,1,47500,47500
I-012737,O-03655,P-02,1,210000,210000
I-012738,O-03656,P-09,2,47500,95000
I-012739,O-03656,P-08,2,36000,72000
I-012740,O-03656,P-02,2,210000,420000
I-012741,O-03657,P-02,2,210000,420000
I-012742,O-03657,P-04,2,625000,1250000
I-012743,O-03657,P-05,1,520000,520000
I-012744,O-03658,P-03,1,62000,62000
I-012745,O-03658,P-05,2,520000,1040000
I-012746,O-03659,P-02,2,210000,420000
I-012747,O-03659,P-09,1,47500,47500
I-012748,O-03660,P-10,2,28000,56000
I-012749,O-03660,P-03,2,62000,124000
I-012750,O-03661,P-05,3,520000,1560000
I-012751,O-03661,P-10,1,28000,28000
I-012752,O-03662,P-08,2,36000,72000
I-012753,O-03662,P-01,2,45000,90000
I-012754,O-03662,P-07,3,280000,840000
I-012755,O-03662,P-10,2,28000,56000
I-012756,O-03663,P-10,2,28000,56000
I-012757,O-03663,P-01,2,45000,90000
I-012758,O-03663,P-08,3,36000,108000
I-012759,O-03663,P-04,1,625000,625000
I-012760,O-03663,P-03,3,62000,186000
I-012761,O-03664,P-01,1,45000,45000
I-012762,O-03664,P-06,3,341000,1023000
I-012763,O-03664,P-08,3,36000,108000
I-012764,O-03665,P-03,3,62000,186000
I-012765,O-03665,P-10,3,28000,84000
I-012766,O-03665,P-07,1,280000,280000
I-012767,O-03666,P-07,2,280000,560000
I-012768,O-03666,P-04,2,625000,1250000
I-012769,O-03666,P-03,2,62000,124000
I-012770,O-03666,P-06,3,341000,1023000
I-012771,O-03667,P-03,3,62000,186000
I-012772,O-03667,P-10,2,28000,56000
I-012773,O-03668,P-08,2,36000,72000
I-012774,O-03668,P-06,3,341000,1023000
I-012775,O-03668,P-04,3,625000,1875000
I-012776,O-03669,P-06,3,341000,1023000
I-012777,O-03669,P-02,2,210000,420000
I-012778,O-03669,P-07,1,280000,280000
I-012779,O-03670,P-10,3,28000,84000
I-012780,O-03670,P-01,1,45000,45000
I-012781,O-03670,P-09,3,47500,142500
I-012782,O-03670,P-07,3,280000,840000
I-012783,O-03670,P-04,2,625000,1250000
I-012784,O-03671,P-03,1,62000,62000
I-012785,O-03671,P-04,2,625000,1250000
I-012786,O-03672,P-06,2,341000,682000
I-012787,O-03672,P-09,1,47500,47500
I-012788,O-03672,P-10,3,28000,84000
I-012789,O-03672,P-03,2,62000,124000
I-012790,O-03672,P-01,1,45000,45000
I-012791,O-03673,P-05,1,520000,520000
I-012792,O-03673,P-07,3,280000,840000
I-012793,O-03673,P-06,1,341000,341000
I-012794,O-03673,P-09,2,47500,95000
I-012795,O-03674,P-02,2,210000,420000
I-012796,O-03674,P-03,1,62000,62000
I-012797,O-03675,P-07,1,280000,280000
I-012798,O-03675,P-04,3,625000,1875000
I-012799,O-03675,P-09,3,47500,142500
I-012800,O-03675,P-03,3,62000,186000
I-012801,O-03675,P-08,1,36000,36000
I-012802,O-03676,P-10,2,28000,56000
I-012803,O-03676,P-02,3,210000,630000
I-012804,O-03677,P-05,3,520000,1560000
I-012805,O-03677,P-09,2,47500,95000
I-012806,O-03677,P-06,1,341000,341000
I-012807,O-03677,P-04,2,625000,1250000
I-012808,O-03677,P-02,2,210000,420000
I-012809,O-03678,P-10,3,28000,84000
I-012810,O-03678,P-09,3,47500,142500
I-012811,O-03679,P-03,2,62000,124000
I-012812,O-03679,P-09,3,47500,142500
I-012813,O-03679,P-08,1,36000,36000
I-012814,O-03679,P-10,2,28000,56000
I-012815,O-03680,P-10,2,28000,56000
I-012816,O-03680,P-02,1,210000,210000
I-012817,O-03680,P-07,1,280000,280000
I-012818,O-03680,P-03,2,62000,124000
I-012819,O-03681,P-07,1,280000,280000
I-012820,O-03681,P-03,2,62000,124000
I-012821,O-03681,P-08,2,36000,72000
I-012822,O-03681,P-02,3,210000,630000
I-012823,O-03682,P-10,1,28000,28000
I-012824,O-03682,P-08,2,36000,72000
I-012825,O-03682,P-02,2,210000,420000
I-012826,O-03682,P-09,3,47500,142500
I-012827,O-03683,P-10,2,28000,56000
I-012828,O-03683,P-09,1,47500,47500
I-012829,O-03683,P-01,2,45000,90000
I-012830,O-03683,P-07,1,280000,280000
I-012831,O-03684,P-07,2,280000,560000
I-012832,O-03684,P-03,2,62000,124000
I-012833,O-03684,P-08,3,36000,108000
I-012834,O-03684,P-10,2,28000,56000
I-012835,O-03685,P-07,3,280000,840000
I-012836,O-03685,P-06,2,341000,682000
I-012837,O-03685,P-05,1,520000,520000
I-012838,O-03686,P-05,1,520000,520000
I-012839,O-03686,P-09,2,47500,95000
I-012840,O-03686,P-08,2,36000,72000
I-012841,O-03687,P-01,2,45000,90000
I-012842,O-03687,P-03,3,62000,186000
I-012843,O-03687,P-07,1,280000,280000
I-012844,O-03688,P-01,3,45000,135000
I-012845,O-03688,P-10,1,28000,28000
I-012846,O-03688,P-03,3,62000,186000
I-012847,O-03688,P-09,3,47500,142500
I-012848,O-03688,P-08,1,36000,36000
I-012849,O-03689,P-06,3,341000,1023000
I-012850,O-03689,P-05,1,520000,520000
I-012851,O-03690,P-01,1,45000,45000
I-012852,O-03690,P-09,3,47500,142500
I-012853,O-03690,P-08,2,36000,72000
I-012854,O-03690,P-06,1,341000,341000
I-012855,O-03691,P-09,1,47500,47500
I-012856,O-03691,P-08,1,36000,36000
I-012857,O-03692,P-09,2,47500,95000
I-012858,O-03692,P-02,2,210000,420000
I-012859,O-03693,P-10,3,28000,84000
I-012860,O-03693,P-09,2,47500,95000
I-012861,O-03693,P-04,2,625000,1250000
I-012862,O-03693,P-01,1,45000,45000
I-012863,O-03693,P-06,1,341000,341000
I-012864,O-03694,P-07,2,280000,560000
I-012865,O-03694,P-05,2,520000,1040000
I-012866,O-03694,P-04,3,625000,1875000
I-012867,O-03695,P-03,1,62000,62000
I-012868,O-03695,P-06,2,341000,682000
I-012869,O-03695,P-10,3,28000,84000
I-012870,O-03695,P-09,3,47500,142500
I-012871,O-03695,P-02,3,210000,630000
I-012872,O-03696,P-05,2,520000,1040000
I-012873,O-03696,P-01,1,45000,45000
I-012874,O-03696,P-07,2,280000,560000
I-012875,O-03696,P-03,2,62000,124000
I-012876,O-03696,P-04,2,625000,1250000
I-012877,O-03697,P-06,1,341000,341000
I-012878,O-03697,P-02,3,210000,630000
I-012879,O-03697,P-01,1,45000,45000
I-012880,O-03697,P-03,2,62000,124000
I-012881,O-03698,P-06,1,341000,341000
I-012882,O-03698,P-01,3,45000,135000
I-012883,O-03698,P-08,3,36000,108000
I-012884,O-03699,P-05,1,520000,520000
I-012885,O-03699,P-09,2,47500,95000
I-012886,O-03699,P-10,1,28000,28000
I-012887,O-03700,P-07,2,280000,560000
I-012888,O-03700,P-10,3,28000,84000
I-012889,O-03700,P-05,2,520000,1040000
I-012890,O-03701,P-05,3,520000,1560000
I-012891,O-03701,P-10,2,28000,56000
I-012892,O-03701,P-07,1,280000,280000
I-012893,O-03701,P-03,1,62000,62000
I-012894,O-03701,P-02,3,210000,630000
I-012895,O-03702,P-07,2,280000,560000
I-012896,O-03702,P-06,2,341000,682000
I-012897,O-03702,P-03,1,62000,62000
I-012898,O-03703,P-09,1,47500,47500
I-012899,O-03703,P-02,1,210000,210000
I-012900,O-03703,P-01,2,45000,90000
I-012901,O-03704,P-03,1,62000,62000
I-012902,O-03704,P-10,3,28000,84000
I-012903,O-03704,P-02,2,210000,420000
I-012904,O-03705,P-01,1,45000,45000
I-012905,O-03705,P-05,3,520000,1560000
I-012906,O-03705,P-06,3,341000,1023000
I-012907,O-03705,P-02,3,210000,630000
I-012908,O-03705,P-04,2,625000,1250000
I-012909,O-03706,P-02,2,210000,420000
I-012910,O-03706,P-01,2,45000,90000
I-012911,O-03706,P-07,2,280000,560000
I-012912,O-03706,P-03,2,62000,124000
I-012913,O-03706,P-10,2,28000,56000
I-012914,O-03707,P-07,3,280000,840000
I-012915,O-03707,P-03,2,62000,124000
I-012916,O-03708,P-07,3,280000,840000
I-012917,O-03708,P-09,2,47500,95000
I-012918,O-03708,P-02,2,210000,420000
I-012919,O-03708,P-03,3,62000,186000
I-012920,O-03708,P-10,3,28000,84000
I-012921,O-03709,P-09,2,47500,95000
I-012922,O-03709,P-07,1,280000,280000
I-012923,O-03710,P-09,2,47500,95000
I-012924,O-03710,P-10,2,28000,56000
I-012925,O-03710,P-04,3,625000,1875000
I-012926,O-03710,P-08,1,36000,36000
I-012927,O-03711,P-07,2,280000,560000
I-012928,O-03711,P-08,1,36000,36000
I-012929,O-03711,P-05,2,520000,1040000
I-012930,O-03712,P-02,2,210000,420000
I-012931,O-03712,P-08,2,36000,72000
I-012932,O-03712,P-01,1,45000,45000
I-012933,O-03712,P-10,1,28000,28000
I-012934,O-03712,P-03,1,62000,62000
I-012935,O-03713,P-05,2,520000,1040000
I-012936,O-03713,P-06,2,341000,682000
I-012937,O-03713,P-10,2,28000,56000
I-012938,O-03714,P-02,2,210000,420000
I-012939,O-03714,P-07,1,280000,280000
I-012940,O-03714,P-01,2,45000,90000
I-012941,O-03714,P-05,3,520000,1560000
I-012942,O-03714,P-03,1,62000,62000
I-012943,O-03715,P-08,2,36000,72000
I-012944,O-03715,P-07,2,280000,560000
I-012945,O-03715,P-09,3,47500,142500
I-012946,O-03715,P-10,3,28000,84000
I-012947,O-03715,P-04,1,625000,625000
I-012948,O-03716,P-06,3,341000,1023000
I-012949,O-03716,P-02,1,210000,210000
I-012950,O-03716,P-03,2,62000,124000
I-012951,O-03716,P-04,2,625000,1250000
I-012952,O-03717,P-01,2,45000,90000
I-012953,O-03717,P-03,3,62000,186000
I-012954,O-03717,P-07,1,280000,280000
I-012955,O-03717,P-02,2,210000,420000
I-012956,O-03717,P-09,3,47500,142500
I-012957,O-03718,P-09,1,47500,47500
I-012958,O-03718,P-08,1,36000,36000
I-012959,O-03718,P-02,3,210000,630000
I-012960,O-03718,P-07,2,280000,560000
I-012961,O-03718,P-10,3,28000,84000
I-012962,O-03719,P-02,1,210000,210000
I-012963,O-03719,P-03,3,62000,186000
I-012964,O-03719,P-09,1,47500,47500
I-012965,O-03720,P-05,3,520000,1560000
I-012966,O-03720,P-08,1,36000,36000
I-012967,O-03720,P-10,3,28000,84000
I-012968,O-03721,P-04,2,625000,1250000
I-012969,O-03721,P-05,3,520000,1560000
I-012970,O-03722,P-06,2,341000,682000
I-012971,O-03722,P-05,1,520000,520000
I-012972,O-03722,P-03,3,62000,186000
I-012973,O-03722,P-07,1,280000,280000
I-012974,O-03723,P-05,2,520000,1040000
I-012975,O-03723,P-09,3,47500,142500
I-012976,O-03723,P-06,1,341000,341000
I-012977,O-03723,P-03,3,62000,186000
I-012978,O-03723,P-02,2,210000,420000
I-012979,O-03724,P-02,1,210000,210000
I-012980,O-03724,P-03,1,62000,62000
I-012981,O-03724,P-05,3,520000,1560000
I-012982,O-03724,P-01,2,45000,90000
I-012983,O-03724,P-10,1,28000,28000
I-012984,O-03725,P-02,1,210000,210000
I-012985,O-03725,P-08,1,36000,36000
I-012986,O-03726,P-07,2,280000,560000
I-012987,O-03726,P-09,2,47500,95000
I-012988,O-03726,P-03,1,62000,62000
I-012989,O-03727,P-04,1,625000,625000
I-012990,O-03727,P-09,3,47500,142500
I-012991,O-03727,P-08,1,36000,36000
I-012992,O-03727,P-10,3,28000,84000
I-012993,O-03728,P-10,2,28000,56000
I-012994,O-03728,P-09,3,47500,142500
I-012995,O-03728,P-08,1,36000,36000
I-012996,O-03728,P-04,3,625000,1875000
I-012997,O-03728,P-01,1,45000,45000
I-012998,O-03729,P-06,1,341000,341000
I-012999,O-03729,P-08,2,36000,72000
I-013000,O-03730,P-08,1,36000,36000
I-013001,O-03730,P-06,2,341000,682000
I-013002,O-03730,P-10,2,28000,56000
I-013003,O-03730,P-07,3,280000,840000
I-013004,O-03730,P-04,1,625000,625000
I-013005,O-03731,P-03,3,62000,186000
I-013006,O-03731,P-10,3,28000,84000
I-013007,O-03731,P-04,2,625000,1250000
I-013008,O-03731,P-02,3,210000,630000
I-013009,O-03731,P-06,2,341000,682000
I-013010,O-03732,P-07,3,280000,840000
I-013011,O-03732,P-04,2,625000,1250000
I-013012,O-03733,P-03,2,62000,124000
I-013013,O-03733,P-05,1,520000,520000
I-013014,O-03734,P-06,1,341000,341000
I-013015,O-03734,P-07,3,280000,840000
I-013016,O-03735,P-01,3,45000,135000
I-013017,O-03735,P-02,3,210000,630000
I-013018,O-03735,P-08,1,36000,36000
I-013019,O-03735,P-03,1,62000,62000
I-013020,O-03735,P-04,1,625000,625000
I-013021,O-03736,P-01,3,45000,135000
I-013022,O-03736,P-03,2,62000,124000
I-013023,O-03736,P-06,3,341000,1023000
I-013024,O-03736,P-02,3,210000,630000
I-013025,O-03737,P-10,3,28000,84000
I-013026,O-03737,P-09,2,47500,95000
I-013027,O-03737,P-02,3,210000,630000
I-013028,O-03738,P-03,2,62000,124000
I-013029,O-03738,P-10,1,28000,28000
I-013030,O-03738,P-07,2,280000,560000
I-013031,O-03738,P-09,3,47500,142500
I-013032,O-03738,P-02,1,210000,210000
I-013033,O-03739,P-10,1,28000,28000
I-013034,O-03739,P-09,3,47500,142500
I-013035,O-03739,P-05,1,520000,520000
I-013036,O-03739,P-03,1,62000,62000
I-013037,O-03739,P-04,3,625000,1875000
I-013038,O-03740,P-07,2,280000,560000
I-013039,O-03740,P-03,3,62000,186000
I-013040,O-03740,P-08,3,36000,108000
I-013041,O-03740,P-09,2,47500,95000
I-013042,O-03741,P-08,2,36000,72000
I-013043,O-03741,P-10,2,28000,56000
I-013044,O-03742,P-07,1,280000,280000
I-013045,O-03742,P-04,3,625000,1875000
I-013046,O-03742,P-01,1,45000,45000
I-013047,O-03743,P-10,2,28000,56000
I-013048,O-03743,P-07,2,280000,560000
I-013049,O-03743,P-09,2,47500,95000
I-013050,O-03744,P-01,1,45000,45000
I-013051,O-03744,P-02,1,210000,210000
I-013052,O-03744,P-06,3,341000,1023000
I-013053,O-03745,P-01,3,45000,135000
I-013054,O-03745,P-03,2,62000,124000
I-013055,O-03746,P-06,1,341000,341000
I-013056,O-03746,P-03,2,62000,124000
I-013057,O-03746,P-10,3,28000,84000
I-013058,O-03746,P-04,1,625000,625000
I-013059,O-03746,P-02,1,210000,210000
I-013060,O-03747,P-04,1,625000,625000
I-013061,O-03747,P-03,1,62000,62000
I-013062,O-03747,P-07,2,280000,560000
I-013063,O-03748,P-02,2,210000,420000
I-013064,O-03748,P-03,2,62000,124000
I-013065,O-03749,P-09,2,47500,95000
I-013066,O-03749,P-02,2,210000,420000
I-013067,O-03749,P-06,3,341000,1023000
I-013068,O-03750,P-04,3,625000,1875000
I-013069,O-03750,P-10,2,28000,56000
I-013070,O-03750,P-05,1,520000,520000
I-013071,O-03750,P-06,1,341000,341000
I-013072,O-03750,P-09,3,47500,142500
I-013073,O-03751,P-04,3,625000,1875000
I-013074,O-03751,P-01,1,45000,45000
I-013075,O-03751,P-02,1,210000,210000
I-013076,O-03752,P-05,3,520000,1560000
I-013077,O-03752,P-08,3,36000,108000
I-013078,O-03752,P-07,3,280000,840000
I-013079,O-03753,P-06,1,341000,341000
I-013080,O-03753,P-01,3,45000,135000
I-013081,O-03754,P-07,2,280000,560000
I-013082,O-03754,P-05,2,520000,1040000
I-013083,O-03754,P-02,3,210000,630000
I-013084,O-03754,P-03,1,62000,62000
I-013085,O-03754,P-06,3,341000,1023000
I-013086,O-03755,P-08,2,36000,72000
I-013087,O-03755,P-05,2,520000,1040000
I-013088,O-03755,P-02,3,210000,630000
I-013089,O-03755,P-04,2,625000,1250000
I-013090,O-03756,P-08,3,36000,108000
I-013091,O-03756,P-09,1,47500,47500
I-013092,O-03756,P-07,2,280000,560000
I-013093,O-03756,P-05,2,520000,1040000
I-013094,O-03757,P-04,1,625000,625000
I-013095,O-03757,P-05,2,520000,1040000
I-013096,O-03758,P-10,2,28000,56000
I-013097,O-03758,P-06,3,341000,1023000
I-013098,O-03758,P-04,1,625000,625000
I-013099,O-03759,P-05,2,520000,1040000
I-013100,O-03759,P-10,1,28000,28000
I-013101,O-03759,P-07,1,280000,280000
I-013102,O-03759,P-09,2,47500,95000
I-013103,O-03760,P-07,2,280000,560000
I-013104,O-03760,P-01,3,45000,135000
I-013105,O-03760,P-05,3,520000,1560000
I-013106,O-03760,P-02,2,210000,420000
I-013107,O-03761,P-04,1,625000,625000
I-013108,O-03761,P-02,3,210000,630000
I-013109,O-03761,P-06,2,341000,682000
I-013110,O-03762,P-10,1,28000,28000
I-013111,O-03762,P-02,1,210000,210000
I-013112,O-03763,P-01,2,45000,90000
I-013113,O-03763,P-03,2,62000,124000
I-013114,O-03764,P-08,2,36000,72000
I-013115,O-03764,P-06,1,341000,341000
I-013116,O-03764,P-01,2,45000,90000
I-013117,O-03764,P-04,1,625000,625000
I-013118,O-03764,P-09,1,47500,47500
I-013119,O-03765,P-04,1,625000,625000
I-013120,O-03765,P-01,3,45000,135000
I-013121,O-03765,P-03,3,62000,186000
I-013122,O-03766,P-08,3,36000,108000
I-013123,O-03766,P-10,3,28000,84000
I-013124,O-03766,P-01,3,45000,135000
I-013125,O-03766,P-04,3,625000,1875000
I-013126,O-03766,P-07,3,280000,840000
I-013127,O-03767,P-03,1,62000,62000
I-013128,O-03767,P-10,1,28000,28000
I-013129,O-03767,P-09,2,47500,95000
I-013130,O-03767,P-02,1,210000,210000
I-013131,O-03768,P-09,1,47500,47500
I-013132,O-03768,P-05,1,520000,520000
I-013133,O-03768,P-07,2,280000,560000
I-013134,O-03768,P-10,1,28000,28000
I-013135,O-03769,P-03,2,62000,124000
I-013136,O-03769,P-05,3,520000,1560000
I-013137,O-03770,P-07,1,280000,280000
I-013138,O-03770,P-09,1,47500,47500
I-013139,O-03771,P-04,1,625000,625000
I-013140,O-03771,P-08,1,36000,36000
I-013141,O-03771,P-01,1,45000,45000
I-013142,O-03771,P-05,1,520000,520000
I-013143,O-03771,P-02,3,210000,630000
I-013144,O-03772,P-05,3,520000,1560000
I-013145,O-03772,P-06,3,341000,1023000
I-013146,O-03772,P-02,2,210000,420000
I-013147,O-03772,P-08,1,36000,36000
I-013148,O-03772,P-01,1,45000,45000
I-013149,O-03773,P-04,2,625000,1250000
I-013150,O-03773,P-08,1,36000,36000
I-013151,O-03774,P-10,2,28000,56000
I-013152,O-03774,P-07,3,280000,840000
I-013153,O-03774,P-08,2,36000,72000
I-013154,O-03774,P-04,1,625000,625000
I-013155,O-03774,P-06,1,341000,341000
I-013156,O-03775,P-04,2,625000,1250000
I-013157,O-03775,P-05,2,520000,1040000
I-013158,O-03775,P-03,3,62000,186000
I-013159,O-03775,P-07,2,280000,560000
I-013160,O-03775,P-10,1,28000,28000
I-013161,O-03776,P-09,1,47500,47500
I-013162,O-03776,P-05,3,520000,1560000
I-013163,O-03776,P-03,2,62000,124000
I-013164,O-03777,P-04,3,625000,1875000
I-013165,O-03777,P-09,3,47500,142500
I-013166,O-03777,P-02,3,210000,630000
I-013167,O-03777,P-06,2,341000,682000
I-013168,O-03777,P-08,1,36000,36000
I-013169,O-03778,P-06,3,341000,1023000
I-013170,O-03778,P-05,2,520000,1040000
I-013171,O-03778,P-02,3,210000,630000
I-013172,O-03779,P-03,2,62000,124000
I-013173,O-03779,P-09,2,47500,95000
I-013174,O-03779,P-06,2,341000,682000
I-013175,O-03779,P-04,2,625000,1250000
I-013176,O-03779,P-01,2,45000,90000
I-013177,O-03780,P-07,2,280000,560000
I-013178,O-03780,P-09,1,47500,47500
I-013179,O-03780,P-10,1,28000,28000
I-013180,O-03781,P-01,1,45000,45000
I-013181,O-03781,P-06,2,341000,682000
I-013182,O-03781,P-10,3,28000,84000
I-013183,O-03782,P-01,3,45000,135000
I-013184,O-03782,P-09,2,47500,95000
I-013185,O-03782,P-07,1,280000,280000
I-013186,O-03783,P-05,1,520000,520000
I-013187,O-03783,P-08,1,36000,36000
I-013188,O-03783,P-06,1,341000,341000
I-013189,O-03783,P-10,2,28000,56000
I-013190,O-03783,P-09,1,47500,47500
I-013191,O-03784,P-10,1,28000,28000
I-013192,O-03784,P-05,1,520000,520000
I-013193,O-03785,P-08,3,36000,108000
I-013194,O-03785,P-10,3,28000,84000
I-013195,O-03785,P-07,3,280000,840000
I-013196,O-03785,P-03,3,62000,186000
I-013197,O-03785,P-04,1,625000,625000
I-013198,O-03786,P-01,3,45000,135000
I-013199,O-03786,P-05,1,520000,520000
I-013200,O-03786,P-06,3,341000,1023000
I-013201,O-03786,P-10,2,28000,56000
I-013202,O-03786,P-03,3,62000,186000
I-013203,O-03787,P-01,2,45000,90000
I-013204,O-03787,P-05,3,520000,1560000
I-013205,O-03787,P-08,2,36000,72000
I-013206,O-03787,P-09,3,47500,142500
I-013207,O-03787,P-07,3,280000,840000
I-013208,O-03788,P-03,1,62000,62000
I-013209,O-03788,P-07,2,280000,560000
I-013210,O-03788,P-09,1,47500,47500
I-013211,O-03789,P-07,2,280000,560000
I-013212,O-03789,P-02,2,210000,420000
I-013213,O-03789,P-08,1,36000,36000
I-013214,O-03789,P-10,3,28000,84000
I-013215,O-03790,P-03,2,62000,124000
I-013216,O-03790,P-09,3,47500,142500
I-013217,O-03790,P-01,3,45000,135000
I-013218,O-03790,P-05,1,520000,520000
I-013219,O-03790,P-07,3,280000,840000
I-013220,O-03791,P-05,3,520000,1560000
I-013221,O-03791,P-03,1,62000,62000
I-013222,O-03791,P-04,2,625000,1250000
I-013223,O-03791,P-02,1,210000,210000
I-013224,O-03792,P-04,2,625000,1250000
I-013225,O-03792,P-07,3,280000,840000
I-013226,O-03792,P-05,2,520000,1040000
I-013227,O-03792,P-01,1,45000,45000
I-013228,O-03792,P-03,1,62000,62000
I-013229,O-03793,P-07,1,280000,280000
I-013230,O-03793,P-10,2,28000,56000
I-013231,O-03794,P-08,3,36000,108000
I-013232,O-03794,P-01,3,45000,135000
I-013233,O-03795,P-03,2,62000,124000
I-013234,O-03795,P-02,2,210000,420000
I-013235,O-03795,P-07,2,280000,560000
I-013236,O-03796,P-06,3,341000,1023000
I-013237,O-03796,P-05,3,520000,1560000
I-013238,O-03796,P-09,2,47500,95000
I-013239,O-03797,P-09,3,47500,142500
I-013240,O-03797,P-06,1,341000,341000
I-013241,O-03797,P-08,1,36000,36000
I-013242,O-03797,P-02,3,210000,630000
I-013243,O-03798,P-09,2,47500,95000
I-013244,O-03798,P-06,2,341000,682000
I-013245,O-03798,P-02,3,210000,630000
I-013246,O-03799,P-07,2,280000,560000
I-013247,O-03799,P-03,2,62000,124000
I-013248,O-03799,P-02,2,210000,420000
I-013249,O-03799,P-05,2,520000,1040000
I-013250,O-03799,P-10,3,28000,84000
I-013251,O-03800,P-02,3,210000,630000
I-013252,O-03800,P-03,2,62000,124000
I-013253,O-03800,P-06,3,341000,1023000
I-013254,O-03800,P-04,1,625000,625000
I-013255,O-03800,P-10,3,28000,84000
I-013256,O-03801,P-04,1,625000,625000
I-013257,O-03801,P-06,1,341000,341000
I-013258,O-03801,P-05,3,520000,1560000
I-013259,O-03801,P-07,3,280000,840000
I-013260,O-03802,P-10,2,28000,56000
I-013261,O-03802,P-04,3,625000,1875000
I-013262,O-03802,P-08,1,36000,36000
I-013263,O-03802,P-02,3,210000,630000
I-013264,O-03802,P-03,2,62000,124000
I-013265,O-03803,P-03,3,62000,186000
I-013266,O-03803,P-01,1,45000,45000
I-013267,O-03803,P-05,1,520000,520000
I-013268,O-03803,P-07,2,280000,560000
I-013269,O-03804,P-04,1,625000,625000
I-013270,O-03804,P-05,3,520000,1560000
I-013271,O-03805,P-06,2,341000,682000
I-013272,O-03805,P-05,3,520000,1560000
I-013273,O-03806,P-02,2,210000,420000
I-013274,O-03806,P-09,1,47500,47500
I-013275,O-03806,P-10,2,28000,56000
I-013276,O-03806,P-03,2,62000,124000
I-013277,O-03806,P-08,2,36000,72000
I-013278,O-03807,P-08,2,36000,72000
I-013279,O-03807,P-04,2,625000,1250000
I-013280,O-03807,P-06,2,341000,682000
I-013281,O-03807,P-10,3,28000,84000
I-013282,O-03808,P-08,1,36000,36000
I-013283,O-03808,P-02,3,210000,630000
I-013284,O-03808,P-01,2,45000,90000
I-013285,O-03808,P-07,3,280000,840000
I-013286,O-03808,P-09,3,47500,142500
I-013287,O-03809,P-01,3,45000,135000
I-013288,O-03809,P-10,1,28000,28000
I-013289,O-03809,P-05,1,520000,520000
I-013290,O-03809,P-04,3,625000,1875000
I-013291,O-03809,P-08,2,36000,72000
I-013292,O-03810,P-08,1,36000,36000
I-013293,O-03810,P-02,2,210000,420000
I-013294,O-03810,P-09,3,47500,142500
I-013295,O-03811,P-07,2,280000,560000
I-013296,O-03811,P-03,1,62000,62000
I-013297,O-03811,P-10,2,28000,56000
I-013298,O-03811,P-05,3,520000,1560000
I-013299,O-03812,P-06,2,341000,682000
I-013300,O-03812,P-02,1,210000,210000
I-013301,O-03812,P-01,3,45000,135000
I-013302,O-03813,P-03,2,62000,124000
I-013303,O-03813,P-02,1,210000,210000
I-013304,O-03813,P-06,2,341000,682000
I-013305,O-03813,P-09,3,47500,142500
I-013306,O-03814,P-06,1,341000,341000
I-013307,O-03814,P-04,2,625000,1250000
I-013308,O-03814,P-02,2,210000,420000
I-013309,O-03814,P-09,1,47500,47500
I-013310,O-03814,P-03,3,62000,186000
I-013311,O-03815,P-09,3,47500,142500
I-013312,O-03815,P-06,3,341000,1023000
I-013313,O-03815,P-07,2,280000,560000
I-013314,O-03816,P-09,2,47500,95000
I-013315,O-03816,P-10,1,28000,28000
I-013316,O-03816,P-04,3,625000,1875000
I-013317,O-03817,P-03,1,62000,62000
I-013318,O-03817,P-07,2,280000,560000
I-013319,O-03818,P-09,1,47500,47500
I-013320,O-03818,P-07,1,280000,280000
I-013321,O-03818,P-05,2,520000,1040000
I-013322,O-03818,P-01,2,45000,90000
I-013323,O-03819,P-07,2,280000,560000
I-013324,O-03819,P-09,2,47500,95000
I-013325,O-03820,P-02,2,210000,420000
I-013326,O-03820,P-03,1,62000,62000
I-013327,O-03820,P-10,1,28000,28000
I-013328,O-03820,P-09,3,47500,142500
I-013329,O-03821,P-03,2,62000,124000
I-013330,O-03821,P-10,2,28000,56000
I-013331,O-03821,P-04,1,625000,625000
I-013332,O-03821,P-06,1,341000,341000
I-013333,O-03821,P-07,3,280000,840000
I-013334,O-03822,P-04,3,625000,1875000
I-013335,O-03822,P-05,1,520000,520000
I-013336,O-03823,P-02,2,210000,420000
I-013337,O-03823,P-10,1,28000,28000
I-013338,O-03823,P-08,1,36000,36000
I-013339,O-03823,P-01,2,45000,90000
I-013340,O-03823,P-04,1,625000,625000
I-013341,O-03824,P-04,1,625000,625000
I-013342,O-03824,P-02,3,210000,630000
I-013343,O-03825,P-08,1,36000,36000
I-013344,O-03825,P-06,2,341000,682000
I-013345,O-03825,P-10,2,28000,56000
I-013346,O-03825,P-04,2,625000,1250000
I-013347,O-03826,P-05,2,520000,1040000
I-013348,O-03826,P-01,3,45000,135000
I-013349,O-03826,P-02,1,210000,210000
I-013350,O-03826,P-10,2,28000,56000
I-013351,O-03826,P-08,2,36000,72000
I-013352,O-03827,P-03,1,62000,62000
I-013353,O-03827,P-01,3,45000,135000
I-013354,O-03827,P-09,2,47500,95000
I-013355,O-03827,P-07,2,280000,560000
I-013356,O-03828,P-01,1,45000,45000
I-013357,O-03828,P-09,2,47500,95000
I-013358,O-03828,P-05,3,520000,1560000
I-013359,O-03829,P-10,1,28000,28000
I-013360,O-03829,P-03,1,62000,62000
I-013361,O-03829,P-08,2,36000,72000
I-013362,O-03829,P-02,3,210000,630000
I-013363,O-03830,P-05,1,520000,520000
I-013364,O-03830,P-02,1,210000,210000
I-013365,O-03830,P-04,3,625000,1875000
I-013366,O-03831,P-02,1,210000,210000
I-013367,O-03831,P-05,2,520000,1040000
I-013368,O-03831,P-08,2,36000,72000
I-013369,O-03831,P-09,1,47500,47500
I-013370,O-03831,P-04,1,625000,625000
I-013371,O-03832,P-07,1,280000,280000
I-013372,O-03832,P-10,2,28000,56000
I-013373,O-03832,P-04,1,625000,625000
I-013374,O-03833,P-05,1,520000,520000
I-013375,O-03833,P-08,2,36000,72000
I-013376,O-03833,P-10,2,28000,56000
I-013377,O-03833,P-06,3,341000,1023000
I-013378,O-03833,P-04,1,625000,625000
I-013379,O-03834,P-10,3,28000,84000
I-013380,O-03834,P-02,2,210000,420000
I-013381,O-03835,P-08,1,36000,36000
I-013382,O-03835,P-10,1,28000,28000
I-013383,O-03836,P-05,3,520000,1560000
I-013384,O-03836,P-03,3,62000,186000
I-013385,O-03836,P-08,3,36000,108000
I-013386,O-03836,P-02,2,210000,420000
I-013387,O-03837,P-07,1,280000,280000
I-013388,O-03837,P-03,2,62000,124000
I-013389,O-03837,P-09,1,47500,47500
I-013390,O-03837,P-04,1,625000,625000
I-013391,O-03837,P-06,2,341000,682000
I-013392,O-03838,P-08,3,36000,108000
I-013393,O-03838,P-02,3,210000,630000
I-013394,O-03838,P-07,2,280000,560000
I-013395,O-03838,P-04,2,625000,1250000
I-013396,O-03839,P-01,3,45000,135000
I-013397,O-03839,P-02,1,210000,210000
I-013398,O-03839,P-07,1,280000,280000
I-013399,O-03839,P-03,2,62000,124000
I-013400,O-03839,P-04,2,625000,1250000
I-013401,O-03840,P-01,2,45000,90000
I-013402,O-03840,P-02,1,210000,210000
I-013403,O-03840,P-09,3,47500,142500
I-013404,O-03840,P-08,2,36000,72000
I-013405,O-03840,P-06,2,341000,682000
I-013406,O-03841,P-09,1,47500,47500
I-013407,O-03841,P-05,2,520000,1040000
I-013408,O-03842,P-03,1,62000,62000
I-013409,O-03842,P-10,3,28000,84000
I-013410,O-03842,P-08,3,36000,108000
I-013411,O-03842,P-01,3,45000,135000
I-013412,O-03843,P-05,2,520000,1040000
I-013413,O-03843,P-02,2,210000,420000
I-013414,O-03843,P-09,3,47500,142500
I-013415,O-03843,P-08,3,36000,108000
I-013416,O-03844,P-09,3,47500,142500
I-013417,O-03844,P-10,2,28000,56000
I-013418,O-03845,P-07,3,280000,840000
I-013419,O-03845,P-01,3,45000,135000
I-013420,O-03845,P-10,2,28000,56000
I-013421,O-03846,P-07,3,280000,840000
I-013422,O-03846,P-10,1,28000,28000
I-013423,O-03846,P-09,3,47500,142500
I-013424,O-03846,P-01,3,45000,135000
I-013425,O-03847,P-06,3,341000,1023000
I-013426,O-03847,P-05,2,520000,1040000
I-013427,O-03848,P-05,3,520000,1560000
I-013428,O-03848,P-08,1,36000,36000
I-013429,O-03848,P-10,3,28000,84000
I-013430,O-03848,P-01,1,45000,45000
I-013431,O-03848,P-09,3,47500,142500
I-013432,O-03849,P-05,1,520000,520000
I-013433,O-03849,P-02,2,210000,420000
I-013434,O-03849,P-03,2,62000,124000
I-013435,O-03849,P-06,3,341000,1023000
I-013436,O-03849,P-07,3,280000,840000
I-013437,O-03850,P-10,3,28000,84000
I-013438,O-03850,P-03,2,62000,124000
I-013439,O-03850,P-08,3,36000,108000
I-013440,O-03851,P-01,1,45000,45000
I-013441,O-03851,P-08,2,36000,72000
I-013442,O-03851,P-09,1,47500,47500
I-013443,O-03851,P-04,3,625000,1875000
I-013444,O-03851,P-07,1,280000,280000
I-013445,O-03852,P-03,2,62000,124000
I-013446,O-03852,P-08,2,36000,72000
I-013447,O-03852,P-02,2,210000,420000
I-013448,O-03852,P-01,1,45000,45000
I-013449,O-03853,P-04,1,625000,625000
I-013450,O-03853,P-07,1,280000,280000
I-013451,O-03853,P-06,1,341000,341000
I-013452,O-03853,P-10,1,28000,28000
I-013453,O-03853,P-08,3,36000,108000
I-013454,O-03854,P-02,2,210000,420000
I-013455,O-03854,P-08,2,36000,72000
I-013456,O-03854,P-09,1,47500,47500
I-013457,O-03855,P-03,1,62000,62000
I-013458,O-03855,P-08,1,36000,36000
I-013459,O-03856,P-03,1,62000,62000
I-013460,O-03856,P-05,1,520000,520000
I-013461,O-03856,P-07,3,280000,840000
I-013462,O-03857,P-10,3,28000,84000
I-013463,O-03857,P-02,2,210000,420000
I-013464,O-03857,P-06,1,341000,341000
I-013465,O-03858,P-06,2,341000,682000
I-013466,O-03858,P-05,3,520000,1560000
I-013467,O-03859,P-02,2,210000,420000
I-013468,O-03859,P-03,2,62000,124000
I-013469,O-03859,P-05,1,520000,520000
I-013470,O-03859,P-08,2,36000,72000
I-013471,O-03859,P-06,2,341000,682000
I-013472,O-03860,P-01,3,45000,135000
I-013473,O-03860,P-04,2,625000,1250000
I-013474,O-03860,P-07,2,280000,560000
I-013475,O-03860,P-03,1,62000,62000
I-013476,O-03861,P-09,3,47500,142500
I-013477,O-03861,P-04,1,625000,625000
I-013478,O-03861,P-10,2,28000,56000
I-013479,O-03861,P-06,1,341000,341000
I-013480,O-03862,P-01,2,45000,90000
I-013481,O-03862,P-08,2,36000,72000
I-013482,O-03862,P-02,3,210000,630000
I-013483,O-03863,P-03,3,62000,186000
I-013484,O-03863,P-08,1,36000,36000
I-013485,O-03863,P-02,3,210000,630000
I-013486,O-03864,P-08,1,36000,36000
I-013487,O-03864,P-09,1,47500,47500
I-013488,O-03865,P-07,3,280000,840000
I-013489,O-03865,P-06,2,341000,682000
I-013490,O-03866,P-07,1,280000,280000
I-013491,O-03866,P-03,1,62000,62000
I-013492,O-03867,P-03,3,62000,186000
I-013493,O-03867,P-01,3,45000,135000
I-013494,O-03867,P-09,2,47500,95000
I-013495,O-03867,P-10,2,28000,56000
I-013496,O-03868,P-05,2,520000,1040000
I-013497,O-03868,P-06,2,341000,682000
I-013498,O-03868,P-09,2,47500,95000
I-013499,O-03868,P-03,2,62000,124000
I-013500,O-03868,P-04,1,625000,625000
I-013501,O-03869,P-02,2,210000,420000
I-013502,O-03869,P-07,3,280000,840000
I-013503,O-03869,P-01,3,45000,135000
I-013504,O-03869,P-08,2,36000,72000
I-013505,O-03869,P-04,1,625000,625000
I-013506,O-03870,P-07,1,280000,280000
I-013507,O-03870,P-04,3,625000,1875000
I-013508,O-03870,P-10,3,28000,84000
I-013509,O-03870,P-06,1,341000,341000
I-013510,O-03870,P-01,3,45000,135000
I-013511,O-03871,P-03,3,62000,186000
I-013512,O-03871,P-02,1,210000,210000
I-013513,O-03871,P-01,3,45000,135000
I-013514,O-03872,P-03,2,62000,124000
I-013515,O-03872,P-06,3,341000,1023000
I-013516,O-03873,P-08,3,36000,108000
I-013517,O-03873,P-01,2,45000,90000
I-013518,O-03874,P-05,2,520000,1040000
I-013519,O-03874,P-09,1,47500,47500
I-013520,O-03874,P-03,2,62000,124000
I-013521,O-03874,P-08,1,36000,36000
I-013522,O-03874,P-06,2,341000,682000
I-013523,O-03875,P-10,1,28000,28000
I-013524,O-03875,P-05,2,520000,1040000
I-013525,O-03875,P-03,3,62000,186000
I-013526,O-03875,P-02,2,210000,420000
I-013527,O-03876,P-08,3,36000,108000
I-013528,O-03876,P-05,3,520000,1560000
I-013529,O-03876,P-04,2,625000,1250000
I-013530,O-03876,P-02,3,210000,630000
I-013531,O-03876,P-03,3,62000,186000
I-013532,O-03877,P-01,2,45000,90000
I-013533,O-03877,P-04,2,625000,1250000
I-013534,O-03877,P-07,2,280000,560000
I-013535,O-03877,P-08,3,36000,108000
I-013536,O-03877,P-10,2,28000,56000
I-013537,O-03878,P-07,3,280000,840000
I-013538,O-03878,P-03,2,62000,124000
I-013539,O-03879,P-04,1,625000,625000
I-013540,O-03879,P-05,1,520000,520000
I-013541,O-03879,P-10,2,28000,56000
I-013542,O-03880,P-05,2,520000,1040000
I-013543,O-03880,P-09,2,47500,95000
I-013544,O-03881,P-05,2,520000,1040000
I-013545,O-03881,P-08,2,36000,72000
I-013546,O-03881,P-04,3,625000,1875000
I-013547,O-03881,P-02,1,210000,210000
I-013548,O-03882,P-03,2,62000,124000
I-013549,O-03882,P-10,1,28000,28000
I-013550,O-03882,P-06,2,341000,682000
I-013551,O-03882,P-09,1,47500,47500
I-013552,O-03883,P-04,3,625000,1875000
I-013553,O-03883,P-09,1,47500,47500
I-013554,O-03883,P-02,2,210000,420000
I-013555,O-03884,P-05,1,520000,520000
I-013556,O-03884,P-06,3,341000,1023000
I-013557,O-03884,P-10,1,28000,28000
I-013558,O-03884,P-07,2,280000,560000
I-013559,O-03884,P-04,2,625000,1250000
I-013560,O-03885,P-01,2,45000,90000
I-013561,O-03885,P-03,2,62000,124000
I-013562,O-03885,P-09,2,47500,95000
I-013563,O-03885,P-08,3,36000,108000
I-013564,O-03886,P-04,2,625000,1250000
I-013565,O-03886,P-03,3,62000,186000
I-013566,O-03887,P-02,1,210000,210000
I-013567,O-03887,P-09,2,47500,95000
I-013568,O-03888,P-06,3,341000,1023000
I-013569,O-03888,P-03,2,62000,124000
I-013570,O-03888,P-10,2,28000,56000
I-013571,O-03888,P-08,3,36000,108000
I-013572,O-03888,P-04,2,625000,1250000
I-013573,O-03889,P-01,3,45000,135000
I-013574,O-03889,P-10,2,28000,56000
I-013575,O-03889,P-03,1,62000,62000
I-013576,O-03889,P-06,1,341000,341000
I-013577,O-03890,P-04,2,625000,1250000
I-013578,O-03890,P-08,3,36000,108000
I-013579,O-03891,P-09,1,47500,47500
I-013580,O-03891,P-07,2,280000,560000
I-013581,O-03892,P-01,3,45000,135000
I-013582,O-03892,P-06,2,341000,682000
I-013583,O-03893,P-02,3,210000,630000
I-013584,O-03893,P-01,2,45000,90000
I-013585,O-03894,P-05,1,520000,520000
I-013586,O-03894,P-04,1,625000,625000
I-013587,O-03894,P-07,2,280000,560000
I-013588,O-03895,P-07,1,280000,280000
I-013589,O-03895,P-01,2,45000,90000
I-013590,O-03896,P-07,1,280000,280000
I-013591,O-03896,P-04,2,625000,1250000
I-013592,O-03896,P-02,1,210000,210000
I-013593,O-03896,P-06,1,341000,341000
I-013594,O-03897,P-04,2,625000,1250000
I-013595,O-03897,P-07,2,280000,560000
I-013596,O-03897,P-03,3,62000,186000
I-013597,O-03897,P-01,2,45000,90000
I-013598,O-03898,P-10,2,28000,56000
I-013599,O-03898,P-01,2,45000,90000
I-013600,O-03899,P-05,1,520000,520000
I-013601,O-03899,P-08,3,36000,108000
I-013602,O-03900,P-07,2,280000,560000
I-013603,O-03900,P-10,3,28000,84000
I-013604,O-03901,P-03,3,62000,186000
I-013605,O-03901,P-01,1,45000,45000
I-013606,O-03901,P-07,1,280000,280000
I-013607,O-03901,P-10,1,28000,28000
I-013608,O-03901,P-08,3,36000,108000
I-013609,O-03902,P-10,1,28000,28000
I-013610,O-03902,P-02,1,210000,210000
I-013611,O-03902,P-01,1,45000,45000
I-013612,O-03902,P-04,1,625000,625000
I-013613,O-03902,P-08,2,36000,72000
I-013614,O-03903,P-05,3,520000,1560000
I-013615,O-03903,P-09,2,47500,95000
I-013616,O-03904,P-04,1,625000,625000
I-013617,O-03904,P-03,3,62000,186000
I-013618,O-03905,P-09,3,47500,142500
I-013619,O-03905,P-08,3,36000,108000
I-013620,O-03905,P-07,2,280000,560000
I-013621,O-03906,P-01,2,45000,90000
I-013622,O-03906,P-06,1,341000,341000
I-013623,O-03906,P-08,1,36000,36000
I-013624,O-03907,P-09,2,47500,95000
I-013625,O-03907,P-07,2,280000,560000
I-013626,O-03907,P-06,2,341000,682000
I-013627,O-03908,P-07,3,280000,840000
I-013628,O-03908,P-02,1,210000,210000
I-013629,O-03909,P-01,3,45000,135000
I-013630,O-03909,P-05,3,520000,1560000
I-013631,O-03909,P-02,3,210000,630000
I-013632,O-03909,P-04,1,625000,625000
I-013633,O-03909,P-08,3,36000,108000
I-013634,O-03910,P-02,2,210000,420000
I-013635,O-03910,P-06,2,341000,682000
I-013636,O-03910,P-07,1,280000,280000
I-013637,O-03911,P-06,2,341000,682000
I-013638,O-03911,P-05,2,520000,1040000
I-013639,O-03911,P-08,2,36000,72000
I-013640,O-03911,P-07,3,280000,840000
I-013641,O-03911,P-10,2,28000,56000
I-013642,O-03912,P-07,1,280000,280000
I-013643,O-03912,P-06,1,341000,341000
I-013644,O-03912,P-01,1,45000,45000
I-013645,O-03912,P-03,2,62000,124000
I-013646,O-03913,P-10,3,28000,84000
I-013647,O-03913,P-08,3,36000,108000
I-013648,O-03913,P-07,3,280000,840000
I-013649,O-03913,P-06,2,341000,682000
I-013650,O-03913,P-01,3,45000,135000
I-013651,O-03914,P-09,1,47500,47500
I-013652,O-03914,P-01,1,45000,45000
I-013653,O-03914,P-04,2,625000,1250000
I-013654,O-03914,P-02,3,210000,630000
I-013655,O-03915,P-08,1,36000,36000
I-013656,O-03915,P-06,3,341000,1023000
I-013657,O-03915,P-03,3,62000,186000
I-013658,O-03916,P-06,3,341000,1023000
I-013659,O-03916,P-08,3,36000,108000
I-013660,O-03916,P-05,3,520000,1560000
I-013661,O-03917,P-06,1,341000,341000
I-013662,O-03917,P-02,2,210000,420000
I-013663,O-03917,P-08,3,36000,108000
I-013664,O-03917,P-01,3,45000,135000
I-013665,O-03918,P-06,3,341000,1023000
I-013666,O-03918,P-09,3,47500,142500
I-013667,O-03918,P-07,1,280000,280000
I-013668,O-03918,P-01,1,45000,45000
I-013669,O-03919,P-01,3,45000,135000
I-013670,O-03919,P-05,3,520000,1560000
I-013671,O-03920,P-06,3,341000,1023000
I-013672,O-03920,P-01,3,45000,135000
I-013673,O-03920,P-10,3,28000,84000
I-013674,O-03921,P-09,3,47500,142500
I-013675,O-03921,P-04,2,625000,1250000
I-013676,O-03921,P-08,1,36000,36000
I-013677,O-03922,P-01,1,45000,45000
I-013678,O-03922,P-04,1,625000,625000
I-013679,O-03922,P-02,1,210000,210000
I-013680,O-03922,P-09,1,47500,47500
I-013681,O-03923,P-08,2,36000,72000
I-013682,O-03923,P-04,2,625000,1250000
I-013683,O-03924,P-05,3,520000,1560000
I-013684,O-03924,P-10,2,28000,56000
I-013685,O-03924,P-08,3,36000,108000
I-013686,O-03924,P-01,3,45000,135000
I-013687,O-03925,P-10,1,28000,28000
I-013688,O-03925,P-02,1,210000,210000
I-013689,O-03925,P-06,2,341000,682000
I-013690,O-03925,P-03,1,62000,62000
I-013691,O-03925,P-01,2,45000,90000
I-013692,O-03926,P-01,2,45000,90000
I-013693,O-03926,P-02,2,210000,420000
I-013694,O-03927,P-10,1,28000,28000
I-013695,O-03927,P-01,2,45000,90000
I-013696,O-03927,P-07,3,280000,840000
I-013697,O-03927,P-02,3,210000,630000
I-013698,O-03927,P-05,2,520000,1040000
I-013699,O-03928,P-08,1,36000,36000
I-013700,O-03928,P-03,3,62000,186000
I-013701,O-03928,P-10,3,28000,84000
I-013702,O-03929,P-08,3,36000,108000
I-013703,O-03929,P-06,1,341000,341000
I-013704,O-03929,P-07,3,280000,840000
I-013705,O-03929,P-05,1,520000,520000
I-013706,O-03929,P-01,2,45000,90000
I-013707,O-03930,P-03,3,62000,186000
I-013708,O-03930,P-02,2,210000,420000
I-013709,O-03930,P-01,3,45000,135000
I-013710,O-03931,P-03,1,62000,62000
I-013711,O-03931,P-10,1,28000,28000
I-013712,O-03931,P-05,3,520000,1560000
I-013713,O-03932,P-03,1,62000,62000
I-013714,O-03932,P-07,2,280000,560000
I-013715,O-03933,P-03,2,62000,124000
I-013716,O-03933,P-07,3,280000,840000
I-013717,O-03933,P-09,1,47500,47500
I-013718,O-03933,P-08,3,36000,108000
I-013719,O-03933,P-10,1,28000,28000
I-013720,O-03934,P-06,1,341000,341000
I-013721,O-03934,P-08,2,36000,72000
I-013722,O-03934,P-05,2,520000,1040000
I-013723,O-03934,P-07,1,280000,280000
I-013724,O-03934,P-09,2,47500,95000
I-013725,O-03935,P-08,3,36000,108000
I-013726,O-03935,P-10,3,28000,84000
I-013727,O-03936,P-01,1,45000,45000
I-013728,O-03936,P-10,3,28000,84000
I-013729,O-03936,P-09,1,47500,47500
I-013730,O-03937,P-09,3,47500,142500
I-013731,O-03937,P-03,2,62000,124000
I-013732,O-03937,P-05,2,520000,1040000
I-013733,O-03937,P-08,2,36000,72000
I-013734,O-03938,P-08,3,36000,108000
I-013735,O-03938,P-09,2,47500,95000
I-013736,O-03938,P-03,3,62000,186000
I-013737,O-03939,P-10,3,28000,84000
I-013738,O-03939,P-03,2,62000,124000
I-013739,O-03939,P-09,2,47500,95000
I-013740,O-03939,P-05,2,520000,1040000
I-013741,O-03939,P-02,1,210000,210000
I-013742,O-03940,P-08,2,36000,72000
I-013743,O-03940,P-04,3,625000,1875000
I-013744,O-03940,P-05,3,520000,1560000
I-013745,O-03941,P-08,3,36000,108000
I-013746,O-03941,P-10,3,28000,84000
I-013747,O-03941,P-02,3,210000,630000
I-013748,O-03941,P-04,1,625000,625000
I-013749,O-03942,P-09,3,47500,142500
I-013750,O-03942,P-05,2,520000,1040000
I-013751,O-03943,P-08,2,36000,72000
I-013752,O-03943,P-01,1,45000,45000
I-013753,O-03943,P-10,1,28000,28000
I-013754,O-03943,P-03,2,62000,124000
I-013755,O-03943,P-04,2,625000,1250000
I-013756,O-03944,P-10,2,28000,56000
I-013757,O-03944,P-01,2,45000,90000
I-013758,O-03945,P-04,1,625000,625000
I-013759,O-03945,P-10,1,28000,28000
I-013760,O-03945,P-05,2,520000,1040000
I-013761,O-03945,P-03,2,62000,124000
I-013762,O-03946,P-07,2,280000,560000
I-013763,O-03946,P-04,3,625000,1875000
I-013764,O-03946,P-01,3,45000,135000
I-013765,O-03946,P-09,3,47500,142500
I-013766,O-03947,P-02,2,210000,420000
I-013767,O-03947,P-03,3,62000,186000
I-013768,O-03947,P-08,3,36000,108000
I-013769,O-03947,P-04,1,625000,625000
I-013770,O-03947,P-07,2,280000,560000
I-013771,O-03948,P-06,3,341000,1023000
I-013772,O-03948,P-02,1,210000,210000
I-013773,O-03949,P-08,3,36000,108000
I-013774,O-03949,P-04,2,625000,1250000
I-013775,O-03949,P-06,3,341000,1023000
I-013776,O-03949,P-02,3,210000,630000
I-013777,O-03949,P-03,2,62000,124000
I-013778,O-03950,P-05,3,520000,1560000
I-013779,O-03950,P-04,2,625000,1250000
I-013780,O-03950,P-09,2,47500,95000
I-013781,O-03950,P-03,3,62000,186000
I-013782,O-03951,P-02,3,210000,630000
I-013783,O-03951,P-04,2,625000,1250000
I-013784,O-03951,P-05,2,520000,1040000
I-013785,O-03951,P-03,3,62000,186000
I-013786,O-03952,P-05,2,520000,1040000
I-013787,O-03952,P-06,2,341000,682000
I-013788,O-03952,P-04,3,625000,1875000
I-013789,O-03952,P-02,3,210000,630000
I-013790,O-03953,P-07,3,280000,840000
I-013791,O-03953,P-03,1,62000,62000
I-013792,O-03954,P-06,1,341000,341000
I-013793,O-03954,P-10,3,28000,84000
I-013794,O-03954,P-02,1,210000,210000
I-013795,O-03954,P-09,3,47500,142500
I-013796,O-03955,P-04,3,625000,1875000
I-013797,O-03955,P-01,1,45000,45000
I-013798,O-03955,P-06,2,341000,682000
I-013799,O-03955,P-05,2,520000,1040000
I-013800,O-03956,P-02,3,210000,630000
I-013801,O-03956,P-09,1,47500,47500
I-013802,O-03956,P-07,3,280000,840000
I-013803,O-03956,P-10,1,28000,28000
I-013804,O-03957,P-01,3,45000,135000
I-013805,O-03957,P-06,3,341000,1023000
I-013806,O-03958,P-04,3,625000,1875000
I-013807,O-03958,P-07,3,280000,840000
I-013808,O-03958,P-03,3,62000,186000
I-013809,O-03958,P-10,2,28000,56000
I-013810,O-03959,P-02,2,210000,420000
I-013811,O-03959,P-04,2,625000,1250000
I-013812,O-03959,P-08,3,36000,108000
I-013813,O-03960,P-05,2,520000,1040000
I-013814,O-03960,P-04,1,625000,625000
I-013815,O-03961,P-09,3,47500,142500
I-013816,O-03961,P-07,2,280000,560000
I-013817,O-03961,P-04,3,625000,1875000
I-013818,O-03962,P-05,1,520000,520000
I-013819,O-03962,P-10,2,28000,56000
I-013820,O-03962,P-03,3,62000,186000
I-013821,O-03962,P-06,2,341000,682000
I-013822,O-03963,P-08,3,36000,108000
I-013823,O-03963,P-05,1,520000,520000
I-013824,O-03963,P-10,3,28000,84000
I-013825,O-03963,P-06,2,341000,682000
I-013826,O-03964,P-02,3,210000,630000
I-013827,O-03964,P-01,3,45000,135000
I-013828,O-03965,P-08,2,36000,72000
I-013829,O-03965,P-07,1,280000,280000
I-013830,O-03965,P-01,3,45000,135000
I-013831,O-03965,P-10,2,28000,56000
I-013832,O-03966,P-10,1,28000,28000
I-013833,O-03966,P-03,1,62000,62000
I-013834,O-03966,P-07,2,280000,560000
I-013835,O-03966,P-01,3,45000,135000
I-013836,O-03967,P-01,3,45000,135000
I-013837,O-03967,P-08,1,36000,36000
I-013838,O-03967,P-07,1,280000,280000
I-013839,O-03967,P-09,3,47500,142500
I-013840,O-03967,P-02,2,210000,420000
I-013841,O-03968,P-07,3,280000,840000
I-013842,O-03968,P-08,1,36000,36000
I-013843,O-03968,P-01,1,45000,45000
I-013844,O-03968,P-10,1,28000,28000
I-013845,O-03969,P-04,1,625000,625000
I-013846,O-03969,P-09,3,47500,142500
I-013847,O-03969,P-08,3,36000,108000
I-013848,O-03970,P-10,2,28000,56000
I-013849,O-03970,P-01,3,45000,135000
I-013850,O-03971,P-01,1,45000,45000
I-013851,O-03971,P-06,2,341000,682000
I-013852,O-03971,P-08,1,36000,36000
I-013853,O-03972,P-02,1,210000,210000
I-013854,O-03972,P-06,3,341000,1023000
I-013855,O-03973,P-06,2,341000,682000
I-013856,O-03973,P-03,1,62000,62000
I-013857,O-03974,P-09,1,47500,47500
I-013858,O-03974,P-08,2,36000,72000
I-013859,O-03974,P-03,1,62000,62000
I-013860,O-03974,P-04,1,625000,625000
I-013861,O-03974,P-05,1,520000,520000
I-013862,O-03975,P-09,1,47500,47500
I-013863,O-03975,P-02,1,210000,210000
I-013864,O-03975,P-01,1,45000,45000
I-013865,O-03975,P-08,3,36000,108000
I-013866,O-03975,P-04,3,625000,1875000
I-013867,O-03976,P-01,3,45000,135000
I-013868,O-03976,P-05,3,520000,1560000
I-013869,O-03976,P-03,2,62000,124000
I-013870,O-03977,P-08,2,36000,72000
I-013871,O-03977,P-02,3,210000,630000
I-013872,O-03978,P-06,1,341000,341000
I-013873,O-03978,P-10,2,28000,56000
I-013874,O-03978,P-09,2,47500,95000
I-013875,O-03979,P-03,3,62000,186000
I-013876,O-03979,P-07,1,280000,280000
I-013877,O-03979,P-01,3,45000,135000
I-013878,O-03980,P-10,3,28000,84000
I-013879,O-03980,P-07,3,280000,840000
I-013880,O-03980,P-03,1,62000,62000
I-013881,O-03980,P-08,2,36000,72000
I-013882,O-03980,P-04,2,625000,1250000
I-013883,O-03981,P-05,2,520000,1040000
I-013884,O-03981,P-09,1,47500,47500
I-013885,O-03981,P-08,3,36000,108000
I-013886,O-03982,P-09,2,47500,95000
I-013887,O-03982,P-01,2,45000,90000
I-013888,O-03982,P-06,2,341000,682000
I-013889,O-03983,P-09,2,47500,95000
I-013890,O-03983,P-02,3,210000,630000
I-013891,O-03984,P-01,3,45000,135000
I-013892,O-03984,P-02,3,210000,630000
I-013893,O-03984,P-10,1,28000,28000
I-013894,O-03984,P-06,1,341000,341000
I-013895,O-03985,P-06,1,341000,341000
I-013896,O-03985,P-01,2,45000,90000
I-013897,O-03985,P-09,2,47500,95000
I-013898,O-03985,P-10,1,28000,28000
I-013899,O-03985,P-03,3,62000,186000
I-013900,O-03986,P-01,3,45000,135000
I-013901,O-03986,P-10,2,28000,56000
I-013902,O-03987,P-05,2,520000,1040000
I-013903,O-03987,P-09,1,47500,47500
I-013904,O-03987,P-01,2,45000,90000
I-013905,O-03987,P-10,2,28000,56000
I-013906,O-03987,P-02,3,210000,630000
I-013907,O-03988,P-01,1,45000,45000
I-013908,O-03988,P-03,2,62000,124000
I-013909,O-03988,P-07,3,280000,840000
I-013910,O-03988,P-05,2,520000,1040000
I-013911,O-03988,P-10,2,28000,56000
I-013912,O-03989,P-02,3,210000,630000
I-013913,O-03989,P-07,3,280000,840000
I-013914,O-03989,P-04,1,625000,625000
I-013915,O-03989,P-05,1,520000,520000
I-013916,O-03990,P-07,2,280000,560000
I-013917,O-03990,P-06,1,341000,341000
I-013918,O-03990,P-02,3,210000,630000
I-013919,O-03990,P-01,3,45000,135000
I-013920,O-03990,P-09,1,47500,47500
I-013921,O-03991,P-10,3,28000,84000
I-013922,O-03991,P-03,3,62000,186000
I-013923,O-03991,P-02,3,210000,630000
I-013924,O-03992,P-10,1,28000,28000
I-013925,O-03992,P-02,1,210000,210000
I-013926,O-03992,P-08,1,36000,36000
I-013927,O-03992,P-06,1,341000,341000
I-013928,O-03993,P-01,2,45000,90000
I-013929,O-03993,P-08,2,36000,72000
I-013930,O-03993,P-03,1,62000,62000
I-013931,O-03994,P-05,3,520000,1560000
I-013932,O-03994,P-09,1,47500,47500
I-013933,O-03995,P-04,3,625000,1875000
I-013934,O-03995,P-06,3,341000,1023000
I-013935,O-03995,P-08,3,36000,108000
I-013936,O-03995,P-02,3,210000,630000
I-013937,O-03996,P-06,1,341000,341000
I-013938,O-03996,P-07,2,280000,560000
I-013939,O-03996,P-05,2,520000,1040000
I-013940,O-03997,P-06,1,341000,341000
I-013941,O-03997,P-03,1,62000,62000
I-013942,O-03997,P-02,3,210000,630000
I-013943,O-03998,P-02,1,210000,210000
I-013944,O-03998,P-09,1,47500,47500
I-013945,O-03999,P-04,1,625000,625000
I-013946,O-03999,P-02,1,210000,210000
I-013947,O-03999,P-06,1,341000,341000
I-013948,O-03999,P-07,1,280000,280000
I-013949,O-04000,P-02,1,210000,210000
I-013950,O-04000,P-03,3,62000,186000
I-013951,O-04000,P-05,1,520000,520000
I-013952,O-04000,P-01,2,45000,90000
I-013953,O-04000,P-06,2,341000,682000
I-013954,O-04001,P-08,3,36000,108000
I-013955,O-04001,P-06,2,341000,682000
I-013956,O-04001,P-03,3,62000,186000
I-013957,O-04002,P-05,2,520000,1040000
I-013958,O-04002,P-10,1,28000,28000
I-013959,O-04003,P-06,3,341000,1023000
I-013960,O-04003,P-02,2,210000,420000
I-013961,O-04003,P-04,1,625000,625000
I-013962,O-04003,P-07,3,280000,840000
I-013963,O-04004,P-10,1,28000,28000
I-013964,O-04004,P-06,3,341000,1023000
I-013965,O-04004,P-08,2,36000,72000
I-013966,O-04004,P-07,2,280000,560000
I-013967,O-04004,P-01,1,45000,45000
I-013968,O-04005,P-05,3,520000,1560000
I-013969,O-04005,P-04,1,625000,625000
I-013970,O-04005,P-08,1,36000,36000
I-013971,O-04005,P-03,3,62000,186000
I-013972,O-04006,P-08,2,36000,72000
I-013973,O-04006,P-09,3,47500,142500
I-013974,O-04006,P-02,1,210000,210000
I-013975,O-04006,P-10,3,28000,84000
I-013976,O-04007,P-05,3,520000,1560000
I-013977,O-04007,P-08,2,36000,72000
I-013978,O-04007,P-02,1,210000,210000
I-013979,O-04008,P-09,1,47500,47500
I-013980,O-04008,P-04,1,625000,625000
I-013981,O-04008,P-03,1,62000,62000
I-013982,O-04008,P-10,3,28000,84000
I-013983,O-04009,P-02,3,210000,630000
I-013984,O-04009,P-04,1,625000,625000
I-013985,O-04010,P-03,2,62000,124000
I-013986,O-04010,P-06,1,341000,341000
I-013987,O-04010,P-07,3,280000,840000
I-013988,O-04010,P-10,2,28000,56000
I-013989,O-04011,P-10,3,28000,84000
I-013990,O-04011,P-02,3,210000,630000
I-013991,O-04011,P-08,2,36000,72000
I-013992,O-04011,P-01,3,45000,135000
I-013993,O-04012,P-08,3,36000,108000
I-013994,O-04012,P-06,2,341000,682000
I-013995,O-04013,P-01,2,45000,90000
I-013996,O-04013,P-10,3,28000,84000
I-013997,O-04013,P-02,3,210000,630000
I-013998,O-04013,P-08,3,36000,108000
I-013999,O-04013,P-05,2,520000,1040000
I-014000,O-04014,P-05,3,520000,1560000
I-014001,O-04014,P-08,2,36000,72000
I-014002,O-04014,P-06,3,341000,1023000
I-014003,O-04015,P-03,2,62000,124000
I-014004,O-04015,P-10,1,28000,28000
I-014005,O-04015,P-06,3,341000,1023000
I-014006,O-04016,P-04,1,625000,625000
I-014007,O-04016,P-09,3,47500,142500
I-014008,O-04017,P-09,3,47500,142500
I-014009,O-04017,P-08,3,36000,108000
I-014010,O-04017,P-02,1,210000,210000
I-014011,O-04017,P-07,3,280000,840000
I-014012,O-04017,P-10,3,28000,84000
I-014013,O-04018,P-04,3,625000,1875000
I-014014,O-04018,P-10,1,28000,28000
I-014015,O-04019,P-08,3,36000,108000
I-014016,O-04019,P-03,2,62000,124000
I-014017,O-04020,P-06,2,341000,682000
I-014018,O-04020,P-09,1,47500,47500
I-014019,O-04020,P-10,1,28000,28000
I-014020,O-04020,P-05,2,520000,1040000
I-014021,O-04021,P-01,1,45000,45000
I-014022,O-04021,P-07,3,280000,840000
I-014023,O-04022,P-06,1,341000,341000
I-014024,O-04022,P-08,2,36000,72000
I-014025,O-04022,P-05,2,520000,1040000
I-014026,O-04023,P-08,3,36000,108000
I-014027,O-04023,P-07,2,280000,560000
I-014028,O-04024,P-01,1,45000,45000
I-014029,O-04024,P-09,3,47500,142500
I-014030,O-04024,P-06,2,341000,682000
I-014031,O-04025,P-01,2,45000,90000
I-014032,O-04025,P-10,1,28000,28000
I-014033,O-04025,P-02,1,210000,210000
I-014034,O-04026,P-07,1,280000,280000
I-014035,O-04026,P-03,3,62000,186000
I-014036,O-04027,P-04,2,625000,1250000
I-014037,O-04027,P-05,2,520000,1040000
I-014038,O-04027,P-01,3,45000,135000
I-014039,O-04027,P-06,1,341000,341000
I-014040,O-04027,P-10,1,28000,28000
I-014041,O-04028,P-07,1,280000,280000
I-014042,O-04028,P-03,3,62000,186000
I-014043,O-04029,P-06,3,341000,1023000
I-014044,O-04029,P-02,2,210000,420000
I-014045,O-04029,P-01,1,45000,45000
I-014046,O-04030,P-09,1,47500,47500
I-014047,O-04030,P-04,1,625000,625000
I-014048,O-04031,P-03,3,62000,186000
I-014049,O-04031,P-01,2,45000,90000
I-014050,O-04031,P-10,3,28000,84000
I-014051,O-04032,P-06,2,341000,682000
I-014052,O-04032,P-04,2,625000,1250000
I-014053,O-04033,P-01,2,45000,90000
I-014054,O-04033,P-06,1,341000,341000
I-014055,O-04034,P-10,3,28000,84000
I-014056,O-04034,P-07,3,280000,840000
I-014057,O-04034,P-01,2,45000,90000
I-014058,O-04034,P-02,3,210000,630000
I-014059,O-04035,P-03,2,62000,124000
I-014060,O-04035,P-08,1,36000,36000
I-014061,O-04035,P-01,1,45000,45000
I-014062,O-04036,P-10,1,28000,28000
I-014063,O-04036,P-01,1,45000,45000
I-014064,O-04036,P-03,2,62000,124000
I-014065,O-04036,P-06,1,341000,341000
I-014066,O-04037,P-08,3,36000,108000
I-014067,O-04037,P-03,2,62000,124000
I-014068,O-04037,P-01,3,45000,135000
I-014069,O-04037,P-04,1,625000,625000
I-014070,O-04038,P-06,1,341000,341000
I-014071,O-04038,P-10,3,28000,84000
I-014072,O-04038,P-01,1,45000,45000
I-014073,O-04038,P-03,3,62000,186000
I-014074,O-04038,P-07,3,280000,840000
I-014075,O-04039,P-03,2,62000,124000
I-014076,O-04039,P-02,3,210000,630000
I-014077,O-04039,P-09,3,47500,142500
I-014078,O-04040,P-07,1,280000,280000
I-014079,O-04040,P-01,1,45000,45000
I-014080,O-04040,P-05,3,520000,1560000
I-014081,O-04040,P-04,1,625000,625000
I-014082,O-04040,P-02,1,210000,210000
I-014083,O-04041,P-08,3,36000,108000
I-014084,O-04041,P-06,2,341000,682000
I-014085,O-04042,P-09,3,47500,142500
I-014086,O-04042,P-03,1,62000,62000
I-014087,O-04043,P-03,2,62000,124000
I-014088,O-04043,P-09,2,47500,95000
I-014089,O-04043,P-08,2,36000,72000
I-014090,O-04043,P-06,2,341000,682000
I-014091,O-04044,P-05,1,520000,520000
I-014092,O-04044,P-04,3,625000,1875000
I-014093,O-04044,P-03,3,62000,186000
I-014094,O-04045,P-07,2,280000,560000
I-014095,O-04045,P-04,3,625000,1875000
I-014096,O-04045,P-10,3,28000,84000
I-014097,O-04046,P-03,3,62000,186000
I-014098,O-04046,P-01,1,45000,45000
I-014099,O-04046,P-04,3,625000,1875000
I-014100,O-04047,P-01,1,45000,45000
I-014101,O-04047,P-05,3,520000,1560000
I-014102,O-04048,P-04,1,625000,625000
I-014103,O-04048,P-10,1,28000,28000
I-014104,O-04049,P-05,3,520000,1560000
I-014105,O-04049,P-02,2,210000,420000
I-014106,O-04049,P-06,1,341000,341000
I-014107,O-04050,P-04,1,625000,625000
I-014108,O-04050,P-07,3,280000,840000
I-014109,O-04050,P-10,2,28000,56000
I-014110,O-04051,P-03,2,62000,124000
I-014111,O-04051,P-02,2,210000,420000
I-014112,O-04051,P-05,2,520000,1040000
I-014113,O-04051,P-06,3,341000,1023000
I-014114,O-04052,P-02,3,210000,630000
I-014115,O-04052,P-03,3,62000,186000
I-014116,O-04052,P-05,3,520000,1560000
I-014117,O-04052,P-04,3,625000,1875000
I-014118,O-04052,P-09,1,47500,47500
I-014119,O-04053,P-04,2,625000,1250000
I-014120,O-04053,P-10,2,28000,56000
I-014121,O-04053,P-08,1,36000,36000
I-014122,O-04053,P-06,3,341000,1023000
I-014123,O-04053,P-01,2,45000,90000
I-014124,O-04054,P-01,3,45000,135000
I-014125,O-04054,P-03,1,62000,62000
I-014126,O-04054,P-09,1,47500,47500
I-014127,O-04054,P-10,3,28000,84000
I-014128,O-04055,P-03,3,62000,186000
I-014129,O-04055,P-10,2,28000,56000
I-014130,O-04055,P-02,3,210000,630000
I-014131,O-04055,P-08,3,36000,108000
I-014132,O-04056,P-09,1,47500,47500
I-014133,O-04056,P-03,2,62000,124000
I-014134,O-04057,P-04,1,625000,625000
I-014135,O-04057,P-02,2,210000,420000
I-014136,O-04057,P-10,2,28000,56000
I-014137,O-04058,P-05,3,520000,1560000
I-014138,O-04058,P-01,2,45000,90000
I-014139,O-04059,P-09,1,47500,47500
I-014140,O-04059,P-06,2,341000,682000
I-014141,O-04060,P-08,3,36000,108000
I-014142,O-04060,P-07,1,280000,280000
I-014143,O-04061,P-09,2,47500,95000
I-014144,O-04061,P-06,3,341000,1023000
I-014145,O-04061,P-07,2,280000,560000
I-014146,O-04061,P-08,3,36000,108000
I-014147,O-04062,P-09,1,47500,47500
I-014148,O-04062,P-04,3,625000,1875000
I-014149,O-04063,P-05,1,520000,520000
I-014150,O-04063,P-09,3,47500,142500
I-014151,O-04063,P-01,2,45000,90000
I-014152,O-04063,P-06,2,341000,682000
I-014153,O-04064,P-10,3,28000,84000
I-014154,O-04064,P-01,2,45000,90000
I-014155,O-04064,P-05,2,520000,1040000
I-014156,O-04065,P-09,3,47500,142500
I-014157,O-04065,P-08,2,36000,72000
I-014158,O-04066,P-02,2,210000,420000
I-014159,O-04066,P-04,1,625000,625000
I-014160,O-04066,P-09,3,47500,142500
I-014161,O-04066,P-10,2,28000,56000
I-014162,O-04067,P-03,3,62000,186000
I-014163,O-04067,P-08,3,36000,108000
I-014164,O-04067,P-05,1,520000,520000
I-014165,O-04067,P-07,2,280000,560000
I-014166,O-04068,P-09,1,47500,47500
I-014167,O-04068,P-02,3,210000,630000
I-014168,O-04068,P-05,1,520000,520000
I-014169,O-04068,P-10,3,28000,84000
I-014170,O-04069,P-01,2,45000,90000
I-014171,O-04069,P-05,1,520000,520000
I-014172,O-04069,P-02,2,210000,420000
I-014173,O-04070,P-05,1,520000,520000
I-014174,O-04070,P-06,1,341000,341000
I-014175,O-04070,P-02,3,210000,630000
I-014176,O-04070,P-09,3,47500,142500
I-014177,O-04070,P-10,3,28000,84000
I-014178,O-04071,P-06,3,341000,1023000
I-014179,O-04071,P-09,2,47500,95000
I-014180,O-04072,P-02,3,210000,630000
I-014181,O-04072,P-10,2,28000,56000
I-014182,O-04072,P-08,1,36000,36000
I-014183,O-04073,P-04,3,625000,1875000
I-014184,O-04073,P-06,3,341000,1023000
I-014185,O-04073,P-03,2,62000,124000
I-014186,O-04073,P-02,2,210000,420000
I-014187,O-04074,P-08,2,36000,72000
I-014188,O-04074,P-04,2,625000,1250000
I-014189,O-04074,P-01,1,45000,45000
I-014190,O-04075,P-07,2,280000,560000
I-014191,O-04075,P-06,2,341000,682000
I-014192,O-04075,P-02,2,210000,420000
I-014193,O-04075,P-05,1,520000,520000
I-014194,O-04075,P-01,2,45000,90000
I-014195,O-04076,P-09,2,47500,95000
I-014196,O-04076,P-10,1,28000,28000
I-014197,O-04076,P-06,3,341000,1023000
I-014198,O-04077,P-02,3,210000,630000
I-014199,O-04077,P-10,2,28000,56000
I-014200,O-04077,P-01,1,45000,45000
I-014201,O-04077,P-08,2,36000,72000
I-014202,O-04077,P-09,2,47500,95000
I-014203,O-04078,P-01,1,45000,45000
I-014204,O-04078,P-02,2,210000,420000
I-014205,O-04078,P-10,3,28000,84000
I-014206,O-04079,P-08,3,36000,108000
I-014207,O-04079,P-01,1,45000,45000
I-014208,O-04079,P-03,3,62000,186000
I-014209,O-04080,P-02,2,210000,420000
I-014210,O-04080,P-06,1,341000,341000
I-014211,O-04080,P-10,3,28000,84000
I-014212,O-04080,P-04,2,625000,1250000
I-014213,O-04080,P-07,1,280000,280000
I-014214,O-04081,P-02,2,210000,420000
I-014215,O-04081,P-01,2,45000,90000
I-014216,O-04082,P-08,2,36000,72000
I-014217,O-04082,P-09,3,47500,142500
I-014218,O-04082,P-04,1,625000,625000
I-014219,O-04082,P-07,3,280000,840000
I-014220,O-04083,P-04,3,625000,1875000
I-014221,O-04083,P-10,3,28000,84000
I-014222,O-04084,P-09,1,47500,47500
I-014223,O-04084,P-01,1,45000,45000
I-014224,O-04084,P-05,2,520000,1040000
I-014225,O-04084,P-04,3,625000,1875000
I-014226,O-04085,P-02,1,210000,210000
I-014227,O-04085,P-04,3,625000,1875000
I-014228,O-04085,P-03,3,62000,186000
I-014229,O-04085,P-05,2,520000,1040000
I-014230,O-04086,P-05,1,520000,520000
I-014231,O-04086,P-06,2,341000,682000
I-014232,O-04086,P-08,1,36000,36000
I-014233,O-04086,P-10,1,28000,28000
I-014234,O-04087,P-02,3,210000,630000
I-014235,O-04087,P-03,2,62000,124000
I-014236,O-04088,P-02,3,210000,630000
I-014237,O-04088,P-10,3,28000,84000
I-014238,O-04088,P-09,1,47500,47500
I-014239,O-04089,P-08,3,36000,108000
I-014240,O-04089,P-03,2,62000,124000
I-014241,O-04089,P-09,1,47500,47500
I-014242,O-04089,P-04,2,625000,1250000
I-014243,O-04090,P-01,1,45000,45000
I-014244,O-04090,P-09,3,47500,142500
I-014245,O-04091,P-01,3,45000,135000
I-014246,O-04091,P-03,2,62000,124000
I-014247,O-04091,P-08,2,36000,72000
I-014248,O-04091,P-02,1,210000,210000
I-014249,O-04091,P-04,1,625000,625000
I-014250,O-04092,P-10,1,28000,28000
I-014251,O-04092,P-08,1,36000,36000
I-014252,O-04092,P-06,2,341000,682000
I-014253,O-04093,P-05,2,520000,1040000
I-014254,O-04093,P-03,1,62000,62000
I-014255,O-04093,P-10,1,28000,28000
I-014256,O-04094,P-08,2,36000,72000
I-014257,O-04094,P-04,3,625000,1875000
I-014258,O-04094,P-01,3,45000,135000
I-014259,O-04095,P-05,1,520000,520000
I-014260,O-04095,P-09,3,47500,142500
I-014261,O-04096,P-06,2,341000,682000
I-014262,O-04096,P-07,3,280000,840000
I-014263,O-04096,P-09,3,47500,142500
I-014264,O-04096,P-04,2,625000,1250000
I-014265,O-04097,P-09,2,47500,95000
I-014266,O-04097,P-08,2,36000,72000
I-014267,O-04097,P-10,1,28000,28000
I-014268,O-04097,P-04,3,625000,1875000
I-014269,O-04098,P-07,1,280000,280000
I-014270,O-04098,P-06,2,341000,682000
I-014271,O-04098,P-08,1,36000,36000
I-014272,O-04099,P-02,1,210000,210000
I-014273,O-04099,P-07,2,280000,560000
I-014274,O-04099,P-08,3,36000,108000
I-014275,O-04099,P-10,2,28000,56000
I-014276,O-04099,P-05,2,520000,1040000
I-014277,O-04100,P-10,2,28000,56000
I-014278,O-04100,P-04,3,625000,1875000
I-014279,O-04101,P-08,3,36000,108000
I-014280,O-04101,P-03,2,62000,124000
I-014281,O-04102,P-08,1,36000,36000
I-014282,O-04102,P-09,3,47500,142500
I-014283,O-04102,P-04,2,625000,1250000
I-014284,O-04102,P-05,1,520000,520000
I-014285,O-04103,P-09,1,47500,47500
I-014286,O-04103,P-08,1,36000,36000
I-014287,O-04103,P-05,3,520000,1560000
I-014288,O-04103,P-10,1,28000,28000
I-014289,O-04104,P-03,1,62000,62000
I-014290,O-04104,P-10,3,28000,84000
I-014291,O-04105,P-06,2,341000,682000
I-014292,O-04105,P-05,1,520000,520000
I-014293,O-04105,P-04,2,625000,1250000
I-014294,O-04105,P-01,2,45000,90000
I-014295,O-04105,P-03,1,62000,62000
I-014296,O-04106,P-04,2,625000,1250000
I-014297,O-04106,P-01,1,45000,45000
I-014298,O-04106,P-08,2,36000,72000
I-014299,O-04106,P-03,2,62000,124000
I-014300,O-04106,P-09,3,47500,142500
I-014301,O-04107,P-10,2,28000,56000
I-014302,O-04107,P-01,3,45000,135000
I-014303,O-04107,P-02,3,210000,630000
I-014304,O-04108,P-08,1,36000,36000
I-014305,O-04108,P-03,3,62000,186000
I-014306,O-04108,P-01,3,45000,135000
I-014307,O-04108,P-07,2,280000,560000
I-014308,O-04109,P-06,3,341000,1023000
I-014309,O-04109,P-05,1,520000,520000
I-014310,O-04109,P-09,3,47500,142500
I-014311,O-04110,P-02,2,210000,420000
I-014312,O-04110,P-03,1,62000,62000
I-014313,O-04110,P-06,3,341000,1023000
I-014314,O-04110,P-08,1,36000,36000
I-014315,O-04110,P-01,2,45000,90000
I-014316,O-04111,P-03,2,62000,124000
I-014317,O-04111,P-02,2,210000,420000
I-014318,O-04111,P-09,2,47500,95000
I-014319,O-04111,P-10,3,28000,84000
I-014320,O-04111,P-01,1,45000,45000
I-014321,O-04112,P-01,1,45000,45000
I-014322,O-04112,P-09,3,47500,142500
I-014323,O-04112,P-04,1,625000,625000
I-014324,O-04113,P-09,2,47500,95000
I-014325,O-04113,P-01,3,45000,135000
I-014326,O-04113,P-06,1,341000,341000
I-014327,O-04114,P-03,1,62000,62000
I-014328,O-04114,P-09,2,47500,95000
I-014329,O-04115,P-10,2,28000,56000
I-014330,O-04115,P-01,1,45000,45000
I-014331,O-04116,P-04,3,625000,1875000
I-014332,O-04116,P-01,3,45000,135000
I-014333,O-04116,P-09,1,47500,47500
I-014334,O-04117,P-09,3,47500,142500
I-014335,O-04117,P-10,3,28000,84000
I-014336,O-04118,P-04,1,625000,625000
I-014337,O-04118,P-06,2,341000,682000
I-014338,O-04118,P-08,1,36000,36000
I-014339,O-04118,P-05,2,520000,1040000
I-014340,O-04118,P-10,3,28000,84000
I-014341,O-04119,P-03,1,62000,62000
I-014342,O-04119,P-07,2,280000,560000
I-014343,O-04119,P-06,2,341000,682000
I-014344,O-04119,P-02,3,210000,630000
I-014345,O-04119,P-05,1,520000,520000
I-014346,O-04120,P-07,2,280000,560000
I-014347,O-04120,P-09,2,47500,95000
I-014348,O-04121,P-01,3,45000,135000
I-014349,O-04121,P-09,3,47500,142500
I-014350,O-04121,P-06,2,341000,682000
I-014351,O-04122,P-07,3,280000,840000
I-014352,O-04122,P-09,2,47500,95000
I-014353,O-04123,P-06,1,341000,341000
I-014354,O-04123,P-08,1,36000,36000
I-014355,O-04123,P-04,2,625000,1250000
I-014356,O-04124,P-06,2,341000,682000
I-014357,O-04124,P-10,3,28000,84000
I-014358,O-04124,P-02,3,210000,630000
I-014359,O-04124,P-09,1,47500,47500
I-014360,O-04124,P-04,2,625000,1250000
I-014361,O-04125,P-08,3,36000,108000
I-014362,O-04125,P-02,2,210000,420000
I-014363,O-04125,P-09,2,47500,95000
I-014364,O-04125,P-07,1,280000,280000
I-014365,O-04125,P-01,2,45000,90000
I-014366,O-04126,P-01,2,45000,90000
I-014367,O-04126,P-05,2,520000,1040000
I-014368,O-04126,P-07,1,280000,280000
I-014369,O-04126,P-04,2,625000,1250000
I-014370,O-04126,P-10,2,28000,56000
I-014371,O-04127,P-03,3,62000,186000
I-014372,O-04127,P-02,3,210000,630000
I-014373,O-04127,P-10,1,28000,28000
I-014374,O-04127,P-08,2,36000,72000
I-014375,O-04127,P-04,3,625000,1875000
I-014376,O-04128,P-04,3,625000,1875000
I-014377,O-04128,P-08,3,36000,108000
I-014378,O-04128,P-01,1,45000,45000
I-014379,O-04128,P-03,2,62000,124000
I-014380,O-04129,P-09,2,47500,95000
I-014381,O-04129,P-03,2,62000,124000
I-014382,O-04129,P-02,3,210000,630000
I-014383,O-04129,P-07,2,280000,560000
I-014384,O-04130,P-01,2,45000,90000
I-014385,O-04130,P-10,2,28000,56000
I-014386,O-04131,P-10,1,28000,28000
I-014387,O-04131,P-09,1,47500,47500
I-014388,O-04131,P-05,3,520000,1560000
I-014389,O-04131,P-06,2,341000,682000
I-014390,O-04131,P-08,3,36000,108000
I-014391,O-04132,P-02,1,210000,210000
I-014392,O-04132,P-04,1,625000,625000
I-014393,O-04133,P-01,3,45000,135000
I-014394,O-04133,P-05,2,520000,1040000
I-014395,O-04133,P-10,2,28000,56000
I-014396,O-04133,P-02,2,210000,420000
I-014397,O-04134,P-02,2,210000,420000
I-014398,O-04134,P-08,3,36000,108000
I-014399,O-04134,P-09,3,47500,142500
I-014400,O-04134,P-10,1,28000,28000
I-014401,O-04134,P-05,3,520000,1560000
I-014402,O-04135,P-06,2,341000,682000
I-014403,O-04135,P-03,1,62000,62000
I-014404,O-04135,P-05,1,520000,520000
I-014405,O-04136,P-05,2,520000,1040000
I-014406,O-04136,P-07,1,280000,280000
I-014407,O-04136,P-09,3,47500,142500
I-014408,O-04137,P-08,2,36000,72000
I-014409,O-04137,P-04,2,625000,1250000
I-014410,O-04138,P-05,3,520000,1560000
I-014411,O-04138,P-04,3,625000,1875000
I-014412,O-04138,P-09,1,47500,47500
I-014413,O-04138,P-03,3,62000,186000
I-014414,O-04139,P-10,1,28000,28000
I-014415,O-04139,P-05,3,520000,1560000
I-014416,O-04139,P-02,1,210000,210000
I-014417,O-04139,P-06,3,341000,1023000
I-014418,O-04140,P-06,2,341000,682000
I-014419,O-04140,P-05,3,520000,1560000
I-014420,O-04141,P-04,3,625000,1875000
I-014421,O-04141,P-01,2,45000,90000
I-014422,O-04142,P-09,2,47500,95000
I-014423,O-04142,P-05,2,520000,1040000
I-014424,O-04142,P-03,2,62000,124000
I-014425,O-04142,P-08,2,36000,72000
I-014426,O-04142,P-06,3,341000,1023000
I-014427,O-04143,P-09,2,47500,95000
I-014428,O-04143,P-01,1,45000,45000
I-014429,O-04143,P-03,3,62000,186000
I-014430,O-04143,P-02,3,210000,630000
I-014431,O-04144,P-08,2,36000,72000
I-014432,O-04144,P-05,2,520000,1040000
I-014433,O-04144,P-06,3,341000,1023000
I-014434,O-04144,P-09,1,47500,47500
I-014435,O-04145,P-09,2,47500,95000
I-014436,O-04145,P-08,3,36000,108000
I-014437,O-04145,P-03,3,62000,186000
I-014438,O-04145,P-07,1,280000,280000
I-014439,O-04146,P-02,2,210000,420000
I-014440,O-04146,P-01,1,45000,45000
I-014441,O-04146,P-03,1,62000,62000
I-014442,O-04146,P-09,1,47500,47500
I-014443,O-04146,P-07,2,280000,560000
I-014444,O-04147,P-03,2,62000,124000
I-014445,O-04147,P-08,1,36000,36000
I-014446,O-04147,P-07,2,280000,560000
I-014447,O-04147,P-05,3,520000,1560000
I-014448,O-04147,P-04,3,625000,1875000
I-014449,O-04148,P-05,2,520000,1040000
I-014450,O-04148,P-07,1,280000,280000
I-014451,O-04148,P-10,1,28000,28000
I-014452,O-04149,P-04,3,625000,1875000
I-014453,O-04149,P-09,3,47500,142500
I-014454,O-04149,P-06,1,341000,341000
I-014455,O-04150,P-07,2,280000,560000
I-014456,O-04150,P-02,3,210000,630000
I-014457,O-04150,P-09,3,47500,142500
I-014458,O-04150,P-04,3,625000,1875000
I-014459,O-04150,P-08,1,36000,36000
I-014460,O-04151,P-03,2,62000,124000
I-014461,O-04151,P-05,1,520000,520000
I-014462,O-04151,P-01,1,45000,45000
I-014463,O-04151,P-02,1,210000,210000
I-014464,O-04152,P-01,1,45000,45000
I-014465,O-04152,P-08,3,36000,108000
I-014466,O-04152,P-05,2,520000,1040000
I-014467,O-04152,P-10,2,28000,56000
I-014468,O-04152,P-04,3,625000,1875000
I-014469,O-04153,P-04,3,625000,1875000
I-014470,O-04153,P-05,2,520000,1040000
I-014471,O-04153,P-03,3,62000,186000
I-014472,O-04153,P-08,2,36000,72000
I-014473,O-04154,P-02,1,210000,210000
I-014474,O-04154,P-08,2,36000,72000
I-014475,O-04155,P-01,1,45000,45000
I-014476,O-04155,P-09,1,47500,47500
I-014477,O-04155,P-07,3,280000,840000
I-014478,O-04155,P-03,1,62000,62000
I-014479,O-04155,P-02,2,210000,420000
I-014480,O-04156,P-10,2,28000,56000
I-014481,O-04156,P-07,2,280000,560000
I-014482,O-04156,P-01,1,45000,45000
I-014483,O-04156,P-04,2,625000,1250000
I-014484,O-04157,P-05,2,520000,1040000
I-014485,O-04157,P-07,1,280000,280000
I-014486,O-04158,P-01,1,45000,45000
I-014487,O-04158,P-04,2,625000,1250000
I-014488,O-04158,P-08,2,36000,72000
I-014489,O-04158,P-06,3,341000,1023000
I-014490,O-04159,P-10,2,28000,56000
I-014491,O-04159,P-04,3,625000,1875000
I-014492,O-04159,P-06,3,341000,1023000
I-014493,O-04160,P-08,2,36000,72000
I-014494,O-04160,P-05,2,520000,1040000
I-014495,O-04160,P-09,3,47500,142500
I-014496,O-04160,P-10,1,28000,28000
I-014497,O-04160,P-04,1,625000,625000
I-014498,O-04161,P-07,2,280000,560000
I-014499,O-04161,P-02,3,210000,630000
I-014500,O-04161,P-09,3,47500,142500
I-014501,O-04162,P-06,2,341000,682000
I-014502,O-04162,P-10,1,28000,28000
I-014503,O-04162,P-01,2,45000,90000
I-014504,O-04162,P-08,3,36000,108000
I-014505,O-04162,P-09,2,47500,95000
I-014506,O-04163,P-05,2,520000,1040000
I-014507,O-04163,P-04,2,625000,1250000
I-014508,O-04163,P-06,1,341000,341000
I-014509,O-04164,P-03,2,62000,124000
I-014510,O-04164,P-08,2,36000,72000
I-014511,O-04164,P-04,2,625000,1250000
I-014512,O-04164,P-10,2,28000,56000
I-014513,O-04165,P-08,3,36000,108000
I-014514,O-04165,P-10,2,28000,56000
I-014515,O-04166,P-04,2,625000,1250000
I-014516,O-04166,P-10,3,28000,84000
I-014517,O-04167,P-02,3,210000,630000
I-014518,O-04167,P-04,1,625000,625000
I-014519,O-04167,P-09,3,47500,142500
I-014520,O-04167,P-07,2,280000,560000
I-014521,O-04168,P-10,2,28000,56000
I-014522,O-04168,P-03,2,62000,124000
I-014523,O-04168,P-06,2,341000,682000
I-014524,O-04168,P-01,3,45000,135000
I-014525,O-04169,P-05,2,520000,1040000
I-014526,O-04169,P-10,3,28000,84000
I-014527,O-04169,P-09,1,47500,47500
I-014528,O-04169,P-02,2,210000,420000
I-014529,O-04170,P-03,3,62000,186000
I-014530,O-04170,P-05,3,520000,1560000
I-014531,O-04170,P-04,2,625000,1250000
I-014532,O-04170,P-10,3,28000,84000
I-014533,O-04171,P-07,1,280000,280000
I-014534,O-04171,P-03,1,62000,62000
I-014535,O-04171,P-06,3,341000,1023000
I-014536,O-04171,P-05,1,520000,520000
I-014537,O-04172,P-07,2,280000,560000
I-014538,O-04172,P-10,3,28000,84000
I-014539,O-04173,P-03,1,62000,62000
I-014540,O-04173,P-05,1,520000,520000
I-014541,O-04173,P-07,3,280000,840000
I-014542,O-04174,P-04,3,625000,1875000
I-014543,O-04174,P-06,2,341000,682000
I-014544,O-04174,P-01,3,45000,135000
I-014545,O-04174,P-05,1,520000,520000
I-014546,O-04174,P-03,2,62000,124000
I-014547,O-04175,P-10,1,28000,28000
I-014548,O-04175,P-09,1,47500,47500
I-014549,O-04176,P-08,1,36000,36000
I-014550,O-04176,P-10,1,28000,28000
I-014551,O-04177,P-07,3,280000,840000
I-014552,O-04177,P-08,3,36000,108000
I-014553,O-04177,P-10,3,28000,84000
I-014554,O-04177,P-04,3,625000,1875000
I-014555,O-04178,P-07,3,280000,840000
I-014556,O-04178,P-01,2,45000,90000
I-014557,O-04178,P-09,2,47500,95000
I-014558,O-04178,P-03,1,62000,62000
I-014559,O-04178,P-10,1,28000,28000
I-014560,O-04179,P-07,3,280000,840000
I-014561,O-04179,P-08,1,36000,36000
I-014562,O-04179,P-05,1,520000,520000
I-014563,O-04179,P-10,3,28000,84000
I-014564,O-04179,P-06,1,341000,341000
I-014565,O-04180,P-05,2,520000,1040000
I-014566,O-04180,P-03,3,62000,186000
I-014567,O-04180,P-08,1,36000,36000
I-014568,O-04180,P-10,2,28000,56000
I-014569,O-04180,P-02,1,210000,210000
I-014570,O-04181,P-10,2,28000,56000
I-014571,O-04181,P-07,2,280000,560000
I-014572,O-04181,P-02,3,210000,630000
I-014573,O-04182,P-02,3,210000,630000
I-014574,O-04182,P-01,1,45000,45000
I-014575,O-04182,P-09,2,47500,95000
I-014576,O-04183,P-01,1,45000,45000
I-014577,O-04183,P-10,3,28000,84000
I-014578,O-04183,P-06,3,341000,1023000
I-014579,O-04184,P-03,1,62000,62000
I-014580,O-04184,P-01,1,45000,45000
I-014581,O-04184,P-05,2,520000,1040000
I-014582,O-04184,P-06,3,341000,1023000
I-014583,O-04184,P-10,1,28000,28000
I-014584,O-04185,P-08,2,36000,72000
I-014585,O-04185,P-03,2,62000,124000
I-014586,O-04185,P-10,3,28000,84000
I-014587,O-04185,P-06,2,341000,682000
I-014588,O-04185,P-02,1,210000,210000
I-014589,O-04186,P-07,3,280000,840000
I-014590,O-04186,P-08,1,36000,36000
I-014591,O-04186,P-03,1,62000,62000
I-014592,O-04187,P-05,2,520000,1040000
I-014593,O-04187,P-02,2,210000,420000
I-014594,O-04187,P-04,1,625000,625000
I-014595,O-04188,P-01,1,45000,45000
I-014596,O-04188,P-08,3,36000,108000
I-014597,O-04188,P-04,3,625000,1875000
I-014598,O-04188,P-09,1,47500,47500
I-014599,O-04189,P-02,1,210000,210000
I-014600,O-04189,P-07,3,280000,840000
I-014601,O-04189,P-09,3,47500,142500
I-014602,O-04190,P-09,2,47500,95000
I-014603,O-04190,P-10,1,28000,28000
I-014604,O-04191,P-08,1,36000,36000
I-014605,O-04191,P-07,2,280000,560000
I-014606,O-04191,P-01,1,45000,45000
I-014607,O-04191,P-05,1,520000,520000
I-014608,O-04191,P-09,2,47500,95000
I-014609,O-04192,P-05,1,520000,520000
I-014610,O-04192,P-10,1,28000,28000
I-014611,O-04192,P-02,3,210000,630000
I-014612,O-04193,P-08,3,36000,108000
I-014613,O-04193,P-01,2,45000,90000
I-014614,O-04193,P-09,2,47500,95000
I-014615,O-04193,P-04,1,625000,625000
I-014616,O-04194,P-04,1,625000,625000
I-014617,O-04194,P-06,2,341000,682000
I-014618,O-04194,P-10,3,28000,84000
I-014619,O-04194,P-05,2,520000,1040000
I-014620,O-04194,P-02,1,210000,210000
I-014621,O-04195,P-04,1,625000,625000
I-014622,O-04195,P-06,3,341000,1023000
I-014623,O-04196,P-06,1,341000,341000
I-014624,O-04196,P-07,2,280000,560000
I-014625,O-04196,P-02,3,210000,630000
I-014626,O-04196,P-04,2,625000,1250000
I-014627,O-04197,P-09,3,47500,142500
I-014628,O-04197,P-01,2,45000,90000
I-014629,O-04198,P-06,3,341000,1023000
I-014630,O-04198,P-10,2,28000,56000
I-014631,O-04199,P-10,2,28000,56000
I-014632,O-04199,P-07,1,280000,280000
I-014633,O-04199,P-08,2,36000,72000
I-014634,O-04199,P-01,3,45000,135000
I-014635,O-04200,P-07,2,280000,560000
I-014636,O-04200,P-10,1,28000,28000
I-014637,O-04200,P-01,2,45000,90000
I-014638,O-04201,P-01,2,45000,90000
I-014639,O-04201,P-05,1,520000,520000
I-014640,O-04202,P-05,2,520000,1040000
I-014641,O-04202,P-01,2,45000,90000
I-014642,O-04203,P-01,1,45000,45000
I-014643,O-04203,P-06,3,341000,1023000
I-014644,O-04203,P-08,1,36000,36000
I-014645,O-04203,P-02,3,210000,630000
I-014646,O-04203,P-03,1,62000,62000
I-014647,O-04204,P-03,1,62000,62000
I-014648,O-04204,P-07,1,280000,280000
I-014649,O-04204,P-01,3,45000,135000
I-014650,O-04204,P-09,3,47500,142500
I-014651,O-04205,P-05,1,520000,520000
I-014652,O-04205,P-07,2,280000,560000
I-014653,O-04206,P-04,3,625000,1875000
I-014654,O-04206,P-09,1,47500,47500
I-014655,O-04206,P-03,1,62000,62000
I-014656,O-04206,P-06,3,341000,1023000
I-014657,O-04207,P-03,1,62000,62000
I-014658,O-04207,P-02,1,210000,210000
I-014659,O-04207,P-08,2,36000,72000
I-014660,O-04208,P-09,1,47500,47500
I-014661,O-04208,P-02,3,210000,630000
I-014662,O-04209,P-03,3,62000,186000
I-014663,O-04209,P-04,3,625000,1875000
I-014664,O-04209,P-09,1,47500,47500
I-014665,O-04210,P-05,2,520000,1040000
I-014666,O-04210,P-04,2,625000,1250000
I-014667,O-04211,P-10,2,28000,56000
I-014668,O-04211,P-07,3,280000,840000
I-014669,O-04211,P-01,2,45000,90000
I-014670,O-04212,P-07,1,280000,280000
I-014671,O-04212,P-01,2,45000,90000
I-014672,O-04212,P-08,1,36000,36000
I-014673,O-04212,P-06,3,341000,1023000
I-014674,O-04212,P-09,1,47500,47500
I-014675,O-04213,P-02,2,210000,420000
I-014676,O-04213,P-03,2,62000,124000
I-014677,O-04213,P-07,3,280000,840000
I-014678,O-04213,P-01,1,45000,45000
I-014679,O-04214,P-02,3,210000,630000
I-014680,O-04214,P-06,1,341000,341000
I-014681,O-04214,P-03,3,62000,186000
I-014682,O-04215,P-08,2,36000,72000
I-014683,O-04215,P-07,2,280000,560000
I-014684,O-04215,P-01,1,45000,45000
I-014685,O-04215,P-10,3,28000,84000
I-014686,O-04216,P-09,3,47500,142500
I-014687,O-04216,P-07,2,280000,560000
I-014688,O-04217,P-07,1,280000,280000
I-014689,O-04217,P-02,2,210000,420000
I-014690,O-04217,P-08,3,36000,108000
I-014691,O-04218,P-04,2,625000,1250000
I-014692,O-04218,P-05,1,520000,520000
I-014693,O-04218,P-01,1,45000,45000
I-014694,O-04218,P-10,2,28000,56000
I-014695,O-04219,P-06,3,341000,1023000
I-014696,O-04219,P-09,2,47500,95000
I-014697,O-04219,P-10,3,28000,84000
I-014698,O-04219,P-01,3,45000,135000
I-014699,O-04219,P-08,2,36000,72000
I-014700,O-04220,P-04,3,625000,1875000
I-014701,O-04220,P-05,2,520000,1040000
I-014702,O-04220,P-01,3,45000,135000
I-014703,O-04220,P-03,1,62000,62000
I-014704,O-04220,P-07,2,280000,560000
I-014705,O-04221,P-02,2,210000,420000
I-014706,O-04221,P-04,2,625000,1250000
I-014707,O-04221,P-03,2,62000,124000
I-014708,O-04221,P-01,3,45000,135000
I-014709,O-04221,P-09,3,47500,142500
I-014710,O-04222,P-05,2,520000,1040000
I-014711,O-04222,P-02,3,210000,630000
I-014712,O-04223,P-01,3,45000,135000
I-014713,O-04223,P-08,1,36000,36000
I-014714,O-04223,P-04,2,625000,1250000
I-014715,O-04223,P-06,3,341000,1023000
I-014716,O-04223,P-10,2,28000,56000
I-014717,O-04224,P-10,2,28000,56000
I-014718,O-04224,P-08,2,36000,72000
I-014719,O-04224,P-07,3,280000,840000
I-014720,O-04225,P-06,3,341000,1023000
I-014721,O-04225,P-01,3,45000,135000
I-014722,O-04225,P-04,3,625000,1875000
I-014723,O-04225,P-02,2,210000,420000
I-014724,O-04226,P-05,1,520000,520000
I-014725,O-04226,P-01,3,45000,135000
I-014726,O-04226,P-04,1,625000,625000
I-014727,O-04226,P-08,3,36000,108000
I-014728,O-04227,P-06,2,341000,682000
I-014729,O-04227,P-01,1,45000,45000
I-014730,O-04228,P-10,2,28000,56000
I-014731,O-04228,P-05,1,520000,520000
I-014732,O-04228,P-07,1,280000,280000
I-014733,O-04228,P-06,3,341000,1023000
I-014734,O-04228,P-04,2,625000,1250000
I-014735,O-04229,P-05,1,520000,520000
I-014736,O-04229,P-03,1,62000,62000
I-014737,O-04229,P-04,3,625000,1875000
I-014738,O-04229,P-02,1,210000,210000
I-014739,O-04230,P-09,1,47500,47500
I-014740,O-04230,P-06,3,341000,1023000
I-014741,O-04230,P-02,2,210000,420000
I-014742,O-04230,P-10,2,28000,56000
I-014743,O-04231,P-04,2,625000,1250000
I-014744,O-04231,P-01,1,45000,45000
I-014745,O-04231,P-09,1,47500,47500
I-014746,O-04231,P-06,1,341000,341000
I-014747,O-04232,P-03,2,62000,124000
I-014748,O-04232,P-04,3,625000,1875000
I-014749,O-04232,P-09,2,47500,95000
I-014750,O-04233,P-10,2,28000,56000
I-014751,O-04233,P-05,3,520000,1560000
I-014752,O-04234,P-09,3,47500,142500
I-014753,O-04234,P-07,1,280000,280000
I-014754,O-04234,P-10,1,28000,28000
I-014755,O-04234,P-08,1,36000,36000
I-014756,O-04234,P-02,1,210000,210000
I-014757,O-04235,P-08,2,36000,72000
I-014758,O-04235,P-09,2,47500,95000
I-014759,O-04235,P-06,1,341000,341000
I-014760,O-04236,P-06,2,341000,682000
I-014761,O-04236,P-01,1,45000,45000
I-014762,O-04236,P-10,2,28000,56000
I-014763,O-04237,P-09,1,47500,47500
I-014764,O-04237,P-10,2,28000,56000
I-014765,O-04237,P-05,2,520000,1040000
I-014766,O-04237,P-01,2,45000,90000
I-014767,O-04237,P-02,1,210000,210000
I-014768,O-04238,P-08,1,36000,36000
I-014769,O-04238,P-09,3,47500,142500
I-014770,O-04239,P-08,1,36000,36000
I-014771,O-04239,P-07,3,280000,840000
I-014772,O-04240,P-06,2,341000,682000
I-014773,O-04240,P-09,1,47500,47500
I-014774,O-04240,P-10,2,28000,56000
I-014775,O-04240,P-01,2,45000,90000
I-014776,O-04240,P-05,1,520000,520000
I-014777,O-04241,P-01,3,45000,135000
I-014778,O-04241,P-05,2,520000,1040000
I-014779,O-04242,P-10,2,28000,56000
I-014780,O-04242,P-05,2,520000,1040000
I-014781,O-04242,P-08,2,36000,72000
I-014782,O-04242,P-09,3,47500,142500
I-014783,O-04242,P-03,3,62000,186000
I-014784,O-04243,P-04,1,625000,625000
I-014785,O-04243,P-07,2,280000,560000
I-014786,O-04243,P-02,2,210000,420000
I-014787,O-04243,P-08,1,36000,36000
I-014788,O-04244,P-08,3,36000,108000
I-014789,O-04244,P-09,3,47500,142500
I-014790,O-04244,P-06,1,341000,341000
I-014791,O-04244,P-03,3,62000,186000
I-014792,O-04245,P-10,2,28000,56000
I-014793,O-04245,P-04,3,625000,1875000
I-014794,O-04245,P-07,3,280000,840000
I-014795,O-04245,P-03,2,62000,124000
I-014796,O-04245,P-06,2,341000,682000
I-014797,O-04246,P-07,1,280000,280000
I-014798,O-04246,P-01,3,45000,135000
I-014799,O-04246,P-09,3,47500,142500
I-014800,O-04246,P-08,2,36000,72000
I-014801,O-04246,P-03,3,62000,186000
I-014802,O-04247,P-06,1,341000,341000
I-014803,O-04247,P-09,3,47500,142500
I-014804,O-04247,P-01,2,45000,90000
I-014805,O-04248,P-02,3,210000,630000
I-014806,O-04248,P-06,2,341000,682000
I-014807,O-04248,P-03,2,62000,124000
I-014808,O-04248,P-09,3,47500,142500
I-014809,O-04249,P-07,3,280000,840000
I-014810,O-04249,P-03,1,62000,62000
I-014811,O-04250,P-02,2,210000,420000
I-014812,O-04250,P-05,3,520000,1560000
I-014813,O-04250,P-10,2,28000,56000
I-014814,O-04250,P-08,2,36000,72000
I-014815,O-04251,P-09,1,47500,47500
I-014816,O-04251,P-05,1,520000,520000
I-014817,O-04251,P-06,2,341000,682000
I-014818,O-04252,P-05,2,520000,1040000
I-014819,O-04252,P-08,3,36000,108000
I-014820,O-04252,P-03,1,62000,62000
I-014821,O-04252,P-04,1,625000,625000
I-014822,O-04253,P-02,2,210000,420000
I-014823,O-04253,P-10,3,28000,84000
I-014824,O-04254,P-07,2,280000,560000
I-014825,O-04254,P-05,2,520000,1040000
I-014826,O-04254,P-06,1,341000,341000
I-014827,O-04254,P-08,2,36000,72000
I-014828,O-04255,P-05,3,520000,1560000
I-014829,O-04255,P-08,1,36000,36000
I-014830,O-04256,P-05,2,520000,1040000
I-014831,O-04256,P-01,2,45000,90000
I-014832,O-04256,P-06,2,341000,682000
I-014833,O-04256,P-07,2,280000,560000
I-014834,O-04257,P-07,2,280000,560000
I-014835,O-04257,P-01,2,45000,90000
I-014836,O-04257,P-03,2,62000,124000
I-014837,O-04258,P-05,2,520000,1040000
I-014838,O-04258,P-01,3,45000,135000
I-014839,O-04258,P-10,3,28000,84000
I-014840,O-04258,P-07,1,280000,280000
I-014841,O-04259,P-06,3,341000,1023000
I-014842,O-04259,P-10,3,28000,84000
I-014843,O-04260,P-02,2,210000,420000
I-014844,O-04260,P-06,2,341000,682000
I-014845,O-04260,P-01,3,45000,135000
I-014846,O-04260,P-03,1,62000,62000
I-014847,O-04260,P-05,1,520000,520000
I-014848,O-04261,P-09,3,47500,142500
I-014849,O-04261,P-06,1,341000,341000
I-014850,O-04261,P-10,1,28000,28000
I-014851,O-04261,P-08,2,36000,72000
I-014852,O-04261,P-05,1,520000,520000
I-014853,O-04262,P-08,3,36000,108000
I-014854,O-04262,P-09,3,47500,142500
I-014855,O-04263,P-10,3,28000,84000
I-014856,O-04263,P-01,3,45000,135000
I-014857,O-04263,P-08,3,36000,108000
I-014858,O-04264,P-09,2,47500,95000
I-014859,O-04264,P-05,2,520000,1040000
I-014860,O-04264,P-03,3,62000,186000
I-014861,O-04264,P-04,1,625000,625000
I-014862,O-04265,P-03,2,62000,124000
I-014863,O-04265,P-04,1,625000,625000
I-014864,O-04265,P-01,2,45000,90000
I-014865,O-04265,P-05,3,520000,1560000
I-014866,O-04265,P-02,2,210000,420000
I-014867,O-04266,P-09,1,47500,47500
I-014868,O-04266,P-10,3,28000,84000
I-014869,O-04266,P-06,2,341000,682000
I-014870,O-04266,P-07,3,280000,840000
I-014871,O-04267,P-08,1,36000,36000
I-014872,O-04267,P-04,1,625000,625000
I-014873,O-04268,P-07,2,280000,560000
I-014874,O-04268,P-01,3,45000,135000
I-014875,O-04268,P-02,1,210000,210000
I-014876,O-04269,P-08,2,36000,72000
I-014877,O-04269,P-06,2,341000,682000
I-014878,O-04269,P-10,2,28000,56000
I-014879,O-04270,P-02,1,210000,210000
I-014880,O-04270,P-03,3,62000,186000
I-014881,O-04270,P-10,3,28000,84000
I-014882,O-04270,P-06,3,341000,1023000
I-014883,O-04271,P-02,3,210000,630000
I-014884,O-04271,P-09,3,47500,142500
I-014885,O-04271,P-03,2,62000,124000
I-014886,O-04271,P-10,3,28000,84000
I-014887,O-04271,P-06,1,341000,341000
I-014888,O-04272,P-08,1,36000,36000
I-014889,O-04272,P-02,3,210000,630000
I-014890,O-04272,P-07,1,280000,280000
I-014891,O-04272,P-04,1,625000,625000
I-014892,O-04272,P-03,1,62000,62000
I-014893,O-04273,P-05,1,520000,520000
I-014894,O-04273,P-10,1,28000,28000
I-014895,O-04274,P-05,3,520000,1560000
I-014896,O-04274,P-07,2,280000,560000
I-014897,O-04274,P-04,1,625000,625000
I-014898,O-04274,P-08,2,36000,72000
I-014899,O-04275,P-06,3,341000,1023000
I-014900,O-04275,P-09,1,47500,47500
I-014901,O-04276,P-09,2,47500,95000
I-014902,O-04276,P-03,1,62000,62000
I-014903,O-04276,P-05,2,520000,1040000
I-014904,O-04276,P-10,2,28000,56000
I-014905,O-04277,P-04,2,625000,1250000
I-014906,O-04277,P-02,2,210000,420000
I-014907,O-04277,P-06,3,341000,1023000
I-014908,O-04278,P-01,1,45000,45000
I-014909,O-04278,P-10,2,28000,56000
I-014910,O-04278,P-02,1,210000,210000
I-014911,O-04278,P-08,2,36000,72000
I-014912,O-04279,P-01,3,45000,135000
I-014913,O-04279,P-08,1,36000,36000
I-014914,O-04279,P-04,1,625000,625000
I-014915,O-04279,P-07,3,280000,840000
I-014916,O-04279,P-05,1,520000,520000
I-014917,O-04280,P-04,1,625000,625000
I-014918,O-04280,P-10,1,28000,28000
I-014919,O-04280,P-02,1,210000,210000
I-014920,O-04280,P-03,3,62000,186000
I-014921,O-04280,P-08,2,36000,72000
I-014922,O-04281,P-01,3,45000,135000
I-014923,O-04281,P-07,3,280000,840000
I-014924,O-04281,P-10,2,28000,56000
I-014925,O-04282,P-05,2,520000,1040000
I-014926,O-04282,P-08,3,36000,108000
I-014927,O-04282,P-09,2,47500,95000
I-014928,O-04282,P-03,2,62000,124000
I-014929,O-04282,P-06,2,341000,682000
I-014930,O-04283,P-10,3,28000,84000
I-014931,O-04283,P-05,2,520000,1040000
I-014932,O-04283,P-01,1,45000,45000
I-014933,O-04284,P-08,3,36000,108000
I-014934,O-04284,P-01,3,45000,135000
I-014935,O-04284,P-02,2,210000,420000
I-014936,O-04284,P-07,2,280000,560000
I-014937,O-04285,P-09,1,47500,47500
I-014938,O-04285,P-03,2,62000,124000
I-014939,O-04285,P-04,2,625000,1250000
I-014940,O-04285,P-08,1,36000,36000
I-014941,O-04286,P-02,3,210000,630000
I-014942,O-04286,P-05,3,520000,1560000
I-014943,O-04286,P-08,2,36000,72000
I-014944,O-04286,P-03,2,62000,124000
I-014945,O-04287,P-10,1,28000,28000
I-014946,O-04287,P-09,1,47500,47500
I-014947,O-04288,P-06,1,341000,341000
I-014948,O-04288,P-10,2,28000,56000
I-014949,O-04288,P-05,2,520000,1040000
I-014950,O-04289,P-03,2,62000,124000
I-014951,O-04289,P-01,1,45000,45000
I-014952,O-04289,P-04,2,625000,1250000
I-014953,O-04289,P-09,3,47500,142500
I-014954,O-04290,P-01,1,45000,45000
I-014955,O-04290,P-06,2,341000,682000
I-014956,O-04290,P-08,1,36000,36000
I-014957,O-04291,P-02,3,210000,630000
I-014958,O-04291,P-01,2,45000,90000
I-014959,O-04292,P-01,2,45000,90000
I-014960,O-04292,P-05,3,520000,1560000
I-014961,O-04293,P-04,2,625000,1250000
I-014962,O-04293,P-06,1,341000,341000
I-014963,O-04294,P-01,2,45000,90000
I-014964,O-04294,P-06,1,341000,341000
I-014965,O-04295,P-08,2,36000,72000
I-014966,O-04295,P-09,1,47500,47500
I-014967,O-04295,P-02,3,210000,630000
I-014968,O-04296,P-09,2,47500,95000
I-014969,O-04296,P-03,2,62000,124000
I-014970,O-04296,P-05,1,520000,520000
I-014971,O-04297,P-04,2,625000,1250000
I-014972,O-04297,P-10,1,28000,28000
I-014973,O-04298,P-04,2,625000,1250000
I-014974,O-04298,P-01,3,45000,135000
I-014975,O-04299,P-05,2,520000,1040000
I-014976,O-04299,P-03,3,62000,186000
I-014977,O-04299,P-07,1,280000,280000
I-014978,O-04300,P-05,3,520000,1560000
I-014979,O-04300,P-06,3,341000,1023000
I-014980,O-04300,P-02,2,210000,420000
I-014981,O-04300,P-10,1,28000,28000
I-014982,O-04301,P-10,3,28000,84000
I-014983,O-04301,P-04,1,625000,625000
I-014984,O-04301,P-03,3,62000,186000
I-014985,O-04302,P-03,2,62000,124000
I-014986,O-04302,P-06,3,341000,1023000
I-014987,O-04302,P-05,3,520000,1560000
I-014988,O-04303,P-08,3,36000,108000
I-014989,O-04303,P-10,3,28000,84000
I-014990,O-04304,P-05,3,520000,1560000
I-014991,O-04304,P-03,1,62000,62000
I-014992,O-04304,P-07,1,280000,280000
I-014993,O-04305,P-07,1,280000,280000
I-014994,O-04305,P-10,2,28000,56000
I-014995,O-04305,P-06,2,341000,682000
I-014996,O-04305,P-05,1,520000,520000
I-014997,O-04306,P-03,2,62000,124000
I-014998,O-04306,P-01,1,45000,45000
I-014999,O-04306,P-09,1,47500,47500
I-015000,O-04306,P-10,2,28000,56000
I-015001,O-04306,P-06,2,341000,682000
I-015002,O-04307,P-06,2,341000,682000
I-015003,O-04307,P-02,3,210000,630000
I-015004,O-04308,P-01,1,45000,45000
I-015005,O-04308,P-04,3,625000,1875000
I-015006,O-04308,P-02,1,210000,210000
I-015007,O-04309,P-09,2,47500,95000
I-015008,O-04309,P-03,1,62000,62000
I-015009,O-04309,P-06,3,341000,1023000
I-015010,O-04310,P-03,3,62000,186000
I-015011,O-04310,P-01,2,45000,90000
I-015012,O-04310,P-06,1,341000,341000
I-015013,O-04310,P-10,2,28000,56000
I-015014,O-04311,P-06,1,341000,341000
I-015015,O-04311,P-03,1,62000,62000
I-015016,O-04311,P-02,2,210000,420000
I-015017,O-04312,P-03,1,62000,62000
I-015018,O-04312,P-05,1,520000,520000
I-015019,O-04312,P-08,3,36000,108000
I-015020,O-04313,P-02,3,210000,630000
I-015021,O-04313,P-01,3,45000,135000
I-015022,O-04313,P-09,2,47500,95000
I-015023,O-04313,P-04,2,625000,1250000
I-015024,O-04314,P-08,2,36000,72000
I-015025,O-04314,P-03,2,62000,124000
I-015026,O-04314,P-06,2,341000,682000
I-015027,O-04314,P-09,3,47500,142500
I-015028,O-04314,P-07,2,280000,560000
I-015029,O-04315,P-04,1,625000,625000
I-015030,O-04315,P-03,3,62000,186000
I-015031,O-04315,P-07,1,280000,280000
I-015032,O-04315,P-01,1,45000,45000
I-015033,O-04316,P-08,1,36000,36000
I-015034,O-04316,P-07,2,280000,560000
I-015035,O-04316,P-04,3,625000,1875000
I-015036,O-04316,P-10,3,28000,84000
I-015037,O-04316,P-02,3,210000,630000
I-015038,O-04317,P-01,3,45000,135000
I-015039,O-04317,P-06,3,341000,1023000
I-015040,O-04317,P-10,1,28000,28000
I-015041,O-04318,P-04,1,625000,625000
I-015042,O-04318,P-07,3,280000,840000
I-015043,O-04318,P-06,3,341000,1023000
I-015044,O-04319,P-09,1,47500,47500
I-015045,O-04319,P-04,1,625000,625000
I-015046,O-04319,P-07,2,280000,560000
I-015047,O-04319,P-10,2,28000,56000
I-015048,O-04320,P-02,1,210000,210000
I-015049,O-04320,P-03,3,62000,186000
I-015050,O-04321,P-04,3,625000,1875000
I-015051,O-04321,P-10,3,28000,84000
I-015052,O-04322,P-06,2,341000,682000
I-015053,O-04322,P-03,1,62000,62000
I-015054,O-04322,P-10,1,28000,28000
I-015055,O-04322,P-09,1,47500,47500
I-015056,O-04323,P-05,3,520000,1560000
I-015057,O-04323,P-02,2,210000,420000
I-015058,O-04323,P-01,2,45000,90000
I-015059,O-04324,P-06,2,341000,682000
I-015060,O-04324,P-01,2,45000,90000
I-015061,O-04324,P-08,1,36000,36000
I-015062,O-04324,P-05,1,520000,520000
I-015063,O-04325,P-01,3,45000,135000
I-015064,O-04325,P-08,1,36000,36000
I-015065,O-04325,P-03,2,62000,124000
I-015066,O-04325,P-06,1,341000,341000
I-015067,O-04326,P-07,1,280000,280000
I-015068,O-04326,P-02,1,210000,210000
I-015069,O-04326,P-04,1,625000,625000
I-015070,O-04326,P-06,3,341000,1023000
I-015071,O-04327,P-05,2,520000,1040000
I-015072,O-04327,P-06,3,341000,1023000
I-015073,O-04327,P-08,3,36000,108000
I-015074,O-04328,P-06,1,341000,341000
I-015075,O-04328,P-04,1,625000,625000
I-015076,O-04328,P-09,1,47500,47500
I-015077,O-04329,P-04,1,625000,625000
I-015078,O-04329,P-03,2,62000,124000
I-015079,O-04330,P-04,2,625000,1250000
I-015080,O-04330,P-01,3,45000,135000
I-015081,O-04331,P-07,3,280000,840000
I-015082,O-04331,P-08,3,36000,108000
I-015083,O-04331,P-05,3,520000,1560000
I-015084,O-04331,P-09,2,47500,95000
I-015085,O-04331,P-06,1,341000,341000
I-015086,O-04332,P-03,1,62000,62000
I-015087,O-04332,P-01,3,45000,135000
I-015088,O-04332,P-04,3,625000,1875000
I-015089,O-04332,P-06,2,341000,682000
I-015090,O-04333,P-05,3,520000,1560000
I-015091,O-04333,P-09,3,47500,142500
I-015092,O-04334,P-05,2,520000,1040000
I-015093,O-04334,P-08,3,36000,108000
I-015094,O-04335,P-06,2,341000,682000
I-015095,O-04335,P-03,1,62000,62000
I-015096,O-04335,P-04,1,625000,625000
I-015097,O-04336,P-04,2,625000,1250000
I-015098,O-04336,P-07,1,280000,280000
I-015099,O-04336,P-05,3,520000,1560000
I-015100,O-04336,P-03,2,62000,124000
I-015101,O-04336,P-06,1,341000,341000
I-015102,O-04337,P-08,1,36000,36000
I-015103,O-04337,P-07,3,280000,840000
I-015104,O-04337,P-02,3,210000,630000
I-015105,O-04337,P-05,1,520000,520000
I-015106,O-04337,P-04,2,625000,1250000
I-015107,O-04338,P-06,3,341000,1023000
I-015108,O-04338,P-03,1,62000,62000
I-015109,O-04338,P-09,3,47500,142500
I-015110,O-04338,P-02,1,210000,210000
I-015111,O-04339,P-05,3,520000,1560000
I-015112,O-04339,P-03,2,62000,124000
I-015113,O-04339,P-07,2,280000,560000
I-015114,O-04339,P-02,3,210000,630000
I-015115,O-04340,P-08,2,36000,72000
I-015116,O-04340,P-02,3,210000,630000
I-015117,O-04340,P-04,3,625000,1875000
I-015118,O-04340,P-05,1,520000,520000
I-015119,O-04340,P-09,2,47500,95000
I-015120,O-04341,P-10,3,28000,84000
I-015121,O-04341,P-02,1,210000,210000
I-015122,O-04341,P-07,3,280000,840000
I-015123,O-04341,P-04,2,625000,1250000
I-015124,O-04342,P-03,2,62000,124000
I-015125,O-04342,P-09,3,47500,142500
I-015126,O-04342,P-07,1,280000,280000
I-015127,O-04343,P-06,3,341000,1023000
I-015128,O-04343,P-08,3,36000,108000
I-015129,O-04343,P-03,2,62000,124000
I-015130,O-04343,P-02,1,210000,210000
I-015131,O-04344,P-03,2,62000,124000
I-015132,O-04344,P-01,3,45000,135000
I-015133,O-04344,P-06,3,341000,1023000
I-015134,O-04345,P-03,2,62000,124000
I-015135,O-04345,P-09,1,47500,47500
I-015136,O-04345,P-01,3,45000,135000
I-015137,O-04346,P-07,1,280000,280000
I-015138,O-04346,P-06,3,341000,1023000
I-015139,O-04346,P-10,2,28000,56000
I-015140,O-04346,P-01,2,45000,90000
I-015141,O-04347,P-05,1,520000,520000
I-015142,O-04347,P-04,1,625000,625000
I-015143,O-04348,P-09,3,47500,142500
I-015144,O-04348,P-08,2,36000,72000
I-015145,O-04348,P-03,1,62000,62000
I-015146,O-04348,P-10,1,28000,28000
I-015147,O-04349,P-05,2,520000,1040000
I-015148,O-04349,P-10,1,28000,28000
I-015149,O-04349,P-03,1,62000,62000
I-015150,O-04349,P-07,1,280000,280000
I-015151,O-04349,P-09,1,47500,47500
I-015152,O-04350,P-10,1,28000,28000
I-015153,O-04350,P-04,1,625000,625000
I-015154,O-04350,P-08,1,36000,36000
I-015155,O-04351,P-01,3,45000,135000
I-015156,O-04351,P-08,3,36000,108000
I-015157,O-04351,P-04,2,625000,1250000
I-015158,O-04351,P-05,1,520000,520000
I-015159,O-04352,P-07,1,280000,280000
I-015160,O-04352,P-05,1,520000,520000
I-015161,O-04352,P-08,2,36000,72000
I-015162,O-04352,P-02,1,210000,210000
I-015163,O-04352,P-01,1,45000,45000
I-015164,O-04353,P-08,1,36000,36000
I-015165,O-04353,P-10,2,28000,56000
I-015166,O-04354,P-03,1,62000,62000
I-015167,O-04354,P-02,3,210000,630000
I-015168,O-04354,P-09,1,47500,47500
I-015169,O-04354,P-06,1,341000,341000
I-015170,O-04354,P-10,2,28000,56000
I-015171,O-04355,P-04,3,625000,1875000
I-015172,O-04355,P-03,2,62000,124000
I-015173,O-04355,P-08,2,36000,72000
I-015174,O-04355,P-09,1,47500,47500
I-015175,O-04355,P-02,1,210000,210000
I-015176,O-04356,P-02,1,210000,210000
I-015177,O-04356,P-03,3,62000,186000
I-015178,O-04356,P-09,3,47500,142500
I-015179,O-04356,P-07,1,280000,280000
I-015180,O-04356,P-04,2,625000,1250000
I-015181,O-04357,P-02,2,210000,420000
I-015182,O-04357,P-04,2,625000,1250000
I-015183,O-04357,P-05,1,520000,520000
I-015184,O-04357,P-09,2,47500,95000
I-015185,O-04357,P-06,1,341000,341000
I-015186,O-04358,P-06,2,341000,682000
I-015187,O-04358,P-07,2,280000,560000
I-015188,O-04358,P-02,3,210000,630000
I-015189,O-04358,P-01,2,45000,90000
I-015190,O-04359,P-04,3,625000,1875000
I-015191,O-04359,P-08,3,36000,108000
I-015192,O-04359,P-03,1,62000,62000
I-015193,O-04360,P-05,1,520000,520000
I-015194,O-04360,P-10,3,28000,84000
I-015195,O-04360,P-06,2,341000,682000
I-015196,O-04361,P-04,1,625000,625000
I-015197,O-04361,P-03,1,62000,62000
I-015198,O-04362,P-03,2,62000,124000
I-015199,O-04362,P-01,2,45000,90000
I-015200,O-04362,P-09,1,47500,47500
I-015201,O-04362,P-05,2,520000,1040000
I-015202,O-04363,P-02,1,210000,210000
I-015203,O-04363,P-05,1,520000,520000
I-015204,O-04364,P-05,1,520000,520000
I-015205,O-04364,P-02,2,210000,420000
I-015206,O-04364,P-01,1,45000,45000
I-015207,O-04364,P-07,2,280000,560000
I-015208,O-04364,P-03,2,62000,124000
I-015209,O-04365,P-03,2,62000,124000
I-015210,O-04365,P-10,1,28000,28000
I-015211,O-04365,P-08,2,36000,72000
I-015212,O-04365,P-05,1,520000,520000
I-015213,O-04366,P-02,1,210000,210000
I-015214,O-04366,P-05,2,520000,1040000
I-015215,O-04366,P-08,3,36000,108000
I-015216,O-04366,P-09,2,47500,95000
I-015217,O-04366,P-10,2,28000,56000
I-015218,O-04367,P-05,2,520000,1040000
I-015219,O-04367,P-07,2,280000,560000
I-015220,O-04367,P-04,2,625000,1250000
I-015221,O-04367,P-06,3,341000,1023000
I-015222,O-04368,P-10,1,28000,28000
I-015223,O-04368,P-01,1,45000,45000
I-015224,O-04368,P-05,3,520000,1560000
I-015225,O-04368,P-09,1,47500,47500
I-015226,O-04369,P-07,1,280000,280000
I-015227,O-04369,P-06,2,341000,682000
I-015228,O-04370,P-07,2,280000,560000
I-015229,O-04370,P-02,2,210000,420000
I-015230,O-04371,P-01,3,45000,135000
I-015231,O-04371,P-07,3,280000,840000
I-015232,O-04371,P-05,3,520000,1560000
I-015233,O-04371,P-02,2,210000,420000
I-015234,O-04371,P-06,1,341000,341000
I-015235,O-04372,P-01,3,45000,135000
I-015236,O-04372,P-09,1,47500,47500
I-015237,O-04373,P-10,2,28000,56000
I-015238,O-04373,P-06,3,341000,1023000
I-015239,O-04373,P-02,2,210000,420000
I-015240,O-04373,P-01,2,45000,90000
I-015241,O-04374,P-10,1,28000,28000
I-015242,O-04374,P-06,2,341000,682000
I-015243,O-04374,P-02,1,210000,210000
I-015244,O-04375,P-07,3,280000,840000
I-015245,O-04375,P-09,3,47500,142500
I-015246,O-04375,P-06,1,341000,341000
I-015247,O-04375,P-04,2,625000,1250000
I-015248,O-04375,P-03,1,62000,62000
I-015249,O-04376,P-09,2,47500,95000
I-015250,O-04376,P-07,1,280000,280000
I-015251,O-04376,P-08,3,36000,108000
I-015252,O-04377,P-10,2,28000,56000
I-015253,O-04377,P-07,3,280000,840000
I-015254,O-04377,P-01,2,45000,90000
I-015255,O-04378,P-07,1,280000,280000
I-015256,O-04378,P-10,3,28000,84000
I-015257,O-04378,P-09,3,47500,142500
I-015258,O-04379,P-07,2,280000,560000
I-015259,O-04379,P-05,1,520000,520000
I-015260,O-04379,P-01,2,45000,90000
I-015261,O-04379,P-08,3,36000,108000
I-015262,O-04379,P-02,1,210000,210000
I-015263,O-04380,P-10,1,28000,28000
I-015264,O-04380,P-08,3,36000,108000
I-015265,O-04380,P-01,2,45000,90000
I-015266,O-04380,P-02,1,210000,210000
I-015267,O-04381,P-09,1,47500,47500
I-015268,O-04381,P-02,3,210000,630000
I-015269,O-04381,P-10,3,28000,84000
I-015270,O-04381,P-03,3,62000,186000
I-015271,O-04382,P-05,3,520000,1560000
I-015272,O-04382,P-01,3,45000,135000
I-015273,O-04383,P-07,2,280000,560000
I-015274,O-04383,P-05,3,520000,1560000
I-015275,O-04383,P-03,2,62000,124000
I-015276,O-04384,P-08,1,36000,36000
I-015277,O-04384,P-04,1,625000,625000
I-015278,O-04384,P-07,3,280000,840000
I-015279,O-04384,P-09,3,47500,142500
I-015280,O-04384,P-10,1,28000,28000
I-015281,O-04385,P-01,2,45000,90000
I-015282,O-04385,P-04,1,625000,625000
I-015283,O-04385,P-05,3,520000,1560000
I-015284,O-04385,P-08,3,36000,108000
I-015285,O-04386,P-07,3,280000,840000
I-015286,O-04386,P-02,2,210000,420000
I-015287,O-04387,P-06,2,341000,682000
I-015288,O-04387,P-02,3,210000,630000
I-015289,O-04388,P-04,1,625000,625000
I-015290,O-04388,P-08,2,36000,72000
I-015291,O-04388,P-06,1,341000,341000
I-015292,O-04388,P-07,1,280000,280000
I-015293,O-04389,P-08,2,36000,72000
I-015294,O-04389,P-03,3,62000,186000
I-015295,O-04389,P-09,2,47500,95000
I-015296,O-04390,P-08,2,36000,72000
I-015297,O-04390,P-03,3,62000,186000
I-015298,O-04390,P-02,3,210000,630000
I-015299,O-04390,P-07,1,280000,280000
I-015300,O-04391,P-10,2,28000,56000
I-015301,O-04391,P-09,1,47500,47500
I-015302,O-04392,P-08,1,36000,36000
I-015303,O-04392,P-10,1,28000,28000
I-015304,O-04392,P-04,3,625000,1875000
I-015305,O-04393,P-06,1,341000,341000
I-015306,O-04393,P-01,3,45000,135000
I-015307,O-04394,P-09,2,47500,95000
I-015308,O-04394,P-01,2,45000,90000
I-015309,O-04394,P-03,1,62000,62000
I-015310,O-04394,P-10,3,28000,84000
I-015311,O-04394,P-05,1,520000,520000
I-015312,O-04395,P-04,1,625000,625000
I-015313,O-04395,P-02,2,210000,420000
I-015314,O-04396,P-02,1,210000,210000
I-015315,O-04396,P-03,1,62000,62000
I-015316,O-04397,P-05,1,520000,520000
I-015317,O-04397,P-10,2,28000,56000
I-015318,O-04397,P-02,3,210000,630000
I-015319,O-04397,P-04,3,625000,1875000
I-015320,O-04398,P-09,1,47500,47500
I-015321,O-04398,P-05,1,520000,520000
I-015322,O-04399,P-07,3,280000,840000
I-015323,O-04399,P-01,2,45000,90000
I-015324,O-04400,P-05,3,520000,1560000
I-015325,O-04400,P-06,2,341000,682000
I-015326,O-04401,P-02,3,210000,630000
I-015327,O-04401,P-08,1,36000,36000
I-015328,O-04401,P-05,3,520000,1560000
I-015329,O-04401,P-01,3,45000,135000
I-015330,O-04401,P-06,2,341000,682000
I-015331,O-04402,P-07,3,280000,840000
I-015332,O-04402,P-05,2,520000,1040000
I-015333,O-04403,P-04,2,625000,1250000
I-015334,O-04403,P-10,1,28000,28000
I-015335,O-04403,P-08,1,36000,36000
I-015336,O-04403,P-06,1,341000,341000
I-015337,O-04403,P-03,3,62000,186000
I-015338,O-04404,P-09,1,47500,47500
I-015339,O-04404,P-04,1,625000,625000
I-015340,O-04404,P-03,3,62000,186000
I-015341,O-04404,P-02,2,210000,420000
I-015342,O-04404,P-05,2,520000,1040000
I-015343,O-04405,P-08,2,36000,72000
I-015344,O-04405,P-05,3,520000,1560000
I-015345,O-04405,P-07,3,280000,840000
I-015346,O-04405,P-06,1,341000,341000
I-015347,O-04405,P-02,1,210000,210000
I-015348,O-04406,P-08,2,36000,72000
I-015349,O-04406,P-05,2,520000,1040000
I-015350,O-04406,P-04,3,625000,1875000
I-015351,O-04406,P-03,2,62000,124000
I-015352,O-04407,P-04,3,625000,1875000
I-015353,O-04407,P-07,3,280000,840000
I-015354,O-04407,P-03,3,62000,186000
I-015355,O-04408,P-01,2,45000,90000
I-015356,O-04408,P-09,2,47500,95000
I-015357,O-04408,P-06,1,341000,341000
I-015358,O-04408,P-03,1,62000,62000
I-015359,O-04409,P-03,2,62000,124000
I-015360,O-04409,P-09,3,47500,142500
I-015361,O-04409,P-01,1,45000,45000
I-015362,O-04409,P-02,1,210000,210000
I-015363,O-04409,P-06,1,341000,341000
I-015364,O-04410,P-07,3,280000,840000
I-015365,O-04410,P-05,1,520000,520000
I-015366,O-04410,P-03,1,62000,62000
I-015367,O-04411,P-05,3,520000,1560000
I-015368,O-04411,P-10,1,28000,28000
I-015369,O-04411,P-02,3,210000,630000
I-015370,O-04411,P-01,2,45000,90000
I-015371,O-04412,P-02,2,210000,420000
I-015372,O-04412,P-06,2,341000,682000
I-015373,O-04412,P-01,3,45000,135000
I-015374,O-04413,P-04,2,625000,1250000
I-015375,O-04413,P-01,2,45000,90000
I-015376,O-04414,P-04,3,625000,1875000
I-015377,O-04414,P-06,1,341000,341000
I-015378,O-04414,P-09,1,47500,47500
I-015379,O-04414,P-08,3,36000,108000
I-015380,O-04414,P-05,1,520000,520000
I-015381,O-04415,P-03,3,62000,186000
I-015382,O-04415,P-01,1,45000,45000
I-015383,O-04416,P-01,1,45000,45000
I-015384,O-04416,P-03,1,62000,62000
I-015385,O-04417,P-01,1,45000,45000
I-015386,O-04417,P-07,2,280000,560000
I-015387,O-04417,P-04,1,625000,625000
I-015388,O-04418,P-09,3,47500,142500
I-015389,O-04418,P-06,1,341000,341000
I-015390,O-04418,P-07,3,280000,840000
I-015391,O-04418,P-05,2,520000,1040000
I-015392,O-04419,P-07,2,280000,560000
I-015393,O-04419,P-05,3,520000,1560000
I-015394,O-04420,P-05,3,520000,1560000
I-015395,O-04420,P-08,1,36000,36000
I-015396,O-04420,P-10,1,28000,28000
I-015397,O-04421,P-05,2,520000,1040000
I-015398,O-04421,P-10,3,28000,84000
I-015399,O-04421,P-07,1,280000,280000
I-015400,O-04421,P-09,3,47500,142500
I-015401,O-04421,P-01,2,45000,90000
I-015402,O-04422,P-10,1,28000,28000
I-015403,O-04422,P-08,1,36000,36000
I-015404,O-04422,P-04,2,625000,1250000
I-015405,O-04422,P-03,3,62000,186000
I-015406,O-04422,P-09,2,47500,95000
I-015407,O-04423,P-07,1,280000,280000
I-015408,O-04423,P-05,1,520000,520000
I-015409,O-04423,P-06,3,341000,1023000
I-015410,O-04423,P-08,1,36000,36000
I-015411,O-04424,P-02,2,210000,420000
I-015412,O-04424,P-05,1,520000,520000
I-015413,O-04424,P-06,3,341000,1023000
I-015414,O-04424,P-03,1,62000,62000
I-015415,O-04424,P-09,2,47500,95000
I-015416,O-04425,P-05,3,520000,1560000
I-015417,O-04425,P-08,3,36000,108000
I-015418,O-04425,P-02,3,210000,630000
I-015419,O-04425,P-07,3,280000,840000
I-015420,O-04425,P-09,2,47500,95000
I-015421,O-04426,P-02,1,210000,210000
I-015422,O-04426,P-07,1,280000,280000
I-015423,O-04426,P-09,3,47500,142500
I-015424,O-04426,P-08,3,36000,108000
I-015425,O-04427,P-05,3,520000,1560000
I-015426,O-04427,P-03,2,62000,124000
I-015427,O-04427,P-06,2,341000,682000
I-015428,O-04427,P-10,3,28000,84000
I-015429,O-04427,P-09,3,47500,142500
I-015430,O-04428,P-04,1,625000,625000
I-015431,O-04428,P-10,3,28000,84000
I-015432,O-04428,P-09,2,47500,95000
I-015433,O-04428,P-06,2,341000,682000
I-015434,O-04429,P-07,1,280000,280000
I-015435,O-04429,P-02,1,210000,210000
I-015436,O-04429,P-06,3,341000,1023000
I-015437,O-04429,P-05,2,520000,1040000
I-015438,O-04429,P-01,3,45000,135000
I-015439,O-04430,P-02,3,210000,630000
I-015440,O-04430,P-10,1,28000,28000
I-015441,O-04430,P-09,1,47500,47500
I-015442,O-04431,P-04,2,625000,1250000
I-015443,O-04431,P-03,1,62000,62000
I-015444,O-04432,P-07,2,280000,560000
I-015445,O-04432,P-05,2,520000,1040000
I-015446,O-04433,P-07,2,280000,560000
I-015447,O-04433,P-01,2,45000,90000
I-015448,O-04433,P-08,1,36000,36000
I-015449,O-04434,P-08,1,36000,36000
I-015450,O-04434,P-03,2,62000,124000
I-015451,O-04434,P-09,1,47500,47500
I-015452,O-04434,P-02,3,210000,630000
I-015453,O-04434,P-05,1,520000,520000
I-015454,O-04435,P-07,1,280000,280000
I-015455,O-04435,P-05,2,520000,1040000
I-015456,O-04435,P-10,1,28000,28000
I-015457,O-04435,P-03,2,62000,124000
I-015458,O-04436,P-07,1,280000,280000
I-015459,O-04436,P-05,2,520000,1040000
I-015460,O-04437,P-05,2,520000,1040000
I-015461,O-04437,P-10,1,28000,28000
I-015462,O-04437,P-06,2,341000,682000
I-015463,O-04437,P-01,3,45000,135000
I-015464,O-04437,P-02,2,210000,420000
I-015465,O-04438,P-02,1,210000,210000
I-015466,O-04438,P-09,3,47500,142500
I-015467,O-04438,P-05,2,520000,1040000
I-015468,O-04439,P-01,1,45000,45000
I-015469,O-04439,P-10,3,28000,84000
I-015470,O-04439,P-06,3,341000,1023000
I-015471,O-04439,P-07,2,280000,560000
I-015472,O-04440,P-02,1,210000,210000
I-015473,O-04440,P-09,1,47500,47500
I-015474,O-04440,P-03,3,62000,186000
I-015475,O-04440,P-05,1,520000,520000
I-015476,O-04441,P-08,3,36000,108000
I-015477,O-04441,P-01,1,45000,45000
I-015478,O-04442,P-05,1,520000,520000
I-015479,O-04442,P-03,1,62000,62000
I-015480,O-04442,P-09,3,47500,142500
I-015481,O-04443,P-02,2,210000,420000
I-015482,O-04443,P-10,1,28000,28000
I-015483,O-04443,P-06,3,341000,1023000
I-015484,O-04443,P-09,1,47500,47500
I-015485,O-04444,P-09,1,47500,47500
I-015486,O-04444,P-05,2,520000,1040000
I-015487,O-04444,P-04,1,625000,625000
I-015488,O-04445,P-06,2,341000,682000
I-015489,O-04445,P-01,2,45000,90000
I-015490,O-04446,P-04,3,625000,1875000
I-015491,O-04446,P-03,3,62000,186000
I-015492,O-04446,P-06,1,341000,341000
I-015493,O-04446,P-02,3,210000,630000
I-015494,O-04446,P-01,3,45000,135000
I-015495,O-04447,P-05,3,520000,1560000
I-015496,O-04447,P-02,2,210000,420000
I-015497,O-04448,P-08,3,36000,108000
I-015498,O-04448,P-03,3,62000,186000
I-015499,O-04448,P-10,3,28000,84000
I-015500,O-04448,P-07,1,280000,280000
I-015501,O-04448,P-04,2,625000,1250000
I-015502,O-04449,P-09,2,47500,95000
I-015503,O-04449,P-02,2,210000,420000
I-015504,O-04450,P-08,3,36000,108000
I-015505,O-04450,P-06,3,341000,1023000
I-015506,O-04450,P-07,2,280000,560000
I-015507,O-04450,P-10,3,28000,84000
I-015508,O-04450,P-03,2,62000,124000
I-015509,O-04451,P-04,1,625000,625000
I-015510,O-04451,P-03,1,62000,62000
I-015511,O-04452,P-09,2,47500,95000
I-015512,O-04452,P-08,2,36000,72000
I-015513,O-04452,P-10,2,28000,56000
I-015514,O-04452,P-06,1,341000,341000
I-015515,O-04453,P-04,1,625000,625000
I-015516,O-04453,P-08,1,36000,36000
I-015517,O-04453,P-07,3,280000,840000
I-015518,O-04454,P-03,2,62000,124000
I-015519,O-04454,P-09,2,47500,95000
I-015520,O-04454,P-01,3,45000,135000
I-015521,O-04455,P-06,3,341000,1023000
I-015522,O-04455,P-01,1,45000,45000
I-015523,O-04455,P-09,3,47500,142500
I-015524,O-04455,P-07,1,280000,280000
I-015525,O-04456,P-01,3,45000,135000
I-015526,O-04456,P-02,1,210000,210000
I-015527,O-04456,P-10,2,28000,56000
I-015528,O-04456,P-08,3,36000,108000
I-015529,O-04456,P-07,1,280000,280000
I-015530,O-04457,P-09,1,47500,47500
I-015531,O-04457,P-07,3,280000,840000
I-015532,O-04457,P-05,1,520000,520000
I-015533,O-04458,P-03,2,62000,124000
I-015534,O-04458,P-08,2,36000,72000
I-015535,O-04458,P-07,1,280000,280000
I-015536,O-04459,P-09,2,47500,95000
I-015537,O-04459,P-10,2,28000,56000
I-015538,O-04460,P-03,2,62000,124000
I-015539,O-04460,P-06,2,341000,682000
I-015540,O-04461,P-07,1,280000,280000
I-015541,O-04461,P-03,2,62000,124000
I-015542,O-04461,P-08,1,36000,36000
I-015543,O-04461,P-10,1,28000,28000
I-015544,O-04461,P-05,3,520000,1560000
I-015545,O-04462,P-04,3,625000,1875000
I-015546,O-04462,P-08,2,36000,72000
I-015547,O-04462,P-07,1,280000,280000
I-015548,O-04462,P-09,1,47500,47500
I-015549,O-04463,P-02,1,210000,210000
I-015550,O-04463,P-07,1,280000,280000
I-015551,O-04463,P-06,3,341000,1023000
I-015552,O-04463,P-05,2,520000,1040000
I-015553,O-04464,P-09,3,47500,142500
I-015554,O-04464,P-05,3,520000,1560000
I-015555,O-04464,P-02,1,210000,210000
I-015556,O-04464,P-10,3,28000,84000
I-015557,O-04464,P-04,2,625000,1250000
I-015558,O-04465,P-08,3,36000,108000
I-015559,O-04465,P-07,3,280000,840000
I-015560,O-04465,P-05,1,520000,520000
I-015561,O-04465,P-04,1,625000,625000
I-015562,O-04465,P-10,2,28000,56000
I-015563,O-04466,P-02,1,210000,210000
I-015564,O-04466,P-10,3,28000,84000
I-015565,O-04466,P-09,1,47500,47500
I-015566,O-04467,P-07,1,280000,280000
I-015567,O-04467,P-09,2,47500,95000
I-015568,O-04468,P-09,1,47500,47500
I-015569,O-04468,P-07,2,280000,560000
I-015570,O-04468,P-03,2,62000,124000
I-015571,O-04468,P-05,3,520000,1560000
I-015572,O-04469,P-07,3,280000,840000
I-015573,O-04469,P-06,2,341000,682000
I-015574,O-04469,P-10,3,28000,84000
I-015575,O-04470,P-04,2,625000,1250000
I-015576,O-04470,P-09,3,47500,142500
I-015577,O-04471,P-10,2,28000,56000
I-015578,O-04471,P-01,1,45000,45000
I-015579,O-04472,P-09,2,47500,95000
I-015580,O-04472,P-10,1,28000,28000
I-015581,O-04472,P-05,3,520000,1560000
I-015582,O-04473,P-09,1,47500,47500
I-015583,O-04473,P-04,2,625000,1250000
I-015584,O-04473,P-05,3,520000,1560000
I-015585,O-04474,P-08,2,36000,72000
I-015586,O-04474,P-07,3,280000,840000
I-015587,O-04475,P-10,2,28000,56000
I-015588,O-04475,P-02,2,210000,420000
I-015589,O-04475,P-09,1,47500,47500
I-015590,O-04475,P-01,3,45000,135000
I-015591,O-04475,P-03,1,62000,62000
I-015592,O-04476,P-07,1,280000,280000
I-015593,O-04476,P-04,1,625000,625000
I-015594,O-04477,P-06,3,341000,1023000
I-015595,O-04477,P-02,3,210000,630000
I-015596,O-04477,P-01,2,45000,90000
I-015597,O-04477,P-09,3,47500,142500
I-015598,O-04477,P-04,3,625000,1875000
I-015599,O-04478,P-08,3,36000,108000
I-015600,O-04478,P-05,1,520000,520000
I-015601,O-04478,P-07,1,280000,280000
I-015602,O-04478,P-01,3,45000,135000
I-015603,O-04479,P-07,2,280000,560000
I-015604,O-04479,P-05,3,520000,1560000
I-015605,O-04480,P-07,1,280000,280000
I-015606,O-04480,P-05,2,520000,1040000
I-015607,O-04480,P-10,2,28000,56000
I-015608,O-04481,P-03,2,62000,124000
I-015609,O-04481,P-07,3,280000,840000
I-015610,O-04482,P-03,1,62000,62000
I-015611,O-04482,P-07,3,280000,840000
I-015612,O-04482,P-10,3,28000,84000
I-015613,O-04482,P-01,1,45000,45000
I-015614,O-04482,P-04,1,625000,625000
I-015615,O-04483,P-06,3,341000,1023000
I-015616,O-04483,P-08,3,36000,108000
I-015617,O-04483,P-01,3,45000,135000
I-015618,O-04483,P-05,1,520000,520000
I-015619,O-04484,P-05,2,520000,1040000
I-015620,O-04484,P-03,1,62000,62000
I-015621,O-04484,P-02,1,210000,210000
I-015622,O-04484,P-07,2,280000,560000
I-015623,O-04485,P-01,2,45000,90000
I-015624,O-04485,P-04,1,625000,625000
I-015625,O-04485,P-03,1,62000,62000
I-015626,O-04485,P-10,3,28000,84000
I-015627,O-04486,P-05,1,520000,520000
I-015628,O-04486,P-10,3,28000,84000
I-015629,O-04486,P-09,2,47500,95000
I-015630,O-04487,P-06,1,341000,341000
I-015631,O-04487,P-08,2,36000,72000
I-015632,O-04487,P-01,3,45000,135000
I-015633,O-04487,P-02,1,210000,210000
I-015634,O-04487,P-05,1,520000,520000
I-015635,O-04488,P-06,1,341000,341000
I-015636,O-04488,P-08,2,36000,72000
I-015637,O-04488,P-10,3,28000,84000
I-015638,O-04488,P-02,3,210000,630000
I-015639,O-04489,P-05,2,520000,1040000
I-015640,O-04489,P-08,1,36000,36000
I-015641,O-04489,P-10,2,28000,56000
I-015642,O-04490,P-05,2,520000,1040000
I-015643,O-04490,P-06,2,341000,682000
I-015644,O-04490,P-08,3,36000,108000
I-015645,O-04490,P-10,3,28000,84000
I-015646,O-04490,P-02,1,210000,210000
I-015647,O-04491,P-07,2,280000,560000
I-015648,O-04491,P-10,3,28000,84000
I-015649,O-04491,P-09,1,47500,47500
I-015650,O-04491,P-04,3,625000,1875000
I-015651,O-04492,P-01,1,45000,45000
I-015652,O-04492,P-05,3,520000,1560000
I-015653,O-04492,P-07,3,280000,840000
I-015654,O-04492,P-06,1,341000,341000
I-015655,O-04493,P-01,3,45000,135000
I-015656,O-04493,P-03,1,62000,62000
I-015657,O-04493,P-09,3,47500,142500
I-015658,O-04493,P-04,1,625000,625000
I-015659,O-04493,P-02,2,210000,420000
I-015660,O-04494,P-04,2,625000,1250000
I-015661,O-04494,P-10,3,28000,84000
I-015662,O-04494,P-05,3,520000,1560000
I-015663,O-04494,P-03,1,62000,62000
I-015664,O-04494,P-07,3,280000,840000
I-015665,O-04495,P-03,3,62000,186000
I-015666,O-04495,P-06,3,341000,1023000
I-015667,O-04496,P-10,2,28000,56000
I-015668,O-04496,P-04,3,625000,1875000
I-015669,O-04497,P-01,3,45000,135000
I-015670,O-04497,P-09,1,47500,47500
I-015671,O-04497,P-05,1,520000,520000
I-015672,O-04498,P-09,3,47500,142500
I-015673,O-04498,P-02,2,210000,420000
I-015674,O-04498,P-10,2,28000,56000
I-015675,O-04499,P-03,3,62000,186000
I-015676,O-04499,P-04,1,625000,625000
I-015677,O-04499,P-10,3,28000,84000
I-015678,O-04500,P-09,3,47500,142500
I-015679,O-04500,P-01,3,45000,135000
I-015680,O-04500,P-03,3,62000,186000
I-015681,O-04500,P-08,2,36000,72000
I-015682,O-04501,P-04,3,625000,1875000
I-015683,O-04501,P-10,1,28000,28000
I-015684,O-04501,P-07,2,280000,560000
I-015685,O-04501,P-06,3,341000,1023000
I-015686,O-04501,P-08,1,36000,36000
I-015687,O-04502,P-05,1,520000,520000
I-015688,O-04502,P-07,1,280000,280000
I-015689,O-04502,P-08,2,36000,72000
I-015690,O-04503,P-09,2,47500,95000
I-015691,O-04503,P-05,2,520000,1040000
I-015692,O-04503,P-08,2,36000,72000
I-015693,O-04503,P-07,1,280000,280000
I-015694,O-04504,P-07,3,280000,840000
I-015695,O-04504,P-08,3,36000,108000
I-015696,O-04505,P-04,3,625000,1875000
I-015697,O-04505,P-09,1,47500,47500
I-015698,O-04505,P-08,1,36000,36000
I-015699,O-04505,P-06,3,341000,1023000
I-015700,O-04506,P-10,1,28000,28000
I-015701,O-04506,P-09,1,47500,47500
I-015702,O-04507,P-08,2,36000,72000
I-015703,O-04507,P-01,2,45000,90000
I-015704,O-04507,P-03,3,62000,186000
I-015705,O-04508,P-06,1,341000,341000
I-015706,O-04508,P-04,2,625000,1250000
I-015707,O-04508,P-09,3,47500,142500
I-015708,O-04508,P-02,2,210000,420000
I-015709,O-04508,P-08,3,36000,108000
I-015710,O-04509,P-04,2,625000,1250000
I-015711,O-04509,P-03,2,62000,124000
I-015712,O-04509,P-01,2,45000,90000
I-015713,O-04510,P-02,2,210000,420000
I-015714,O-04510,P-09,3,47500,142500
I-015715,O-04511,P-06,2,341000,682000
I-015716,O-04511,P-08,3,36000,108000
I-015717,O-04511,P-02,1,210000,210000
I-015718,O-04512,P-01,1,45000,45000
I-015719,O-04512,P-06,3,341000,1023000
I-015720,O-04512,P-05,3,520000,1560000
I-015721,O-04512,P-08,3,36000,108000
I-015722,O-04513,P-06,1,341000,341000
I-015723,O-04513,P-01,1,45000,45000
I-015724,O-04513,P-05,2,520000,1040000
I-015725,O-04514,P-04,2,625000,1250000
I-015726,O-04514,P-10,3,28000,84000
I-015727,O-04514,P-09,2,47500,95000
I-015728,O-04514,P-01,3,45000,135000
I-015729,O-04514,P-08,2,36000,72000
I-015730,O-04515,P-08,2,36000,72000
I-015731,O-04515,P-05,2,520000,1040000
I-015732,O-04515,P-06,1,341000,341000
I-015733,O-04515,P-04,1,625000,625000
I-015734,O-04515,P-01,3,45000,135000
I-015735,O-04516,P-01,1,45000,45000
I-015736,O-04516,P-07,3,280000,840000
I-015737,O-04516,P-08,1,36000,36000
I-015738,O-04517,P-09,2,47500,95000
I-015739,O-04517,P-03,3,62000,186000
I-015740,O-04517,P-08,2,36000,72000
I-015741,O-04518,P-02,2,210000,420000
I-015742,O-04518,P-05,2,520000,1040000
I-015743,O-04519,P-04,2,625000,1250000
I-015744,O-04519,P-06,1,341000,341000
I-015745,O-04519,P-07,1,280000,280000
I-015746,O-04519,P-10,2,28000,56000
I-015747,O-04520,P-04,2,625000,1250000
I-015748,O-04520,P-07,2,280000,560000
I-015749,O-04521,P-08,3,36000,108000
I-015750,O-04521,P-01,2,45000,90000
I-015751,O-04522,P-09,3,47500,142500
I-015752,O-04522,P-06,3,341000,1023000
I-015753,O-04523,P-07,2,280000,560000
I-015754,O-04523,P-03,2,62000,124000
I-015755,O-04523,P-06,2,341000,682000
I-015756,O-04524,P-09,2,47500,95000
I-015757,O-04524,P-04,2,625000,1250000
I-015758,O-04524,P-03,2,62000,124000
I-015759,O-04524,P-10,2,28000,56000
I-015760,O-04525,P-02,3,210000,630000
I-015761,O-04525,P-06,2,341000,682000
I-015762,O-04526,P-07,2,280000,560000
I-015763,O-04526,P-01,1,45000,45000
I-015764,O-04526,P-06,2,341000,682000
I-015765,O-04526,P-05,1,520000,520000
I-015766,O-04526,P-02,1,210000,210000
I-015767,O-04527,P-04,1,625000,625000
I-015768,O-04527,P-01,1,45000,45000
I-015769,O-04527,P-10,3,28000,84000
I-015770,O-04527,P-05,1,520000,520000
I-015771,O-04527,P-07,1,280000,280000
I-015772,O-04528,P-10,1,28000,28000
I-015773,O-04528,P-03,3,62000,186000
I-015774,O-04528,P-04,3,625000,1875000
I-015775,O-04528,P-08,1,36000,36000
I-015776,O-04528,P-02,1,210000,210000
I-015777,O-04529,P-04,1,625000,625000
I-015778,O-04529,P-07,1,280000,280000
I-015779,O-04529,P-10,2,28000,56000
I-015780,O-04530,P-01,1,45000,45000
I-015781,O-04530,P-04,1,625000,625000
I-015782,O-04530,P-07,1,280000,280000
I-015783,O-04530,P-03,3,62000,186000
I-015784,O-04530,P-10,3,28000,84000
I-015785,O-04531,P-09,3,47500,142500
I-015786,O-04531,P-02,2,210000,420000
I-015787,O-04531,P-01,2,45000,90000
I-015788,O-04532,P-04,1,625000,625000
I-015789,O-04532,P-06,3,341000,1023000
I-015790,O-04532,P-10,2,28000,56000
I-015791,O-04532,P-02,2,210000,420000
I-015792,O-04532,P-09,2,47500,95000
I-015793,O-04533,P-06,2,341000,682000
I-015794,O-04533,P-02,1,210000,210000
I-015795,O-04533,P-05,1,520000,520000
I-015796,O-04533,P-10,2,28000,56000
I-015797,O-04534,P-02,2,210000,420000
I-015798,O-04534,P-01,3,45000,135000
I-015799,O-04534,P-07,2,280000,560000
I-015800,O-04535,P-09,2,47500,95000
I-015801,O-04535,P-05,3,520000,1560000
I-015802,O-04535,P-01,1,45000,45000
I-015803,O-04536,P-08,3,36000,108000
I-015804,O-04536,P-01,2,45000,90000
I-015805,O-04536,P-06,2,341000,682000
I-015806,O-04536,P-04,3,625000,1875000
I-015807,O-04537,P-07,2,280000,560000
I-015808,O-04537,P-05,2,520000,1040000
I-015809,O-04537,P-04,3,625000,1875000
I-015810,O-04537,P-10,2,28000,56000
I-015811,O-04537,P-06,2,341000,682000
I-015812,O-04538,P-04,2,625000,1250000
I-015813,O-04538,P-10,1,28000,28000
I-015814,O-04538,P-03,3,62000,186000
I-015815,O-04538,P-07,3,280000,840000
I-015816,O-04539,P-10,2,28000,56000
I-015817,O-04539,P-04,3,625000,1875000
I-015818,O-04539,P-06,2,341000,682000
I-015819,O-04540,P-09,3,47500,142500
I-015820,O-04540,P-04,2,625000,1250000
I-015821,O-04541,P-07,1,280000,280000
I-015822,O-04541,P-08,2,36000,72000
I-015823,O-04541,P-04,1,625000,625000
I-015824,O-04541,P-01,1,45000,45000
I-015825,O-04542,P-03,1,62000,62000
I-015826,O-04542,P-08,2,36000,72000
I-015827,O-04543,P-05,2,520000,1040000
I-015828,O-04543,P-04,1,625000,625000
I-015829,O-04543,P-07,2,280000,560000
I-015830,O-04544,P-08,2,36000,72000
I-015831,O-04544,P-05,1,520000,520000
I-015832,O-04544,P-03,1,62000,62000
I-015833,O-04545,P-03,2,62000,124000
I-015834,O-04545,P-06,1,341000,341000
I-015835,O-04546,P-03,1,62000,62000
I-015836,O-04546,P-10,3,28000,84000
I-015837,O-04546,P-06,3,341000,1023000
I-015838,O-04547,P-07,1,280000,280000
I-015839,O-04547,P-03,3,62000,186000
I-015840,O-04547,P-05,2,520000,1040000
I-015841,O-04548,P-08,1,36000,36000
I-015842,O-04548,P-06,2,341000,682000
I-015843,O-04548,P-05,3,520000,1560000
I-015844,O-04548,P-03,3,62000,186000
I-015845,O-04548,P-04,1,625000,625000
I-015846,O-04549,P-08,2,36000,72000
I-015847,O-04549,P-04,3,625000,1875000
I-015848,O-04549,P-02,2,210000,420000
I-015849,O-04549,P-05,3,520000,1560000
I-015850,O-04550,P-08,2,36000,72000
I-015851,O-04550,P-09,1,47500,47500
I-015852,O-04551,P-10,1,28000,28000
I-015853,O-04551,P-03,3,62000,186000
I-015854,O-04551,P-05,2,520000,1040000
I-015855,O-04552,P-10,3,28000,84000
I-015856,O-04552,P-06,1,341000,341000
I-015857,O-04552,P-03,1,62000,62000
I-015858,O-04553,P-09,1,47500,47500
I-015859,O-04553,P-07,3,280000,840000
I-015860,O-04553,P-02,1,210000,210000
I-015861,O-04553,P-05,1,520000,520000
I-015862,O-04554,P-04,1,625000,625000
I-015863,O-04554,P-08,2,36000,72000
I-015864,O-04554,P-05,1,520000,520000
I-015865,O-04554,P-09,2,47500,95000
I-015866,O-04554,P-10,1,28000,28000
I-015867,O-04555,P-05,1,520000,520000
I-015868,O-04555,P-03,1,62000,62000
I-015869,O-04555,P-02,2,210000,420000
I-015870,O-04555,P-10,2,28000,56000
I-015871,O-04555,P-08,1,36000,36000
I-015872,O-04556,P-02,2,210000,420000
I-015873,O-04556,P-05,2,520000,1040000
I-015874,O-04556,P-03,3,62000,186000
I-015875,O-04556,P-04,2,625000,1250000
I-015876,O-04556,P-08,1,36000,36000
I-015877,O-04557,P-02,3,210000,630000
I-015878,O-04557,P-01,3,45000,135000
I-015879,O-04558,P-06,3,341000,1023000
I-015880,O-04558,P-07,3,280000,840000
I-015881,O-04558,P-05,3,520000,1560000
I-015882,O-04558,P-01,3,45000,135000
I-015883,O-04558,P-09,1,47500,47500
I-015884,O-04559,P-08,1,36000,36000
I-015885,O-04559,P-10,2,28000,56000
I-015886,O-04560,P-06,2,341000,682000
I-015887,O-04560,P-04,3,625000,1875000
I-015888,O-04560,P-01,3,45000,135000
I-015889,O-04560,P-03,2,62000,124000
I-015890,O-04561,P-04,2,625000,1250000
I-015891,O-04561,P-05,1,520000,520000
I-015892,O-04561,P-10,1,28000,28000
I-015893,O-04561,P-08,2,36000,72000
I-015894,O-04561,P-09,1,47500,47500
I-015895,O-04562,P-09,1,47500,47500
I-015896,O-04562,P-02,1,210000,210000
I-015897,O-04562,P-04,1,625000,625000
I-015898,O-04562,P-07,3,280000,840000
I-015899,O-04562,P-06,2,341000,682000
I-015900,O-04563,P-10,3,28000,84000
I-015901,O-04563,P-06,1,341000,341000
I-015902,O-04563,P-08,1,36000,36000
I-015903,O-04563,P-09,1,47500,47500
I-015904,O-04563,P-03,2,62000,124000
I-015905,O-04564,P-01,1,45000,45000
I-015906,O-04564,P-06,3,341000,1023000
I-015907,O-04564,P-02,3,210000,630000
I-015908,O-04565,P-07,1,280000,280000
I-015909,O-04565,P-09,2,47500,95000
I-015910,O-04566,P-02,3,210000,630000
I-015911,O-04566,P-04,2,625000,1250000
I-015912,O-04566,P-05,1,520000,520000
I-015913,O-04567,P-07,3,280000,840000
I-015914,O-04567,P-06,3,341000,1023000
I-015915,O-04567,P-05,1,520000,520000
I-015916,O-04568,P-10,3,28000,84000
I-015917,O-04568,P-05,2,520000,1040000
I-015918,O-04568,P-04,2,625000,1250000
I-015919,O-04569,P-10,3,28000,84000
I-015920,O-04569,P-03,2,62000,124000
I-015921,O-04570,P-07,2,280000,560000
I-015922,O-04570,P-06,3,341000,1023000
I-015923,O-04570,P-05,3,520000,1560000
I-015924,O-04570,P-10,1,28000,28000
I-015925,O-04570,P-01,3,45000,135000
I-015926,O-04571,P-05,2,520000,1040000
I-015927,O-04571,P-10,2,28000,56000
I-015928,O-04572,P-04,1,625000,625000
I-015929,O-04572,P-08,1,36000,36000
I-015930,O-04572,P-03,2,62000,124000
I-015931,O-04573,P-05,1,520000,520000
I-015932,O-04573,P-06,3,341000,1023000
I-015933,O-04573,P-04,1,625000,625000
I-015934,O-04573,P-01,1,45000,45000
I-015935,O-04574,P-03,3,62000,186000
I-015936,O-04574,P-09,3,47500,142500
I-015937,O-04575,P-01,3,45000,135000
I-015938,O-04575,P-07,3,280000,840000
I-015939,O-04575,P-05,1,520000,520000
I-015940,O-04575,P-06,1,341000,341000
I-015941,O-04575,P-09,2,47500,95000
I-015942,O-04576,P-04,3,625000,1875000
I-015943,O-04576,P-02,3,210000,630000
I-015944,O-04577,P-06,3,341000,1023000
I-015945,O-04577,P-10,2,28000,56000
I-015946,O-04578,P-03,3,62000,186000
I-015947,O-04578,P-05,2,520000,1040000
I-015948,O-04578,P-10,3,28000,84000
I-015949,O-04578,P-08,2,36000,72000
I-015950,O-04578,P-06,2,341000,682000
I-015951,O-04579,P-06,3,341000,1023000
I-015952,O-04579,P-01,3,45000,135000
I-015953,O-04579,P-02,3,210000,630000
I-015954,O-04580,P-02,1,210000,210000
I-015955,O-04580,P-06,1,341000,341000
I-015956,O-04580,P-01,1,45000,45000
I-015957,O-04580,P-09,3,47500,142500
I-015958,O-04580,P-08,1,36000,36000
I-015959,O-04581,P-09,1,47500,47500
I-015960,O-04581,P-02,3,210000,630000
I-015961,O-04581,P-06,1,341000,341000
I-015962,O-04581,P-08,1,36000,36000
I-015963,O-04582,P-05,3,520000,1560000
I-015964,O-04582,P-10,2,28000,56000
I-015965,O-04583,P-08,3,36000,108000
I-015966,O-04583,P-02,2,210000,420000
I-015967,O-04583,P-03,1,62000,62000
I-015968,O-04583,P-06,1,341000,341000
I-015969,O-04584,P-10,2,28000,56000
I-015970,O-04584,P-02,1,210000,210000
I-015971,O-04584,P-08,3,36000,108000
I-015972,O-04584,P-01,3,45000,135000
I-015973,O-04584,P-03,3,62000,186000
I-015974,O-04585,P-03,2,62000,124000
I-015975,O-04585,P-05,2,520000,1040000
I-015976,O-04586,P-04,1,625000,625000
I-015977,O-04586,P-03,2,62000,124000
I-015978,O-04586,P-06,2,341000,682000
I-015979,O-04586,P-09,3,47500,142500
I-015980,O-04587,P-04,2,625000,1250000
I-015981,O-04587,P-06,2,341000,682000
I-015982,O-04588,P-06,3,341000,1023000
I-015983,O-04588,P-07,3,280000,840000
I-015984,O-04588,P-03,2,62000,124000
I-015985,O-04588,P-10,1,28000,28000
I-015986,O-04589,P-03,3,62000,186000
I-015987,O-04589,P-09,2,47500,95000
I-015988,O-04589,P-01,2,45000,90000
I-015989,O-04589,P-07,3,280000,840000
I-015990,O-04589,P-04,2,625000,1250000
I-015991,O-04590,P-02,1,210000,210000
I-015992,O-04590,P-04,2,625000,1250000
I-015993,O-04590,P-01,2,45000,90000
I-015994,O-04591,P-07,3,280000,840000
I-015995,O-04591,P-02,2,210000,420000
I-015996,O-04592,P-06,3,341000,1023000
I-015997,O-04592,P-07,3,280000,840000
I-015998,O-04592,P-04,2,625000,1250000
I-015999,O-04592,P-03,2,62000,124000
I-016000,O-04593,P-10,1,28000,28000
I-016001,O-04593,P-05,1,520000,520000
I-016002,O-04593,P-06,1,341000,341000
I-016003,O-04593,P-02,2,210000,420000
I-016004,O-04593,P-01,1,45000,45000
I-016005,O-04594,P-09,1,47500,47500
I-016006,O-04594,P-08,1,36000,36000
I-016007,O-04594,P-06,3,341000,1023000
I-016008,O-04594,P-03,1,62000,62000
I-016009,O-04594,P-04,2,625000,1250000
I-016010,O-04595,P-03,3,62000,186000
I-016011,O-04595,P-09,1,47500,47500
I-016012,O-04595,P-04,2,625000,1250000
I-016013,O-04595,P-05,3,520000,1560000
I-016014,O-04595,P-08,2,36000,72000
I-016015,O-04596,P-08,2,36000,72000
I-016016,O-04596,P-02,3,210000,630000
I-016017,O-04596,P-05,1,520000,520000
I-016018,O-04597,P-10,2,28000,56000
I-016019,O-04597,P-06,2,341000,682000
I-016020,O-04598,P-05,2,520000,1040000
I-016021,O-04598,P-06,2,341000,682000
I-016022,O-04598,P-07,2,280000,560000
I-016023,O-04598,P-08,3,36000,108000
I-016024,O-04599,P-03,1,62000,62000
I-016025,O-04599,P-08,1,36000,36000
I-016026,O-04600,P-06,3,341000,1023000
I-016027,O-04600,P-10,3,28000,84000
I-016028,O-04600,P-01,3,45000,135000
I-016029,O-04600,P-07,1,280000,280000
I-016030,O-04601,P-01,3,45000,135000
I-016031,O-04601,P-07,2,280000,560000
I-016032,O-04601,P-09,1,47500,47500
I-016033,O-04601,P-06,1,341000,341000
I-016034,O-04602,P-05,3,520000,1560000
I-016035,O-04602,P-08,2,36000,72000
I-016036,O-04602,P-02,3,210000,630000
I-016037,O-04603,P-03,1,62000,62000
I-016038,O-04603,P-08,1,36000,36000
I-016039,O-04604,P-03,3,62000,186000
I-016040,O-04604,P-02,2,210000,420000
I-016041,O-04604,P-10,1,28000,28000
I-016042,O-04604,P-09,1,47500,47500
I-016043,O-04604,P-06,1,341000,341000
I-016044,O-04605,P-02,1,210000,210000
I-016045,O-04605,P-03,2,62000,124000
I-016046,O-04605,P-04,1,625000,625000
I-016047,O-04605,P-05,3,520000,1560000
I-016048,O-04605,P-09,1,47500,47500
I-016049,O-04606,P-08,2,36000,72000
I-016050,O-04606,P-03,2,62000,124000
I-016051,O-04607,P-04,1,625000,625000
I-016052,O-04607,P-02,3,210000,630000
I-016053,O-04607,P-06,3,341000,1023000
I-016054,O-04607,P-10,1,28000,28000
I-016055,O-04608,P-03,1,62000,62000
I-016056,O-04608,P-05,3,520000,1560000
I-016057,O-04608,P-06,1,341000,341000
I-016058,O-04609,P-02,3,210000,630000
I-016059,O-04609,P-03,1,62000,62000
I-016060,O-04609,P-09,2,47500,95000
I-016061,O-04610,P-02,2,210000,420000
I-016062,O-04610,P-04,2,625000,1250000
I-016063,O-04610,P-08,3,36000,108000
I-016064,O-04611,P-01,3,45000,135000
I-016065,O-04611,P-08,1,36000,36000
I-016066,O-04611,P-06,3,341000,1023000
I-016067,O-04611,P-04,3,625000,1875000
I-016068,O-04612,P-01,2,45000,90000
I-016069,O-04612,P-10,1,28000,28000
I-016070,O-04613,P-04,2,625000,1250000
I-016071,O-04613,P-06,1,341000,341000
I-016072,O-04613,P-05,2,520000,1040000
I-016073,O-04613,P-02,3,210000,630000
I-016074,O-04614,P-04,2,625000,1250000
I-016075,O-04614,P-01,3,45000,135000
I-016076,O-04614,P-02,3,210000,630000
I-016077,O-04614,P-10,3,28000,84000
I-016078,O-04615,P-09,2,47500,95000
I-016079,O-04615,P-02,3,210000,630000
I-016080,O-04615,P-10,2,28000,56000
I-016081,O-04615,P-05,2,520000,1040000
I-016082,O-04615,P-04,1,625000,625000
I-016083,O-04616,P-08,2,36000,72000
I-016084,O-04616,P-06,1,341000,341000
I-016085,O-04616,P-02,1,210000,210000
I-016086,O-04616,P-10,1,28000,28000
I-016087,O-04616,P-07,2,280000,560000
I-016088,O-04617,P-05,2,520000,1040000
I-016089,O-04617,P-06,3,341000,1023000
I-016090,O-04618,P-07,3,280000,840000
I-016091,O-04618,P-08,1,36000,36000
I-016092,O-04618,P-10,1,28000,28000
I-016093,O-04619,P-01,2,45000,90000
I-016094,O-04619,P-05,3,520000,1560000
I-016095,O-04620,P-06,3,341000,1023000
I-016096,O-04620,P-02,2,210000,420000
I-016097,O-04620,P-01,2,45000,90000
I-016098,O-04621,P-03,2,62000,124000
I-016099,O-04621,P-07,1,280000,280000
I-016100,O-04622,P-01,1,45000,45000
I-016101,O-04622,P-03,3,62000,186000
I-016102,O-04622,P-05,3,520000,1560000
I-016103,O-04622,P-09,3,47500,142500
I-016104,O-04622,P-04,1,625000,625000
I-016105,O-04623,P-02,2,210000,420000
I-016106,O-04623,P-05,3,520000,1560000
I-016107,O-04624,P-10,3,28000,84000
I-016108,O-04624,P-06,2,341000,682000
I-016109,O-04624,P-07,2,280000,560000
I-016110,O-04624,P-08,1,36000,36000
I-016111,O-04625,P-07,1,280000,280000
I-016112,O-04625,P-09,3,47500,142500
I-016113,O-04625,P-08,3,36000,108000
I-016114,O-04626,P-01,1,45000,45000
I-016115,O-04626,P-08,2,36000,72000
I-016116,O-04626,P-05,1,520000,520000
I-016117,O-04626,P-04,2,625000,1250000
I-016118,O-04627,P-08,3,36000,108000
I-016119,O-04627,P-09,2,47500,95000
I-016120,O-04627,P-01,3,45000,135000
I-016121,O-04627,P-02,1,210000,210000
I-016122,O-04628,P-08,3,36000,108000
I-016123,O-04628,P-02,3,210000,630000
I-016124,O-04629,P-02,1,210000,210000
I-016125,O-04629,P-08,2,36000,72000
I-016126,O-04629,P-07,1,280000,280000
I-016127,O-04629,P-03,3,62000,186000
I-016128,O-04630,P-06,1,341000,341000
I-016129,O-04630,P-07,1,280000,280000
I-016130,O-04630,P-03,3,62000,186000
I-016131,O-04631,P-01,3,45000,135000
I-016132,O-04631,P-10,3,28000,84000
I-016133,O-04631,P-02,3,210000,630000
I-016134,O-04631,P-07,3,280000,840000
I-016135,O-04632,P-05,2,520000,1040000
I-016136,O-04632,P-08,3,36000,108000
I-016137,O-04633,P-08,3,36000,108000
I-016138,O-04633,P-10,3,28000,84000
I-016139,O-04633,P-02,2,210000,420000
I-016140,O-04633,P-09,1,47500,47500
I-016141,O-04633,P-04,3,625000,1875000
I-016142,O-04634,P-07,1,280000,280000
I-016143,O-04634,P-03,1,62000,62000
I-016144,O-04634,P-09,2,47500,95000
I-016145,O-04635,P-06,1,341000,341000
I-016146,O-04635,P-02,3,210000,630000
I-016147,O-04635,P-09,3,47500,142500
I-016148,O-04636,P-05,2,520000,1040000
I-016149,O-04636,P-01,3,45000,135000
I-016150,O-04636,P-04,2,625000,1250000
I-016151,O-04637,P-09,2,47500,95000
I-016152,O-04637,P-01,3,45000,135000
I-016153,O-04637,P-02,3,210000,630000
I-016154,O-04637,P-08,1,36000,36000
I-016155,O-04638,P-01,2,45000,90000
I-016156,O-04638,P-04,2,625000,1250000
I-016157,O-04638,P-05,3,520000,1560000
I-016158,O-04638,P-02,3,210000,630000
I-016159,O-04638,P-09,3,47500,142500
I-016160,O-04639,P-01,2,45000,90000
I-016161,O-04639,P-06,2,341000,682000
I-016162,O-04639,P-03,2,62000,124000
I-016163,O-04640,P-04,3,625000,1875000
I-016164,O-04640,P-10,3,28000,84000
I-016165,O-04641,P-03,1,62000,62000
I-016166,O-04641,P-06,3,341000,1023000
I-016167,O-04641,P-01,1,45000,45000
I-016168,O-04641,P-07,3,280000,840000
I-016169,O-04641,P-09,2,47500,95000
I-016170,O-04642,P-06,3,341000,1023000
I-016171,O-04642,P-02,2,210000,420000
I-016172,O-04642,P-09,1,47500,47500
I-016173,O-04642,P-03,2,62000,124000
I-016174,O-04643,P-06,3,341000,1023000
I-016175,O-04643,P-02,3,210000,630000
I-016176,O-04643,P-09,3,47500,142500
I-016177,O-04644,P-04,3,625000,1875000
I-016178,O-04644,P-06,2,341000,682000
I-016179,O-04644,P-01,3,45000,135000
I-016180,O-04645,P-05,2,520000,1040000
I-016181,O-04645,P-09,2,47500,95000
I-016182,O-04645,P-10,2,28000,56000
I-016183,O-04646,P-03,3,62000,186000
I-016184,O-04646,P-10,3,28000,84000
I-016185,O-04647,P-06,1,341000,341000
I-016186,O-04647,P-05,1,520000,520000
I-016187,O-04647,P-07,3,280000,840000
I-016188,O-04648,P-10,1,28000,28000
I-016189,O-04648,P-05,3,520000,1560000
I-016190,O-04648,P-08,1,36000,36000
I-016191,O-04648,P-01,1,45000,45000
I-016192,O-04649,P-07,3,280000,840000
I-016193,O-04649,P-05,2,520000,1040000
I-016194,O-04649,P-03,2,62000,124000
I-016195,O-04649,P-04,2,625000,1250000
I-016196,O-04649,P-10,1,28000,28000
I-016197,O-04650,P-05,1,520000,520000
I-016198,O-04650,P-04,3,625000,1875000
I-016199,O-04650,P-06,2,341000,682000
I-016200,O-04650,P-01,3,45000,135000
I-016201,O-04651,P-04,1,625000,625000
I-016202,O-04651,P-07,2,280000,560000
I-016203,O-04652,P-02,2,210000,420000
I-016204,O-04652,P-08,2,36000,72000
I-016205,O-04652,P-10,2,28000,56000
I-016206,O-04652,P-03,1,62000,62000
I-016207,O-04653,P-10,1,28000,28000
I-016208,O-04653,P-03,1,62000,62000
I-016209,O-04653,P-09,1,47500,47500
I-016210,O-04653,P-08,3,36000,108000
I-016211,O-04653,P-01,3,45000,135000
I-016212,O-04654,P-09,2,47500,95000
I-016213,O-04654,P-01,2,45000,90000
I-016214,O-04654,P-05,1,520000,520000
I-016215,O-04654,P-08,1,36000,36000
I-016216,O-04654,P-06,2,341000,682000
I-016217,O-04655,P-09,3,47500,142500
I-016218,O-04655,P-01,2,45000,90000
I-016219,O-04655,P-02,1,210000,210000
I-016220,O-04655,P-10,1,28000,28000
I-016221,O-04656,P-01,1,45000,45000
I-016222,O-04656,P-02,3,210000,630000
I-016223,O-04656,P-06,1,341000,341000
I-016224,O-04656,P-05,2,520000,1040000
I-016225,O-04657,P-02,1,210000,210000
I-016226,O-04657,P-10,2,28000,56000
I-016227,O-04657,P-01,1,45000,45000
I-016228,O-04657,P-03,1,62000,62000
I-016229,O-04657,P-04,3,625000,1875000
I-016230,O-04658,P-05,2,520000,1040000
I-016231,O-04658,P-04,3,625000,1875000
I-016232,O-04658,P-06,1,341000,341000
I-016233,O-04658,P-10,2,28000,56000
I-016234,O-04659,P-05,2,520000,1040000
I-016235,O-04659,P-04,2,625000,1250000
I-016236,O-04659,P-08,3,36000,108000
I-016237,O-04659,P-09,2,47500,95000
I-016238,O-04659,P-06,3,341000,1023000
I-016239,O-04660,P-03,1,62000,62000
I-016240,O-04660,P-02,3,210000,630000
I-016241,O-04660,P-01,1,45000,45000
I-016242,O-04661,P-02,2,210000,420000
I-016243,O-04661,P-05,3,520000,1560000
I-016244,O-04661,P-10,3,28000,84000
I-016245,O-04661,P-07,1,280000,280000
I-016246,O-04661,P-09,3,47500,142500
I-016247,O-04662,P-09,2,47500,95000
I-016248,O-04662,P-01,1,45000,45000
I-016249,O-04663,P-03,2,62000,124000
I-016250,O-04663,P-08,2,36000,72000
I-016251,O-04663,P-04,1,625000,625000
I-016252,O-04664,P-01,3,45000,135000
I-016253,O-04664,P-09,1,47500,47500
I-016254,O-04664,P-07,2,280000,560000
I-016255,O-04665,P-03,1,62000,62000
I-016256,O-04665,P-06,1,341000,341000
I-016257,O-04665,P-05,3,520000,1560000
I-016258,O-04666,P-07,1,280000,280000
I-016259,O-04666,P-06,2,341000,682000
I-016260,O-04666,P-01,1,45000,45000
I-016261,O-04666,P-10,1,28000,28000
I-016262,O-04667,P-03,2,62000,124000
I-016263,O-04667,P-05,2,520000,1040000
I-016264,O-04667,P-04,1,625000,625000
I-016265,O-04668,P-10,2,28000,56000
I-016266,O-04668,P-04,2,625000,1250000
I-016267,O-04668,P-03,3,62000,186000
I-016268,O-04669,P-07,2,280000,560000
I-016269,O-04669,P-03,1,62000,62000
I-016270,O-04669,P-04,3,625000,1875000
I-016271,O-04670,P-09,2,47500,95000
I-016272,O-04670,P-05,2,520000,1040000
I-016273,O-04670,P-01,3,45000,135000
I-016274,O-04671,P-03,2,62000,124000
I-016275,O-04671,P-10,2,28000,56000
I-016276,O-04671,P-09,2,47500,95000
I-016277,O-04671,P-04,1,625000,625000
I-016278,O-04671,P-07,2,280000,560000
I-016279,O-04672,P-10,2,28000,56000
I-016280,O-04672,P-05,1,520000,520000
I-016281,O-04672,P-03,1,62000,62000
I-016282,O-04673,P-01,1,45000,45000
I-016283,O-04673,P-04,1,625000,625000
I-016284,O-04673,P-08,3,36000,108000
I-016285,O-04673,P-05,2,520000,1040000
I-016286,O-04673,P-06,3,341000,1023000
I-016287,O-04674,P-09,3,47500,142500
I-016288,O-04674,P-10,2,28000,56000
I-016289,O-04674,P-08,1,36000,36000
I-016290,O-04674,P-02,1,210000,210000
I-016291,O-04675,P-07,1,280000,280000
I-016292,O-04675,P-02,1,210000,210000
I-016293,O-04675,P-08,1,36000,36000
I-016294,O-04675,P-05,1,520000,520000
I-016295,O-04675,P-01,2,45000,90000
I-016296,O-04676,P-02,3,210000,630000
I-016297,O-04676,P-07,2,280000,560000
I-016298,O-04677,P-07,2,280000,560000
I-016299,O-04677,P-01,2,45000,90000
I-016300,O-04678,P-10,3,28000,84000
I-016301,O-04678,P-02,1,210000,210000
I-016302,O-04678,P-09,2,47500,95000
I-016303,O-04679,P-03,3,62000,186000
I-016304,O-04679,P-06,1,341000,341000
I-016305,O-04679,P-05,3,520000,1560000
I-016306,O-04679,P-08,1,36000,36000
I-016307,O-04680,P-06,3,341000,1023000
I-016308,O-04680,P-01,1,45000,45000
I-016309,O-04680,P-05,3,520000,1560000
I-016310,O-04680,P-08,1,36000,36000
I-016311,O-04681,P-01,1,45000,45000
I-016312,O-04681,P-09,3,47500,142500
I-016313,O-04681,P-10,3,28000,84000
I-016314,O-04682,P-10,2,28000,56000
I-016315,O-04682,P-08,1,36000,36000
I-016316,O-04682,P-01,2,45000,90000
I-016317,O-04682,P-07,3,280000,840000
I-016318,O-04683,P-10,3,28000,84000
I-016319,O-04683,P-05,1,520000,520000
I-016320,O-04684,P-08,2,36000,72000
I-016321,O-04684,P-06,2,341000,682000
I-016322,O-04684,P-09,3,47500,142500
I-016323,O-04684,P-04,1,625000,625000
I-016324,O-04684,P-10,3,28000,84000
I-016325,O-04685,P-03,2,62000,124000
I-016326,O-04685,P-08,1,36000,36000
I-016327,O-04685,P-10,1,28000,28000
I-016328,O-04685,P-04,2,625000,1250000
I-016329,O-04686,P-10,3,28000,84000
I-016330,O-04686,P-05,2,520000,1040000
I-016331,O-04686,P-01,1,45000,45000
I-016332,O-04686,P-03,3,62000,186000
I-016333,O-04687,P-01,1,45000,45000
I-016334,O-04687,P-10,1,28000,28000
I-016335,O-04687,P-04,3,625000,1875000
I-016336,O-04687,P-03,2,62000,124000
I-016337,O-04687,P-07,2,280000,560000
I-016338,O-04688,P-10,2,28000,56000
I-016339,O-04688,P-02,2,210000,420000
I-016340,O-04688,P-01,3,45000,135000
I-016341,O-04689,P-04,1,625000,625000
I-016342,O-04689,P-03,3,62000,186000
I-016343,O-04689,P-07,2,280000,560000
I-016344,O-04689,P-05,2,520000,1040000
I-016345,O-04690,P-03,3,62000,186000
I-016346,O-04690,P-07,3,280000,840000
I-016347,O-04691,P-08,2,36000,72000
I-016348,O-04691,P-04,1,625000,625000
I-016349,O-04691,P-10,2,28000,56000
I-016350,O-04691,P-03,3,62000,186000
I-016351,O-04691,P-02,1,210000,210000
I-016352,O-04692,P-07,3,280000,840000
I-016353,O-04692,P-06,3,341000,1023000
I-016354,O-04692,P-04,1,625000,625000
I-016355,O-04692,P-03,3,62000,186000
I-016356,O-04693,P-02,1,210000,210000
I-016357,O-04693,P-09,1,47500,47500
I-016358,O-04693,P-07,1,280000,280000
I-016359,O-04693,P-10,3,28000,84000
I-016360,O-04694,P-02,1,210000,210000
I-016361,O-04694,P-09,2,47500,95000
I-016362,O-04694,P-06,3,341000,1023000
I-016363,O-04695,P-03,3,62000,186000
I-016364,O-04695,P-08,3,36000,108000
I-016365,O-04696,P-09,1,47500,47500
I-016366,O-04696,P-02,2,210000,420000
I-016367,O-04696,P-10,1,28000,28000
I-016368,O-04696,P-08,3,36000,108000
I-016369,O-04697,P-09,1,47500,47500
I-016370,O-04697,P-06,1,341000,341000
I-016371,O-04697,P-01,1,45000,45000
I-016372,O-04697,P-04,3,625000,1875000
I-016373,O-04698,P-04,2,625000,1250000
I-016374,O-04698,P-10,1,28000,28000
I-016375,O-04699,P-06,2,341000,682000
I-016376,O-04699,P-05,3,520000,1560000
I-016377,O-04699,P-03,1,62000,62000
I-016378,O-04699,P-07,2,280000,560000
I-016379,O-04700,P-10,1,28000,28000
I-016380,O-04700,P-03,2,62000,124000
I-016381,O-04700,P-05,1,520000,520000
I-016382,O-04700,P-06,2,341000,682000
I-016383,O-04700,P-04,2,625000,1250000
I-016384,O-04701,P-10,3,28000,84000
I-016385,O-04701,P-05,3,520000,1560000
I-016386,O-04701,P-01,3,45000,135000
I-016387,O-04702,P-02,1,210000,210000
I-016388,O-04702,P-03,2,62000,124000
I-016389,O-04702,P-04,1,625000,625000
I-016390,O-04702,P-10,2,28000,56000
I-016391,O-04703,P-08,2,36000,72000
I-016392,O-04703,P-03,2,62000,124000
I-016393,O-04703,P-09,1,47500,47500
I-016394,O-04703,P-06,1,341000,341000
I-016395,O-04704,P-01,1,45000,45000
I-016396,O-04704,P-07,2,280000,560000
I-016397,O-04704,P-06,3,341000,1023000
I-016398,O-04704,P-05,3,520000,1560000
I-016399,O-04705,P-02,1,210000,210000
I-016400,O-04705,P-03,2,62000,124000
I-016401,O-04705,P-08,3,36000,108000
I-016402,O-04705,P-05,1,520000,520000
I-016403,O-04705,P-04,3,625000,1875000
I-016404,O-04706,P-03,1,62000,62000
I-016405,O-04706,P-06,2,341000,682000
I-016406,O-04706,P-01,3,45000,135000
I-016407,O-04706,P-08,3,36000,108000
I-016408,O-04707,P-06,2,341000,682000
I-016409,O-04707,P-09,1,47500,47500
I-016410,O-04708,P-05,1,520000,520000
I-016411,O-04708,P-01,1,45000,45000
I-016412,O-04709,P-04,1,625000,625000
I-016413,O-04709,P-03,1,62000,62000
I-016414,O-04710,P-06,3,341000,1023000
I-016415,O-04710,P-08,1,36000,36000
I-016416,O-04711,P-09,2,47500,95000
I-016417,O-04711,P-01,2,45000,90000
I-016418,O-04712,P-02,1,210000,210000
I-016419,O-04712,P-01,3,45000,135000
I-016420,O-04713,P-01,2,45000,90000
I-016421,O-04713,P-02,3,210000,630000
I-016422,O-04713,P-06,2,341000,682000
I-016423,O-04713,P-07,2,280000,560000
I-016424,O-04714,P-07,3,280000,840000
I-016425,O-04714,P-10,1,28000,28000
I-016426,O-04714,P-04,2,625000,1250000
I-016427,O-04714,P-09,1,47500,47500
I-016428,O-04714,P-02,1,210000,210000
I-016429,O-04715,P-10,2,28000,56000
I-016430,O-04715,P-09,2,47500,95000
I-016431,O-04716,P-09,3,47500,142500
I-016432,O-04716,P-08,1,36000,36000
I-016433,O-04716,P-05,1,520000,520000
I-016434,O-04717,P-03,3,62000,186000
I-016435,O-04717,P-01,1,45000,45000
I-016436,O-04717,P-06,1,341000,341000
I-016437,O-04718,P-10,3,28000,84000
I-016438,O-04718,P-01,1,45000,45000
I-016439,O-04718,P-05,3,520000,1560000
I-016440,O-04718,P-02,2,210000,420000
I-016441,O-04718,P-03,1,62000,62000
I-016442,O-04719,P-01,2,45000,90000
I-016443,O-04719,P-04,1,625000,625000
I-016444,O-04719,P-06,3,341000,1023000
I-016445,O-04720,P-09,2,47500,95000
I-016446,O-04720,P-06,1,341000,341000
I-016447,O-04720,P-01,2,45000,90000
I-016448,O-04721,P-05,3,520000,1560000
I-016449,O-04721,P-07,2,280000,560000
I-016450,O-04722,P-08,3,36000,108000
I-016451,O-04722,P-05,1,520000,520000
I-016452,O-04723,P-04,1,625000,625000
I-016453,O-04723,P-02,1,210000,210000
I-016454,O-04723,P-08,1,36000,36000
I-016455,O-04723,P-06,1,341000,341000
I-016456,O-04723,P-10,2,28000,56000
I-016457,O-04724,P-09,3,47500,142500
I-016458,O-04724,P-02,1,210000,210000
I-016459,O-04724,P-01,3,45000,135000
I-016460,O-04725,P-03,2,62000,124000
I-016461,O-04725,P-01,2,45000,90000
I-016462,O-04725,P-09,1,47500,47500
I-016463,O-04725,P-04,1,625000,625000
I-016464,O-04726,P-09,3,47500,142500
I-016465,O-04726,P-01,1,45000,45000
I-016466,O-04726,P-02,2,210000,420000
I-016467,O-04726,P-06,2,341000,682000
I-016468,O-04727,P-07,3,280000,840000
I-016469,O-04727,P-02,1,210000,210000
I-016470,O-04727,P-05,2,520000,1040000
I-016471,O-04727,P-10,3,28000,84000
I-016472,O-04727,P-09,2,47500,95000
I-016473,O-04728,P-06,1,341000,341000
I-016474,O-04728,P-05,3,520000,1560000
I-016475,O-04728,P-03,2,62000,124000
I-016476,O-04729,P-04,3,625000,1875000
I-016477,O-04729,P-08,2,36000,72000
I-016478,O-04730,P-08,1,36000,36000
I-016479,O-04730,P-03,2,62000,124000
I-016480,O-04730,P-10,2,28000,56000
I-016481,O-04731,P-09,3,47500,142500
I-016482,O-04731,P-02,2,210000,420000
I-016483,O-04731,P-08,1,36000,36000
I-016484,O-04731,P-04,1,625000,625000
I-016485,O-04731,P-03,2,62000,124000
I-016486,O-04732,P-06,1,341000,341000
I-016487,O-04732,P-09,1,47500,47500
I-016488,O-04732,P-04,3,625000,1875000
I-016489,O-04732,P-07,2,280000,560000
I-016490,O-04732,P-05,1,520000,520000
I-016491,O-04733,P-02,3,210000,630000
I-016492,O-04733,P-04,3,625000,1875000
I-016493,O-04733,P-01,1,45000,45000
I-016494,O-04733,P-05,3,520000,1560000
I-016495,O-04734,P-05,2,520000,1040000
I-016496,O-04734,P-03,1,62000,62000
I-016497,O-04734,P-08,1,36000,36000
I-016498,O-04735,P-04,1,625000,625000
I-016499,O-04735,P-03,2,62000,124000
I-016500,O-04735,P-08,2,36000,72000
I-016501,O-04735,P-09,1,47500,47500
I-016502,O-04735,P-06,3,341000,1023000
I-016503,O-04736,P-06,1,341000,341000
I-016504,O-04736,P-07,1,280000,280000
I-016505,O-04737,P-06,3,341000,1023000
I-016506,O-04737,P-05,2,520000,1040000
I-016507,O-04737,P-09,1,47500,47500
I-016508,O-04737,P-03,1,62000,62000
I-016509,O-04738,P-01,2,45000,90000
I-016510,O-04738,P-09,2,47500,95000
I-016511,O-04739,P-02,2,210000,420000
I-016512,O-04739,P-01,1,45000,45000
I-016513,O-04739,P-03,3,62000,186000
I-016514,O-04739,P-06,3,341000,1023000
I-016515,O-04740,P-04,1,625000,625000
I-016516,O-04740,P-09,2,47500,95000
I-016517,O-04741,P-10,1,28000,28000
I-016518,O-04741,P-03,1,62000,62000
I-016519,O-04742,P-05,2,520000,1040000
I-016520,O-04742,P-08,3,36000,108000
I-016521,O-04743,P-02,3,210000,630000
I-016522,O-04743,P-03,1,62000,62000
I-016523,O-04743,P-05,2,520000,1040000
I-016524,O-04743,P-06,2,341000,682000
I-016525,O-04744,P-03,3,62000,186000
I-016526,O-04744,P-05,2,520000,1040000
I-016527,O-04744,P-08,2,36000,72000
I-016528,O-04744,P-01,3,45000,135000
I-016529,O-04745,P-10,3,28000,84000
I-016530,O-04745,P-05,2,520000,1040000
I-016531,O-04745,P-01,1,45000,45000
I-016532,O-04746,P-08,1,36000,36000
I-016533,O-04746,P-05,1,520000,520000
I-016534,O-04746,P-06,1,341000,341000
I-016535,O-04746,P-07,3,280000,840000
I-016536,O-04746,P-01,2,45000,90000
I-016537,O-04747,P-01,2,45000,90000
I-016538,O-04747,P-10,2,28000,56000
I-016539,O-04747,P-09,2,47500,95000
I-016540,O-04747,P-07,1,280000,280000
I-016541,O-04747,P-04,1,625000,625000
I-016542,O-04748,P-01,3,45000,135000
I-016543,O-04748,P-03,2,62000,124000
I-016544,O-04748,P-06,2,341000,682000
I-016545,O-04748,P-08,3,36000,108000
I-016546,O-04748,P-05,2,520000,1040000
I-016547,O-04749,P-08,2,36000,72000
I-016548,O-04749,P-01,1,45000,45000
I-016549,O-04749,P-09,2,47500,95000
I-016550,O-04749,P-06,3,341000,1023000
I-016551,O-04750,P-07,1,280000,280000
I-016552,O-04750,P-01,2,45000,90000
I-016553,O-04750,P-10,1,28000,28000
I-016554,O-04751,P-06,1,341000,341000
I-016555,O-04751,P-10,2,28000,56000
I-016556,O-04751,P-05,1,520000,520000
I-016557,O-04751,P-04,2,625000,1250000
I-016558,O-04752,P-09,2,47500,95000
I-016559,O-04752,P-02,1,210000,210000
I-016560,O-04753,P-06,2,341000,682000
I-016561,O-04753,P-09,1,47500,47500
I-016562,O-04753,P-04,1,625000,625000
I-016563,O-04753,P-05,2,520000,1040000
I-016564,O-04753,P-07,1,280000,280000
I-016565,O-04754,P-06,2,341000,682000
I-016566,O-04754,P-03,1,62000,62000
I-016567,O-04754,P-04,3,625000,1875000
I-016568,O-04755,P-10,3,28000,84000
I-016569,O-04755,P-07,2,280000,560000
I-016570,O-04756,P-07,1,280000,280000
I-016571,O-04756,P-01,3,45000,135000
I-016572,O-04756,P-05,1,520000,520000
I-016573,O-04756,P-02,1,210000,210000
I-016574,O-04757,P-06,1,341000,341000
I-016575,O-04757,P-04,2,625000,1250000
I-016576,O-04757,P-10,2,28000,56000
I-016577,O-04757,P-02,3,210000,630000
I-016578,O-04757,P-01,1,45000,45000
I-016579,O-04758,P-07,3,280000,840000
I-016580,O-04758,P-04,2,625000,1250000
I-016581,O-04759,P-06,3,341000,1023000
I-016582,O-04759,P-09,1,47500,47500
I-016583,O-04759,P-07,3,280000,840000
I-016584,O-04759,P-05,2,520000,1040000
I-016585,O-04760,P-03,3,62000,186000
I-016586,O-04760,P-09,3,47500,142500
I-016587,O-04760,P-07,3,280000,840000
I-016588,O-04760,P-06,3,341000,1023000
I-016589,O-04761,P-10,3,28000,84000
I-016590,O-04761,P-06,2,341000,682000
I-016591,O-04761,P-08,2,36000,72000
I-016592,O-04762,P-09,3,47500,142500
I-016593,O-04762,P-10,1,28000,28000
I-016594,O-04762,P-04,2,625000,1250000
I-016595,O-04762,P-06,3,341000,1023000
I-016596,O-04762,P-03,2,62000,124000
I-016597,O-04763,P-03,1,62000,62000
I-016598,O-04763,P-02,3,210000,630000
I-016599,O-04763,P-04,1,625000,625000
I-016600,O-04763,P-08,3,36000,108000
I-016601,O-04764,P-01,2,45000,90000
I-016602,O-04764,P-10,3,28000,84000
I-016603,O-04765,P-08,2,36000,72000
I-016604,O-04765,P-04,1,625000,625000
I-016605,O-04765,P-01,1,45000,45000
I-016606,O-04766,P-01,3,45000,135000
I-016607,O-04766,P-09,2,47500,95000
I-016608,O-04766,P-05,1,520000,520000
I-016609,O-04766,P-10,3,28000,84000
I-016610,O-04767,P-08,1,36000,36000
I-016611,O-04767,P-05,2,520000,1040000
I-016612,O-04767,P-10,1,28000,28000
I-016613,O-04768,P-06,1,341000,341000
I-016614,O-04768,P-08,2,36000,72000
I-016615,O-04768,P-10,2,28000,56000
I-016616,O-04768,P-07,2,280000,560000
I-016617,O-04768,P-04,2,625000,1250000
I-016618,O-04769,P-07,2,280000,560000
I-016619,O-04769,P-08,2,36000,72000
I-016620,O-04769,P-06,3,341000,1023000
I-016621,O-04769,P-03,3,62000,186000
I-016622,O-04769,P-10,1,28000,28000
I-016623,O-04770,P-01,1,45000,45000
I-016624,O-04770,P-10,1,28000,28000
I-016625,O-04770,P-09,1,47500,47500
I-016626,O-04770,P-02,1,210000,210000
I-016627,O-04771,P-10,2,28000,56000
I-016628,O-04771,P-04,2,625000,1250000
I-016629,O-04772,P-01,2,45000,90000
I-016630,O-04772,P-06,3,341000,1023000
I-016631,O-04772,P-07,3,280000,840000
I-016632,O-04772,P-03,3,62000,186000
I-016633,O-04772,P-02,1,210000,210000
I-016634,O-04773,P-03,1,62000,62000
I-016635,O-04773,P-05,1,520000,520000
I-016636,O-04773,P-04,2,625000,1250000
I-016637,O-04773,P-08,3,36000,108000
I-016638,O-04773,P-10,3,28000,84000
I-016639,O-04774,P-07,1,280000,280000
I-016640,O-04774,P-02,1,210000,210000
I-016641,O-04774,P-01,1,45000,45000
I-016642,O-04774,P-05,2,520000,1040000
I-016643,O-04775,P-02,2,210000,420000
I-016644,O-04775,P-09,3,47500,142500
I-016645,O-04775,P-06,3,341000,1023000
I-016646,O-04776,P-03,3,62000,186000
I-016647,O-04776,P-08,2,36000,72000
I-016648,O-04777,P-01,1,45000,45000
I-016649,O-04777,P-02,1,210000,210000
I-016650,O-04777,P-04,1,625000,625000
I-016651,O-04777,P-07,1,280000,280000
I-016652,O-04778,P-05,1,520000,520000
I-016653,O-04778,P-07,3,280000,840000
I-016654,O-04778,P-08,1,36000,36000
I-016655,O-04779,P-02,1,210000,210000
I-016656,O-04779,P-06,2,341000,682000
I-016657,O-04779,P-03,1,62000,62000
I-016658,O-04779,P-05,3,520000,1560000
I-016659,O-04780,P-07,2,280000,560000
I-016660,O-04780,P-02,2,210000,420000
I-016661,O-04781,P-03,2,62000,124000
I-016662,O-04781,P-09,1,47500,47500
I-016663,O-04782,P-02,3,210000,630000
I-016664,O-04782,P-06,3,341000,1023000
I-016665,O-04782,P-03,1,62000,62000
I-016666,O-04782,P-08,1,36000,36000
I-016667,O-04782,P-05,3,520000,1560000
I-016668,O-04783,P-05,2,520000,1040000
I-016669,O-04783,P-02,2,210000,420000
I-016670,O-04783,P-09,3,47500,142500
I-016671,O-04783,P-08,3,36000,108000
I-016672,O-04784,P-02,2,210000,420000
I-016673,O-04784,P-06,2,341000,682000
I-016674,O-04784,P-01,3,45000,135000
I-016675,O-04785,P-09,1,47500,47500
I-016676,O-04785,P-01,3,45000,135000
I-016677,O-04785,P-07,2,280000,560000
I-016678,O-04785,P-02,3,210000,630000
I-016679,O-04785,P-05,1,520000,520000
I-016680,O-04786,P-08,2,36000,72000
I-016681,O-04786,P-04,1,625000,625000
I-016682,O-04786,P-09,3,47500,142500
I-016683,O-04786,P-06,3,341000,1023000
I-016684,O-04787,P-02,1,210000,210000
I-016685,O-04787,P-08,2,36000,72000
I-016686,O-04787,P-07,3,280000,840000
I-016687,O-04787,P-01,2,45000,90000
I-016688,O-04788,P-04,3,625000,1875000
I-016689,O-04788,P-09,3,47500,142500
I-016690,O-04789,P-10,3,28000,84000
I-016691,O-04789,P-06,3,341000,1023000
I-016692,O-04789,P-05,1,520000,520000
I-016693,O-04789,P-03,1,62000,62000
I-016694,O-04789,P-01,1,45000,45000
I-016695,O-04790,P-03,1,62000,62000
I-016696,O-04790,P-04,1,625000,625000
I-016697,O-04791,P-10,2,28000,56000
I-016698,O-04791,P-01,3,45000,135000
I-016699,O-04791,P-04,3,625000,1875000
I-016700,O-04792,P-07,3,280000,840000
I-016701,O-04792,P-04,2,625000,1250000
I-016702,O-04792,P-06,2,341000,682000
I-016703,O-04793,P-07,2,280000,560000
I-016704,O-04793,P-05,3,520000,1560000
I-016705,O-04793,P-10,2,28000,56000
I-016706,O-04793,P-09,2,47500,95000
I-016707,O-04793,P-03,2,62000,124000
I-016708,O-04794,P-08,3,36000,108000
I-016709,O-04794,P-03,1,62000,62000
I-016710,O-04794,P-10,2,28000,56000
I-016711,O-04794,P-09,3,47500,142500
I-016712,O-04795,P-01,1,45000,45000
I-016713,O-04795,P-02,3,210000,630000
I-016714,O-04795,P-04,2,625000,1250000
I-016715,O-04795,P-08,1,36000,36000
I-016716,O-04795,P-05,2,520000,1040000
I-016717,O-04796,P-09,2,47500,95000
I-016718,O-04796,P-10,1,28000,28000
I-016719,O-04797,P-10,3,28000,84000
I-016720,O-04797,P-04,1,625000,625000
I-016721,O-04797,P-02,2,210000,420000
I-016722,O-04797,P-01,1,45000,45000
I-016723,O-04797,P-05,1,520000,520000
I-016724,O-04798,P-06,1,341000,341000
I-016725,O-04798,P-10,3,28000,84000
I-016726,O-04798,P-05,2,520000,1040000
I-016727,O-04799,P-05,1,520000,520000
I-016728,O-04799,P-10,3,28000,84000
I-016729,O-04799,P-06,3,341000,1023000
I-016730,O-04799,P-03,1,62000,62000
I-016731,O-04799,P-01,1,45000,45000
I-016732,O-04800,P-07,1,280000,280000
I-016733,O-04800,P-06,2,341000,682000
I-016734,O-04800,P-10,2,28000,56000
I-016735,O-04800,P-04,3,625000,1875000
I-016736,O-04801,P-07,2,280000,560000
I-016737,O-04801,P-03,1,62000,62000
I-016738,O-04801,P-10,1,28000,28000
I-016739,O-04801,P-04,1,625000,625000
I-016740,O-04801,P-08,2,36000,72000
I-016741,O-04802,P-02,3,210000,630000
I-016742,O-04802,P-05,1,520000,520000
I-016743,O-04803,P-04,1,625000,625000
I-016744,O-04803,P-03,3,62000,186000
I-016745,O-04804,P-06,3,341000,1023000
I-016746,O-04804,P-08,1,36000,36000
I-016747,O-04804,P-07,1,280000,280000
I-016748,O-04804,P-01,1,45000,45000
I-016749,O-04805,P-06,3,341000,1023000
I-016750,O-04805,P-03,3,62000,186000
I-016751,O-04805,P-09,2,47500,95000
I-016752,O-04806,P-09,2,47500,95000
I-016753,O-04806,P-10,2,28000,56000
I-016754,O-04807,P-02,2,210000,420000
I-016755,O-04807,P-04,3,625000,1875000
I-016756,O-04807,P-08,1,36000,36000
I-016757,O-04808,P-06,1,341000,341000
I-016758,O-04808,P-07,2,280000,560000
I-016759,O-04808,P-08,1,36000,36000
I-016760,O-04809,P-01,3,45000,135000
I-016761,O-04809,P-02,2,210000,420000
I-016762,O-04809,P-07,3,280000,840000
I-016763,O-04809,P-10,2,28000,56000
I-016764,O-04809,P-05,3,520000,1560000
I-016765,O-04810,P-02,3,210000,630000
I-016766,O-04810,P-01,2,45000,90000
I-016767,O-04811,P-04,3,625000,1875000
I-016768,O-04811,P-10,2,28000,56000
I-016769,O-04811,P-09,2,47500,95000
I-016770,O-04812,P-03,1,62000,62000
I-016771,O-04812,P-07,2,280000,560000
I-016772,O-04813,P-04,1,625000,625000
I-016773,O-04813,P-05,1,520000,520000
I-016774,O-04813,P-01,2,45000,90000
I-016775,O-04813,P-03,1,62000,62000
